Z,c,T_K,qdot_Jm3s
0.034038,0.000000,300.0000,5.6473e+03
0.034038,0.005275,309.7375,4.2992e+02
0.034038,0.010489,319.4098,1.8856e+03
0.034038,0.015716,329.0172,4.4522e+03
0.034038,0.020951,338.5856,8.0189e+03
0.034038,0.025009,345.9630,1.1791e+04
0.034038,0.027057,349.6730,1.4102e+04
0.034038,0.032146,358.8728,2.0656e+04
0.034038,0.037387,368.3135,2.9074e+04
0.034038,0.042627,377.7230,3.9404e+04
0.034038,0.047866,387.1081,5.1452e+04
0.034038,0.050886,392.5041,5.9687e+04
0.034038,0.053972,398.0092,6.8929e+04
0.034038,0.059054,407.0525,8.6546e+04
0.034038,0.064287,416.3397,1.0777e+05
0.034038,0.069518,425.5983,1.3256e+05
0.034038,0.074746,434.8282,1.6144e+05
0.034038,0.076901,438.6283,1.7413e+05
0.034038,0.080697,445.3045,1.9990e+05
0.034038,0.085910,454.4548,2.3941e+05
0.034038,0.091131,463.5956,2.8496e+05
0.034038,0.096350,472.7096,3.3699e+05
0.034038,0.100924,480.6816,3.8778e+05
0.034038,0.103416,485.0114,4.2032e+05
0.034038,0.107493,492.0915,4.7433e+05
0.034038,0.112705,501.1143,5.5564e+05
0.034038,0.117914,510.1129,6.4685e+05
0.034038,0.123122,519.0898,7.4711e+05
0.034038,0.127171,526.0492,8.3812e+05
0.034038,0.129784,530.5303,9.0287e+05
0.034038,0.134241,538.1646,1.0215e+06
0.034038,0.139442,547.0500,1.1765e+06
0.034038,0.144641,555.9054,1.3538e+06
0.034038,0.149837,564.7329,1.5543e+06
0.034038,0.153517,570.9716,1.7098e+06
0.034038,0.155986,575.1473,1.8239e+06
0.034038,0.160933,583.5035,2.0693e+06
0.034038,0.166123,592.2459,2.3564e+06
0.034038,0.171311,600.9610,2.6767e+06
0.034038,0.176374,609.4431,3.0243e+06
0.034038,0.179721,615.0378,3.2758e+06
0.034038,0.182388,619.4919,3.4825e+06
0.034038,0.187569,628.1218,3.9241e+06
0.034038,0.192748,636.7246,4.4098e+06
0.034038,0.197925,645.3008,4.9421e+06
0.034038,0.202864,653.4623,5.4963e+06
0.034038,0.205660,658.0740,5.8287e+06
0.034038,0.208978,663.5364,6.2429e+06
0.034038,0.214147,672.0290,6.9351e+06
0.034038,0.219314,680.4957,7.6818e+06
0.034038,0.224479,688.9366,8.4842e+06
0.034038,0.229417,696.9866,9.3040e+06
0.034038,0.231468,700.3223,9.6638e+06
0.034038,0.235507,706.8851,1.0394e+07
0.034038,0.240664,715.2460,1.1380e+07
0.034038,0.245818,723.5782,1.2437e+07
0.034038,0.250970,731.8835,1.3563e+07
0.034038,0.256018,740.0021,1.4728e+07
0.034038,0.257151,741.8213,1.4998e+07
0.034038,0.261969,749.5461,1.6184e+07
0.034038,0.267112,757.7743,1.7512e+07
0.034038,0.272252,765.9744,1.8921e+07
0.034038,0.277390,774.1467,2.0411e+07
0.034038,0.281955,781.3940,2.1791e+07
0.034038,0.283226,783.4071,2.2190e+07
0.034038,0.288356,791.5283,2.3831e+07
0.034038,0.293484,799.6233,2.5555e+07
0.034038,0.298608,807.6884,2.7382e+07
0.034038,0.303729,815.7312,2.9282e+07
0.034038,0.307472,821.5996,3.0723e+07
0.034038,0.309545,824.8442,3.1543e+07
0.034038,0.314658,832.8301,3.3648e+07
0.034038,0.319767,840.7895,3.5857e+07
0.034038,0.324873,848.7277,3.8144e+07
0.034038,0.329974,856.6372,4.0554e+07
0.034038,0.333069,861.4258,4.2075e+07
0.034038,0.335768,865.5948,4.3442e+07
0.034038,0.340861,873.4505,4.6087e+07
0.034038,0.345949,881.2799,4.8855e+07
0.034038,0.351033,889.0789,5.1784e+07
0.034038,0.356112,896.8581,5.4803e+07
0.034038,0.358729,900.8537,5.6449e+07
0.034038,0.361904,905.7013,5.8445e+07
0.034038,0.366950,913.3822,6.1806e+07
0.034038,0.372014,921.0796,6.5274e+07
0.034038,0.377073,928.7433,6.8967e+07
0.034038,0.382127,936.3836,7.2803e+07
0.034038,0.384432,939.8612,7.4618e+07
0.034038,0.387920,945.1239,7.7365e+07
0.034038,0.392907,952.6189,8.1602e+07
0.034038,0.397944,960.1775,8.5984e+07
0.034038,0.402975,967.7056,9.0603e+07
0.034038,0.408000,975.2066,9.5433e+07
0.034038,0.410152,978.4146,9.7569e+07
0.034038,0.413749,983.7733,1.0114e+08
0.034038,0.418717,991.1450,1.0646e+08
0.034038,0.423722,998.5646,1.1193e+08
0.034038,0.428721,1005.9500,1.1773e+08
0.034038,0.433713,1013.3115,1.2372e+08
0.034038,0.435864,1016.4756,1.2642e+08
0.034038,0.439397,1021.6725,1.3085e+08
0.034038,0.444358,1028.9448,1.3746e+08
0.034038,0.449329,1036.2238,1.4419e+08
0.034038,0.454292,1043.4613,1.5143e+08
0.034038,0.459248,1050.6834,1.5874e+08
0.034038,0.461535,1054.0013,1.6235e+08
0.034038,0.464876,1058.8492,1.6763e+08
0.034038,0.469814,1066.0038,1.7566e+08
0.034038,0.474747,1073.1282,1.8407e+08
0.034038,0.479671,1080.2257,1.9276e+08
0.034038,0.484588,1087.2938,2.0180e+08
0.034038,0.487130,1090.9453,2.0651e+08
0.034038,0.490199,1095.3364,2.1258e+08
0.034038,0.495068,1102.3016,2.2222e+08
0.034038,0.499959,1109.2746,2.3243e+08
0.034038,0.504842,1116.2258,2.4283e+08
0.034038,0.509716,1123.1388,2.5379e+08
0.034038,0.512611,1127.2390,2.6040e+08
0.034038,0.515387,1131.1716,2.6675e+08
0.034038,0.520103,1137.8292,2.7809e+08
0.034038,0.524951,1144.6548,2.9015e+08
0.034038,0.529789,1151.4494,3.0261e+08
0.034038,0.534619,1158.2144,3.1547e+08
0.034038,0.537938,1162.8526,3.2458e+08
0.034038,0.540464,1166.3786,3.3159e+08
0.034038,0.544909,1172.5714,3.4427e+08
0.034038,0.549711,1179.2353,3.5862e+08
0.034038,0.554503,1185.8851,3.7295e+08
0.034038,0.559286,1192.4900,3.8809e+08
0.034038,0.563072,1197.7156,4.0014e+08
0.034038,0.565459,1201.0057,4.0785e+08
0.034038,0.569476,1206.5205,4.2143e+08
0.034038,0.574230,1213.0483,4.3749e+08
0.034038,0.578975,1219.5325,4.5434e+08
0.034038,0.583711,1225.9987,4.7128e+08
0.034038,0.587972,1231.7941,4.8715e+08
0.034038,0.590405,1235.0990,4.9635e+08
0.034038,0.593799,1239.7074,5.0917e+08
0.034038,0.598506,1246.0733,5.2768e+08
0.034038,0.603204,1252.4187,5.4637e+08
0.034038,0.607892,1258.7286,5.6561e+08
0.034038,0.612571,1265.0137,5.8515e+08
0.034038,0.615338,1268.7275,5.9678e+08
0.034038,0.617911,1272.1650,6.0803e+08
0.034038,0.622540,1278.3472,6.2825e+08
0.034038,0.627191,1284.5487,6.4889e+08
0.034038,0.631834,1290.7172,6.7000e+08
0.034038,0.636467,1296.8581,6.9146e+08
0.034038,0.640084,1301.6421,7.0843e+08
0.034038,0.642402,1304.7005,7.1950e+08
0.034038,0.646339,1309.8888,7.3840e+08
0.034038,0.650947,1315.9461,7.6084e+08
0.034038,0.655546,1321.9767,7.8355e+08
0.034038,0.660137,1327.9809,8.0652e+08
0.034038,0.664532,1333.7142,8.2876e+08
0.034038,0.666932,1336.8381,8.4104e+08
0.034038,0.669920,1340.7239,8.5635e+08
0.034038,0.674488,1346.6493,8.7996e+08
0.034038,0.679048,1352.5493,9.0373e+08
0.034038,0.683601,1358.4245,9.2760e+08
0.034038,0.688147,1364.2764,9.5155e+08
0.034038,0.691522,1368.6098,9.6938e+08
0.034038,0.693848,1371.5955,9.8167e+08
0.034038,0.697841,1376.7044,1.0028e+09
0.034038,0.702369,1382.4858,1.0267e+09
0.034038,0.706891,1388.2452,1.0505e+09
0.034038,0.711408,1393.9837,1.0742e+09
0.034038,0.715856,1399.6199,1.0973e+09
0.034038,0.718037,1402.3780,1.1085e+09
0.034038,0.721046,1406.1786,1.1239e+09
0.034038,0.725551,1411.8557,1.1467e+09
0.034038,0.730054,1417.5144,1.1690e+09
0.034038,0.734553,1423.1555,1.1908e+09
0.034038,0.739051,1428.7799,1.2121e+09
0.034038,0.742610,1433.2197,1.2283e+09
0.034038,0.744797,1435.9444,1.2382e+09
0.034038,0.748658,1440.7458,1.2550e+09
0.034038,0.753155,1446.3230,1.2738e+09
0.034038,0.757652,1451.8874,1.2915e+09
0.034038,0.762152,1457.4400,1.3081e+09
0.034038,0.766654,1462.9820,1.3234e+09
0.034038,0.769015,1465.8831,1.3310e+09
0.034038,0.771892,1469.4123,1.3394e+09
0.034038,0.776288,1474.7938,1.3513e+09
0.034038,0.780805,1480.3101,1.3618e+09
0.034038,0.785325,1485.8152,1.3702e+09
0.034038,0.789845,1491.3070,1.3765e+09
0.034038,0.793744,1496.0325,1.3802e+09
0.034038,0.795655,1498.3465,1.3815e+09
0.034038,0.799503,1502.9959,1.3825e+09
0.034038,0.804022,1508.4437,1.3809e+09
0.034038,0.808540,1513.8782,1.3765e+09
0.034038,0.813057,1519.3001,1.3693e+09
0.034038,0.817574,1524.7085,1.3584e+09
0.034038,0.820168,1527.8103,1.3507e+09
0.034038,0.822860,1531.0253,1.3415e+09
0.034038,0.827226,1536.2298,1.3235e+09
0.034038,0.831742,1541.6067,1.3013e+09
0.034038,0.836258,1546.9729,1.2747e+09
0.034038,0.840772,1552.3309,1.2441e+09
0.034038,0.844998,1557.3431,1.2116e+09
0.034038,0.846507,1559.1317,1.1990e+09
0.034038,0.850411,1563.7577,1.1643e+09
0.034038,0.854918,1569.0996,1.1201e+09
0.034038,0.859421,1574.4406,1.0716e+09
0.034038,0.863918,1579.7827,1.0191e+09
0.034038,0.868408,1585.1297,9.6275e+08
0.034038,0.871367,1588.6633,9.2371e+08
0.034038,0.873629,1591.3718,8.9296e+08
0.034038,0.877974,1596.5962,8.3184e+08
0.034038,0.882435,1601.9983,7.6702e+08
0.034038,0.886888,1607.4444,7.0099e+08
0.034038,0.891331,1612.9385,6.3485e+08
0.034038,0.895766,1618.5119,5.6971e+08
0.034038,0.897364,1620.5432,5.4665e+08
0.034038,0.900798,1624.9614,4.9829e+08
0.034038,0.905221,1630.7725,4.3916e+08
0.034038,0.909644,1636.7482,3.8461e+08
0.034038,0.914073,1642.9510,3.3624e+08
0.034038,0.918510,1649.3767,2.9322e+08
0.034038,0.922524,1655.4637,2.6077e+08
0.034038,0.923597,1657.1277,2.5284e+08
0.034038,0.928026,1664.2248,2.2401e+08
0.034038,0.932480,1671.7337,2.0025e+08
0.034038,0.936927,1679.6813,1.8097e+08
0.034038,0.941375,1688.0469,1.6431e+08
0.034038,0.945828,1696.9468,1.4942e+08
0.034038,0.948598,1702.7229,1.4051e+08
0.034038,0.950892,1707.6586,1.3323e+08
0.034038,0.955341,1717.6515,1.1910e+08
0.034038,0.959782,1728.1978,1.0475e+08
0.034038,0.964226,1739.3374,9.0132e+07
0.034038,0.968680,1751.1022,7.5340e+07
0.034038,0.973134,1763.4620,6.0669e+07
0.034038,0.974510,1767.3999,5.6198e+07
0.034038,0.978184,1778.1168,4.4616e+07
0.034038,0.982624,1791.3725,3.1579e+07
0.034038,0.987052,1804.7369,2.0074e+07
0.034038,0.991437,1817.8424,1.0657e+07
0.034038,0.995759,1830.3991,3.7887e+06
0.034038,1.000000,1842.2014,5.3732e+02
0.037190,0.000000,300.0000,-5.3627e-01
0.037190,0.005275,310.3324,1.2085e+03
0.037190,0.010489,320.6956,5.0797e+03
0.037190,0.015716,330.9879,1.2073e+04
0.037190,0.020951,341.2264,2.2448e+04
0.037190,0.025009,349.1298,3.3008e+04
0.037190,0.027057,353.1122,3.8792e+04
0.037190,0.032146,362.9718,5.7086e+04
0.037190,0.037387,373.0889,8.0611e+04
0.037190,0.042627,383.1703,1.0964e+05
0.037190,0.047866,393.2197,1.4448e+05
0.037190,0.050886,398.9976,1.6820e+05
0.037190,0.053972,404.8946,1.9425e+05
0.037190,0.059054,414.5820,2.4394e+05
0.037190,0.064287,424.5306,3.0394e+05
0.037190,0.069518,434.4475,3.7453e+05
0.037190,0.074746,444.3305,4.5856e+05
0.037190,0.076901,448.3991,4.9586e+05
0.037190,0.080697,455.5482,5.7083e+05
0.037190,0.085910,465.3466,6.8640e+05
0.037190,0.091131,475.1398,8.1608e+05
0.037190,0.096350,484.8958,9.7284e+05
0.037190,0.100924,493.4254,1.1299e+06
0.037190,0.103416,498.0637,1.2242e+06
0.037190,0.107493,505.6366,1.3935e+06
0.037190,0.112705,515.2925,1.6409e+06
0.037190,0.117914,524.9168,1.9245e+06
0.037190,0.123122,534.5096,2.2491e+06
0.037190,0.127171,541.9493,2.5338e+06
0.037190,0.129784,546.7438,2.7273e+06
0.037190,0.134241,554.9020,3.1000e+06
0.037190,0.139442,564.3960,3.5846e+06
0.037190,0.144641,573.8581,4.1310e+06
0.037190,0.149837,583.2884,4.7440e+06
0.037190,0.153517,589.9491,5.2246e+06
0.037190,0.155986,594.4129,5.5571e+06
0.037190,0.160933,603.3343,6.2959e+06
0.037190,0.166123,612.6668,7.1483e+06
0.037190,0.171311,621.9688,8.0846e+06
0.037190,0.176374,631.0213,9.0817e+06
0.037190,0.179721,636.9949,9.7805e+06
0.037190,0.182388,641.7421,1.0382e+07
0.037190,0.187569,650.9504,1.1600e+07
0.037190,0.192748,660.1272,1.2920e+07
0.037190,0.197925,669.2697,1.4359e+07
0.037190,0.202864,677.9707,1.5824e+07
0.037190,0.205660,682.8888,1.6683e+07
0.037190,0.208978,688.7081,1.7767e+07
0.037190,0.214147,697.7623,1.9516e+07
0.037190,0.219314,706.7809,2.1401e+07
0.037190,0.224479,715.7692,2.3402e+07
0.037190,0.229417,724.3429,2.5404e+07
0.037190,0.231468,727.8931,2.6281e+07
0.037190,0.235507,734.8847,2.8016e+07
0.037190,0.240664,743.7767,3.0397e+07
0.037190,0.245818,752.6430,3.2882e+07
0.037190,0.250970,761.4861,3.5459e+07
0.037190,0.256018,770.1168,3.8158e+07
0.037190,0.257151,772.0535,3.8764e+07
0.037190,0.261969,780.2639,4.1480e+07
0.037190,0.267112,789.0137,4.4463e+07
0.037190,0.272252,797.7251,4.7632e+07
0.037190,0.277390,806.4103,5.0927e+07
0.037190,0.281955,814.1123,5.3949e+07
0.037190,0.283226,816.2535,5.4807e+07
0.037190,0.288356,824.8699,5.8455e+07
0.037190,0.293484,833.4644,6.2215e+07
0.037190,0.298608,842.0301,6.6132e+07
0.037190,0.303729,850.5605,7.0267e+07
0.037190,0.307472,856.7892,7.3347e+07
0.037190,0.309545,860.2313,7.5106e+07
0.037190,0.314658,868.6974,7.9641e+07
0.037190,0.319767,877.1402,8.4324e+07
0.037190,0.324873,885.5529,8.9213e+07
0.037190,0.329974,893.9325,9.4354e+07
0.037190,0.333069,899.0073,9.7558e+07
0.037190,0.335768,903.4330,1.0035e+08
0.037190,0.340861,911.7421,1.0605e+08
0.037190,0.345949,920.0374,1.1182e+08
0.037190,0.351033,928.2894,1.1800e+08
0.037190,0.356112,936.5226,1.2432e+08
0.037190,0.358729,940.7482,1.2777e+08
0.037190,0.361904,945.8748,1.3196e+08
0.037190,0.366950,954.0006,1.3891e+08
0.037190,0.372014,962.1349,1.4617e+08
0.037190,0.377073,970.2362,1.5378e+08
0.037190,0.382127,978.3109,1.6166e+08
0.037190,0.384432,981.9906,1.6530e+08
0.037190,0.387920,987.5332,1.7121e+08
0.037190,0.392907,995.4588,1.7966e+08
0.037190,0.397944,1003.4284,1.8875e+08
0.037190,0.402975,1011.3780,1.9802e+08
0.037190,0.408000,1019.2859,2.0787e+08
0.037190,0.410152,1022.6686,2.1218e+08
0.037190,0.413749,1028.3189,2.1938e+08
0.037190,0.418717,1036.0886,2.3003e+08
0.037190,0.423722,1043.9078,2.4093e+08
0.037190,0.428721,1051.6845,2.5247e+08
0.037190,0.433713,1059.4377,2.6427e+08
0.037190,0.435864,1062.7776,2.6936e+08
0.037190,0.439397,1068.2314,2.7842e+08
0.037190,0.444358,1075.8898,2.9113e+08
0.037190,0.449329,1083.5427,3.0433e+08
0.037190,0.454292,1091.1581,3.1811e+08
0.037190,0.459248,1098.7409,3.3238e+08
0.037190,0.461535,1102.2322,3.3912e+08
0.037190,0.464876,1107.3235,3.4921e+08
0.037190,0.469814,1114.8332,3.6453e+08
0.037190,0.474747,1122.3126,3.8035e+08
0.037190,0.479671,1129.7586,3.9667e+08
0.037190,0.484588,1137.1702,4.1355e+08
0.037190,0.487130,1140.9902,4.2256e+08
0.037190,0.490199,1145.6016,4.3349e+08
0.037190,0.495068,1152.8937,4.5142e+08
0.037190,0.499959,1160.1993,4.6999e+08
0.037190,0.504842,1167.4709,4.8908e+08
0.037190,0.509716,1174.7093,5.0870e+08
0.037190,0.512611,1178.9997,5.2057e+08
0.037190,0.515387,1183.1033,5.3226e+08
0.037190,0.520103,1190.0641,5.5244e+08
0.037190,0.524951,1197.1987,5.7373e+08
0.037190,0.529789,1204.2963,5.9562e+08
0.037190,0.534619,1211.3588,6.1809e+08
0.037190,0.537938,1216.2012,6.3386e+08
0.037190,0.540464,1219.8798,6.4602e+08
0.037190,0.544909,1226.3392,6.6787e+08
0.037190,0.549711,1233.2928,6.9214e+08
0.037190,0.554503,1240.2117,7.1692e+08
0.037190,0.559286,1247.1162,7.4169e+08
0.037190,0.563072,1252.5528,7.6211e+08
0.037190,0.565459,1255.9776,7.7505e+08
0.037190,0.569476,1261.7251,7.9730e+08
0.037190,0.574230,1268.5102,8.2412e+08
0.037190,0.578975,1275.2627,8.5140e+08
0.037190,0.583711,1281.9823,8.7913e+08
0.037190,0.587972,1288.0125,9.0452e+08
0.037190,0.590405,1291.4452,9.1930e+08
0.037190,0.593799,1296.2299,9.3997e+08
0.037190,0.598506,1302.8440,9.6921e+08
0.037190,0.603204,1309.4268,9.9885e+08
0.037190,0.607892,1315.9771,1.0289e+09
0.037190,0.612571,1322.4965,1.0592e+09
0.037190,0.615338,1326.3408,1.0774e+09
0.037190,0.617911,1329.9128,1.0944e+09
0.037190,0.622540,1336.3191,1.1253e+09
0.037190,0.627191,1342.7370,1.1568e+09
0.037190,0.631834,1349.1238,1.1885e+09
0.037190,0.636467,1355.4806,1.2205e+09
0.037190,0.640084,1360.4319,1.2456e+09
0.037190,0.642402,1363.5951,1.2619e+09
0.037190,0.646339,1368.9631,1.2895e+09
0.037190,0.650947,1375.2244,1.3220e+09
0.037190,0.655546,1381.4548,1.3547e+09
0.037190,0.660137,1387.6563,1.3874e+09
0.037190,0.664532,1393.5772,1.4187e+09
0.037190,0.666932,1396.8039,1.4358e+09
0.037190,0.669920,1400.8128,1.4571e+09
0.037190,0.674488,1406.9273,1.4897e+09
0.037190,0.679048,1413.0124,1.5221e+09
0.037190,0.683601,1419.0679,1.5542e+09
0.037190,0.688147,1425.0975,1.5860e+09
0.037190,0.691522,1429.5631,1.6095e+09
0.037190,0.693848,1432.6347,1.6255e+09
0.037190,0.697841,1437.8951,1.6528e+09
0.037190,0.702369,1443.8453,1.6833e+09
0.037190,0.706891,1449.7706,1.7131e+09
0.037190,0.711408,1455.6708,1.7423e+09
0.037190,0.715856,1461.4615,1.7702e+09
0.037190,0.718037,1464.2938,1.7835e+09
0.037190,0.721046,1468.1974,1.8016e+09
0.037190,0.725551,1474.0246,1.8278e+09
0.037190,0.730054,1479.8303,1.8528e+09
0.037190,0.734553,1485.6151,1.8766e+09
0.037190,0.739051,1491.3799,1.8989e+09
0.037190,0.742610,1495.9299,1.9155e+09
0.037190,0.744797,1498.7189,1.9251e+09
0.037190,0.748658,1503.6336,1.9411e+09
0.037190,0.753155,1509.3404,1.9579e+09
0.037190,0.757652,1515.0308,1.9726e+09
0.037190,0.762152,1520.7057,1.9851e+09
0.037190,0.766654,1526.3660,1.9950e+09
0.037190,0.769015,1529.3280,1.9994e+09
0.037190,0.771892,1532.9288,2.0031e+09
0.037190,0.776288,1538.4171,2.0069e+09
0.037190,0.780805,1544.0389,2.0076e+09
0.037190,0.785325,1549.6465,2.0049e+09
0.037190,0.789845,1555.2371,1.9986e+09
0.037190,0.793744,1560.0433,1.9899e+09
0.037190,0.795655,1562.3938,1.9842e+09
0.037190,0.799503,1567.1179,1.9710e+09
0.037190,0.804022,1572.6507,1.9514e+09
0.037190,0.808540,1578.1657,1.9273e+09
0.037190,0.813057,1583.6617,1.8978e+09
0.037190,0.817574,1589.1416,1.8632e+09
0.037190,0.820168,1592.2823,1.8410e+09
0.037190,0.822860,1595.5365,1.8162e+09
0.037190,0.827226,1600.8020,1.7713e+09
0.037190,0.831742,1606.2385,1.7197e+09
0.037190,0.836258,1611.6614,1.6619e+09
0.037190,0.840772,1617.0739,1.5985e+09
0.037190,0.844998,1622.1362,1.5341e+09
0.037190,0.846507,1623.9426,1.5098e+09
0.037190,0.850411,1628.6150,1.4445e+09
0.037190,0.854918,1634.0122,1.3642e+09
0.037190,0.859421,1639.4129,1.2794e+09
0.037190,0.863918,1644.8219,1.1906e+09
0.037190,0.868408,1650.2461,1.0989e+09
0.037190,0.871367,1653.8379,1.0374e+09
0.037190,0.873629,1656.5978,9.8990e+08
0.037190,0.877974,1661.9347,8.9856e+08
0.037190,0.882435,1667.4836,8.0576e+08
0.037190,0.886888,1673.1095,7.1577e+08
0.037190,0.891331,1678.8401,6.3036e+08
0.037190,0.895766,1684.7035,5.5109e+08
0.037190,0.897364,1686.8611,5.2439e+08
0.037190,0.900798,1691.5829,4.7049e+08
0.037190,0.905221,1697.8757,4.0917e+08
0.037190,0.909644,1704.4386,3.5693e+08
0.037190,0.914073,1711.3345,3.1377e+08
0.037190,0.918510,1718.6296,2.7895e+08
0.037190,0.922524,1725.5987,2.5351e+08
0.037190,0.923597,1727.5253,2.4747e+08
0.037190,0.928026,1735.8000,2.2543e+08
0.037190,0.932480,1744.6457,2.0637e+08
0.037190,0.936927,1754.0981,1.8903e+08
0.037190,0.941375,1764.1100,1.7229e+08
0.037190,0.945828,1774.8165,1.5551e+08
0.037190,0.948598,1781.8003,1.4495e+08
0.037190,0.950892,1787.7887,1.3613e+08
0.037190,0.955341,1799.9036,1.1889e+08
0.037190,0.959782,1812.6742,1.0170e+08
0.037190,0.964226,1826.0777,8.4841e+07
0.037190,0.968680,1840.0480,6.8665e+07
0.037190,0.973134,1854.3772,5.3559e+07
0.037190,0.974510,1858.8415,4.9181e+07
0.037190,0.978184,1870.7687,3.8247e+07
0.037190,0.982624,1885.0702,2.6653e+07
0.037190,0.987052,1899.0464,1.6959e+07
0.037190,0.991437,1912.4978,9.2656e+06
0.037190,0.995759,1925.3452,3.6091e+06
0.037190,1.000000,1937.5337,-7.7505e+01
0.040321,0.000000,300.0000,-6.1263e-01
0.040321,0.005275,310.9448,2.6736e+03
0.040321,0.010489,322.0108,1.1558e+04
0.040321,0.015716,333.0123,2.7179e+04
0.040321,0.020951,343.9615,5.0097e+04
0.040321,0.025009,352.4078,7.3796e+04
0.040321,0.027057,356.6587,8.7763e+04
0.040321,0.032146,367.1934,1.2863e+05
0.040321,0.037387,378.0026,1.8143e+05
0.040321,0.042627,388.7730,2.4693e+05
0.040321,0.047866,399.5079,3.2621e+05
0.040321,0.050886,405.6848,3.7739e+05
0.040321,0.053972,411.9793,4.3931e+05
0.040321,0.059054,422.3270,5.5271e+05
0.040321,0.064287,432.9553,6.8834e+05
0.040321,0.069518,443.5442,8.5417e+05
0.040321,0.074746,454.0968,1.0506e+06
0.040321,0.076901,458.4365,1.1426e+06
0.040321,0.080697,466.0676,1.3202e+06
0.040321,0.085910,476.5217,1.5991e+06
0.040321,0.091131,486.9577,1.9321e+06
0.040321,0.096350,497.3568,2.3231e+06
0.040321,0.100924,506.4469,2.7171e+06
0.040321,0.103416,511.3894,2.9535e+06
0.040321,0.107493,519.4562,3.3829e+06
0.040321,0.112705,529.7421,4.0024e+06
0.040321,0.117914,539.9912,4.7127e+06
0.040321,0.123122,550.2077,5.5116e+06
0.040321,0.127171,558.1263,6.2182e+06
0.040321,0.129784,563.2253,6.7095e+06
0.040321,0.134241,571.9078,7.6123e+06
0.040321,0.139442,582.0053,8.7892e+06
0.040321,0.144641,592.0664,1.0096e+07
0.040321,0.149837,602.0920,1.1536e+07
0.040321,0.153517,609.1716,1.2648e+07
0.040321,0.155986,613.9125,1.3429e+07
0.040321,0.160933,623.3895,1.5115e+07
0.040321,0.166123,633.2956,1.7051e+07
0.040321,0.171311,643.1723,1.9112e+07
0.040321,0.176374,652.7852,2.1258e+07
0.040321,0.179721,659.1136,2.2823e+07
0.040321,0.182388,664.1558,2.4072e+07
0.040321,0.187569,673.9171,2.6681e+07
0.040321,0.192748,683.6492,2.9430e+07
0.040321,0.197925,693.3474,3.2346e+07
0.040321,0.202864,702.5641,3.5343e+07
0.040321,0.205660,707.7780,3.7060e+07
0.040321,0.208978,713.9407,3.9231e+07
0.040321,0.214147,723.5336,4.2678e+07
0.040321,0.219314,733.0774,4.6392e+07
0.040321,0.224479,742.5970,5.0227e+07
0.040321,0.229417,751.6691,5.4071e+07
0.040321,0.231468,755.4315,5.5699e+07
0.040321,0.235507,762.8138,5.9086e+07
0.040321,0.240664,772.2289,6.3485e+07
0.040321,0.245818,781.6010,6.8135e+07
0.040321,0.250970,790.9420,7.2966e+07
0.040321,0.256018,800.0718,7.7864e+07
0.040321,0.257151,802.1204,7.8962e+07
0.040321,0.261969,810.7863,8.3985e+07
0.040321,0.267112,820.0294,8.9411e+07
0.040321,0.272252,829.2235,9.5186e+07
0.040321,0.277390,838.3952,1.0111e+08
0.040321,0.281955,846.5144,1.0664e+08
0.040321,0.283226,848.7742,1.0818e+08
0.040321,0.288356,857.8667,1.1470e+08
0.040321,0.293484,866.9330,1.2141e+08
0.040321,0.298608,875.9555,1.2852e+08
0.040321,0.303729,884.9568,1.3578e+08
0.040321,0.307472,891.5099,1.4140e+08
0.040321,0.309545,895.1318,1.4459e+08
0.040321,0.314658,904.0654,1.5245e+08
0.040321,0.319767,912.9413,1.6096e+08
0.040321,0.324873,921.8074,1.6950e+08
0.040321,0.329974,930.6156,1.7873e+08
0.040321,0.333069,935.9570,1.8437e+08
0.040321,0.335768,940.6146,1.8929e+08
0.040321,0.340861,949.3473,1.9941e+08
0.040321,0.345949,958.0726,2.0953e+08
0.040321,0.351033,966.7390,2.2047e+08
0.040321,0.356112,975.3927,2.3149e+08
0.040321,0.358729,979.8345,2.3746e+08
0.040321,0.361904,985.2076,2.4499e+08
0.040321,0.366950,993.7470,2.5694e+08
0.040321,0.372014,1002.2749,2.6976e+08
0.040321,0.377073,1010.7792,2.8286e+08
0.040321,0.382127,1019.2442,2.9656e+08
0.040321,0.384432,1023.0921,3.0308e+08
0.040321,0.387920,1028.9151,3.1293e+08
0.040321,0.392907,1037.2177,3.2755e+08
0.040321,0.397944,1045.5661,3.4307e+08
0.040321,0.402975,1053.9001,3.5870e+08
0.040321,0.408000,1062.1843,3.7525e+08
0.040321,0.410152,1065.7219,3.8261e+08
0.040321,0.413749,1071.6284,3.9497e+08
0.040321,0.418717,1079.7602,4.1272e+08
0.040321,0.423722,1087.9279,4.3122e+08
0.040321,0.428721,1096.0601,4.5033e+08
0.040321,0.433713,1104.1567,4.7006e+08
0.040321,0.435864,1107.6364,4.7878e+08
0.040321,0.439397,1113.3430,4.9334e+08
0.040321,0.444358,1121.3354,5.1433e+08
0.040321,0.449329,1129.3130,5.3616e+08
0.040321,0.454292,1137.2531,5.5867e+08
0.040321,0.459248,1145.1574,5.8182e+08
0.040321,0.461535,1148.7976,5.9266e+08
0.040321,0.464876,1154.1014,6.0893e+08
0.040321,0.469814,1161.9252,6.3345e+08
0.040321,0.474747,1169.7144,6.5864e+08
0.040321,0.479671,1177.4601,6.8467e+08
0.040321,0.484588,1185.1702,7.1133e+08
0.040321,0.487130,1189.1500,7.2526e+08
0.040321,0.490199,1193.9390,7.4259e+08
0.040321,0.495068,1201.5230,7.7044e+08
0.040321,0.499959,1209.1183,7.9912e+08
0.040321,0.504842,1216.6689,8.2865e+08
0.040321,0.509716,1224.1840,8.5878e+08
0.040321,0.512611,1228.6396,8.7687e+08
0.040321,0.515387,1232.8969,8.9469e+08
0.040321,0.520103,1240.1209,9.2522e+08
0.040321,0.524951,1247.5186,9.5739e+08
0.040321,0.529789,1254.8747,9.9026e+08
0.040321,0.534619,1262.1958,1.0237e+09
0.040321,0.537938,1267.2161,1.0470e+09
0.040321,0.540464,1271.0237,1.0650e+09
0.040321,0.544909,1277.7172,1.0970e+09
0.040321,0.549711,1284.9170,1.1325e+09
0.040321,0.554503,1292.0812,1.1684e+09
0.040321,0.559286,1299.2106,1.2048e+09
0.040321,0.563072,1304.8346,1.2341e+09
0.040321,0.565459,1308.3742,1.2527e+09
0.040321,0.569476,1314.3143,1.2845e+09
0.040321,0.574230,1321.3243,1.3226e+09
0.040321,0.578975,1328.3000,1.3611e+09
0.040321,0.583711,1335.2390,1.4000e+09
0.040321,0.587972,1341.4566,1.4356e+09
0.040321,0.590405,1345.0062,1.4560e+09
0.040321,0.593799,1349.9340,1.4848e+09
0.040321,0.598506,1356.7586,1.5250e+09
0.040321,0.603204,1363.5489,1.5655e+09
0.040321,0.607892,1370.2953,1.6064e+09
0.040321,0.612571,1377.0094,1.6475e+09
0.040321,0.615338,1380.9721,1.6719e+09
0.040321,0.617911,1384.6467,1.6947e+09
0.040321,0.622540,1391.2447,1.7359e+09
0.040321,0.627191,1397.8465,1.7775e+09
0.040321,0.631834,1404.4160,1.8192e+09
0.040321,0.636467,1410.9540,1.8609e+09
0.040321,0.640084,1416.0401,1.8935e+09
0.040321,0.642402,1419.2952,1.9144e+09
0.040321,0.646339,1424.8065,1.9499e+09
0.040321,0.650947,1431.2366,1.9913e+09
0.040321,0.655546,1437.6361,2.0325e+09
0.040321,0.660137,1444.0044,2.0734e+09
0.040321,0.664532,1450.0742,2.1122e+09
0.040321,0.666932,1453.3859,2.1334e+09
0.040321,0.669920,1457.4934,2.1594e+09
0.040321,0.674488,1463.7597,2.1989e+09
0.040321,0.679048,1469.9971,2.2378e+09
0.040321,0.683601,1476.2003,2.2759e+09
0.040321,0.688147,1482.3719,2.3131e+09
0.040321,0.691522,1486.9419,2.3403e+09
0.040321,0.693848,1490.0842,2.3586e+09
0.040321,0.697841,1495.4651,2.3895e+09
0.040321,0.702369,1501.5498,2.4237e+09
0.040321,0.706891,1507.6033,2.4563e+09
0.040321,0.711408,1513.6276,2.4874e+09
0.040321,0.715856,1519.5402,2.5166e+09
0.040321,0.718037,1522.4335,2.5305e+09
0.040321,0.721046,1526.4135,2.5486e+09
0.040321,0.725551,1532.3576,2.5744e+09
0.040321,0.730054,1538.2770,2.5982e+09
0.040321,0.734553,1544.1710,2.6196e+09
0.040321,0.739051,1550.0388,2.6383e+09
0.040321,0.742610,1554.6665,2.6511e+09
0.040321,0.744797,1557.5071,2.6586e+09
0.040321,0.748658,1562.5023,2.6692e+09
0.040321,0.753155,1568.3010,2.6789e+09
0.040321,0.757652,1574.0796,2.6851e+09
0.040321,0.762152,1579.8386,2.6877e+09
0.040321,0.766654,1585.5789,2.6864e+09
0.040321,0.769015,1588.5820,2.6846e+09
0.040321,0.771892,1592.2291,2.6796e+09
0.040321,0.776288,1597.7857,2.6691e+09
0.040321,0.780805,1603.4732,2.6536e+09
0.040321,0.785325,1609.1414,2.6329e+09
0.040321,0.789845,1614.7876,2.6069e+09
0.040321,0.793744,1619.6377,2.5796e+09
0.040321,0.795655,1622.0098,2.5647e+09
0.040321,0.799503,1626.7717,2.5312e+09
0.040321,0.804022,1632.3433,2.4859e+09
0.040321,0.808540,1637.8917,2.4341e+09
0.040321,0.813057,1643.4182,2.3758e+09
0.040321,0.817574,1648.9212,2.3098e+09
0.040321,0.820168,1652.0738,2.2691e+09
0.040321,0.822860,1655.3373,2.2240e+09
0.040321,0.827226,1660.6151,2.1453e+09
0.040321,0.831742,1666.0599,2.0571e+09
0.040321,0.836258,1671.4880,1.9617e+09
0.040321,0.840772,1676.9029,1.8598e+09
0.040321,0.844998,1681.9656,1.7584e+09
0.040321,0.846507,1683.7722,1.7209e+09
0.040321,0.850411,1688.4455,1.6215e+09
0.040321,0.854918,1693.8469,1.5023e+09
0.040321,0.859421,1699.2579,1.3797e+09
0.040321,0.863918,1704.6878,1.2554e+09
0.040321,0.868408,1710.1478,1.1310e+09
0.040321,0.871367,1713.7770,1.0499e+09
0.040321,0.873629,1716.5710,9.8869e+08
0.040321,0.877974,1722.0031,8.7471e+08
0.040321,0.882435,1727.6915,7.6413e+08
0.040321,0.886888,1733.5164,6.6266e+08
0.040321,0.891331,1739.5163,5.7199e+08
0.040321,0.895766,1745.7392,4.9349e+08
0.040321,0.897364,1748.0508,4.6831e+08
0.040321,0.900798,1753.1565,4.1970e+08
0.040321,0.905221,1760.0540,3.6781e+08
0.040321,0.909644,1767.3748,3.2677e+08
0.040321,0.914073,1775.1916,2.9442e+08
0.040321,0.918510,1783.5708,2.6826e+08
0.040321,0.922524,1791.6782,2.4818e+08
0.040321,0.923597,1793.9453,2.4319e+08
0.040321,0.928026,1803.6899,2.2340e+08
0.040321,0.932480,1814.2349,2.0411e+08
0.040321,0.936927,1825.5705,1.8478e+08
0.040321,0.941375,1837.6744,1.6524e+08
0.040321,0.945828,1850.6205,1.4557e+08
0.040321,0.948598,1859.0595,1.3343e+08
0.040321,0.950892,1866.2603,1.2349e+08
0.040321,0.955341,1880.7517,1.0477e+08
0.040321,0.959782,1895.7433,8.7118e+07
0.040321,0.964226,1911.0705,7.0843e+07
0.040321,0.968680,1926.5016,5.6203e+07
0.040321,0.973134,1941.7908,4.3342e+07
0.040321,0.974510,1946.4588,3.9746e+07
0.040321,0.978184,1958.7776,3.0877e+07
0.040321,0.982624,1973.3164,2.1735e+07
0.040321,0.987052,1987.4304,1.4148e+07
0.040321,0.991437,2001.0468,8.0731e+06
0.040321,0.995759,2014.1305,3.4093e+06
0.040321,1.000000,2026.6265,-5.5565e+02
0.043432,0.000000,300.0000,-5.2774e+00
0.043432,0.005275,311.5488,5.1541e+03
0.043432,0.010489,323.3387,2.1636e+04
0.043432,0.015716,335.0592,5.0936e+04
0.043432,0.020951,346.7164,9.4167e+04
0.043432,0.025009,355.7118,1.3796e+05
0.043432,0.027057,360.2387,1.6382e+05
0.043432,0.032146,371.4556,2.4018e+05
0.043432,0.037387,382.9655,3.3788e+05
0.043432,0.042627,394.4334,4.5891e+05
0.043432,0.047866,405.8613,6.0708e+05
0.043432,0.050886,412.4306,7.0786e+05
0.043432,0.053972,419.1298,8.2344e+05
0.043432,0.059054,430.1344,1.0429e+06
0.043432,0.064287,441.4244,1.3218e+06
0.043432,0.069518,452.6745,1.6548e+06
0.043432,0.074746,463.8836,2.0526e+06
0.043432,0.076901,468.4894,2.2470e+06
0.043432,0.080697,476.5914,2.6140e+06
0.043432,0.085910,487.6851,3.2004e+06
0.043432,0.091131,498.7591,3.8931e+06
0.043432,0.096350,509.7945,4.6956e+06
0.043432,0.100924,519.4342,5.5154e+06
0.043432,0.103416,524.6731,6.0110e+06
0.043432,0.107493,533.2229,6.8977e+06
0.043432,0.112705,544.1210,8.1687e+06
0.043432,0.117914,554.9765,9.6075e+06
0.043432,0.123122,565.7871,1.1239e+07
0.043432,0.127171,574.1693,1.2629e+07
0.043432,0.129784,579.5635,1.3600e+07
0.043432,0.134241,588.7468,1.5367e+07
0.043432,0.139442,599.4257,1.7627e+07
0.043432,0.144641,610.0622,2.0105e+07
0.043432,0.149837,620.6500,2.2841e+07
0.043432,0.153517,628.1355,2.4853e+07
0.043432,0.155986,633.1387,2.6314e+07
0.043432,0.160933,643.1537,2.9327e+07
0.043432,0.166123,653.6125,3.2791e+07
0.043432,0.171311,664.0379,3.6447e+07
0.043432,0.176374,674.1823,4.0210e+07
0.043432,0.179721,680.8588,4.2905e+07
0.043432,0.182388,686.1748,4.5077e+07
0.043432,0.187569,696.4791,4.9456e+07
0.043432,0.192748,706.7383,5.4116e+07
0.043432,0.197925,716.9544,5.9037e+07
0.043432,0.202864,726.6687,6.3964e+07
0.043432,0.205660,732.1561,6.6833e+07
0.043432,0.208978,738.6480,7.0363e+07
0.043432,0.214147,748.7399,7.6038e+07
0.043432,0.219314,758.7909,8.1969e+07
0.043432,0.224479,768.7898,8.8229e+07
0.043432,0.229417,778.3356,9.4317e+07
0.043432,0.231468,782.2807,9.6990e+07
0.043432,0.235507,790.0514,1.0225e+08
0.043432,0.240664,799.9372,1.0927e+08
0.043432,0.245818,809.7918,1.1650e+08
0.043432,0.250970,819.6077,1.2403e+08
0.043432,0.256018,829.1886,1.3175e+08
0.043432,0.257151,831.3368,1.3350e+08
0.043432,0.261969,840.4422,1.4123e+08
0.043432,0.267112,850.1313,1.4979e+08
0.043432,0.272252,859.7815,1.5870e+08
0.043432,0.277390,869.3929,1.6798e+08
0.043432,0.281955,877.9045,1.7656e+08
0.043432,0.283226,880.2705,1.7898e+08
0.043432,0.288356,889.7997,1.8907e+08
0.043432,0.293484,899.2905,1.9958e+08
0.043432,0.298608,908.7414,2.1054e+08
0.043432,0.303729,918.1535,2.2195e+08
0.043432,0.307472,925.0122,2.3063e+08
0.043432,0.309545,928.8074,2.3548e+08
0.043432,0.314658,938.1202,2.4817e+08
0.043432,0.319767,947.4226,2.6091e+08
0.043432,0.324873,956.6672,2.7452e+08
0.043432,0.329974,965.8861,2.8845e+08
0.043432,0.333069,971.4724,2.9703e+08
0.043432,0.335768,976.3126,3.0510e+08
0.043432,0.340861,985.4446,3.2034e+08
0.043432,0.345949,994.5454,3.3605e+08
0.043432,0.351033,1003.5906,3.5272e+08
0.043432,0.356112,1012.6279,3.6938e+08
0.043432,0.358729,1017.2471,3.7877e+08
0.043432,0.361904,1022.8504,3.9017e+08
0.043432,0.366950,1031.7556,4.0830e+08
0.043432,0.372014,1040.6388,4.2777e+08
0.043432,0.377073,1049.4943,4.4766e+08
0.043432,0.382127,1058.3235,4.6797e+08
0.043432,0.384432,1062.3326,4.7768e+08
0.043432,0.387920,1068.3911,4.9258e+08
0.043432,0.392907,1077.0291,5.1454e+08
0.043432,0.397944,1085.7143,5.3766e+08
0.043432,0.402975,1094.3613,5.6150e+08
0.043432,0.408000,1102.9701,5.8607e+08
0.043432,0.410152,1106.6491,5.9685e+08
0.043432,0.413749,1112.7824,6.1518e+08
0.043432,0.418717,1121.2333,6.4111e+08
0.043432,0.423722,1129.7089,6.6831e+08
0.043432,0.428721,1138.1460,6.9626e+08
0.043432,0.433713,1146.5450,7.2494e+08
0.043432,0.435864,1150.1535,7.3760e+08
0.043432,0.439397,1156.0719,7.5862e+08
0.043432,0.444358,1164.3550,7.8893e+08
0.043432,0.449329,1172.6190,8.2032e+08
0.043432,0.454292,1180.8450,8.5242e+08
0.043432,0.459248,1189.0334,8.8523e+08
0.043432,0.461535,1192.7955,9.0081e+08
0.043432,0.464876,1198.2927,9.2358e+08
0.043432,0.469814,1206.3808,9.5836e+08
0.043432,0.474747,1214.4339,9.9383e+08
0.043432,0.479671,1222.4491,1.0300e+09
0.043432,0.484588,1230.4191,1.0670e+09
0.043432,0.487130,1234.5258,1.0865e+09
0.043432,0.490199,1239.4760,1.1104e+09
0.043432,0.495068,1247.3063,1.1488e+09
0.043432,0.499959,1255.1498,1.1881e+09
0.043432,0.504842,1262.9438,1.2284e+09
0.043432,0.509716,1270.6961,1.2693e+09
0.043432,0.512611,1275.2924,1.2938e+09
0.043432,0.515387,1279.6828,1.3179e+09
0.043432,0.520103,1287.1336,1.3589e+09
0.043432,0.524951,1294.7524,1.4021e+09
0.043432,0.529789,1302.3335,1.4459e+09
0.043432,0.534619,1309.8788,1.4901e+09
0.043432,0.537938,1315.0398,1.5211e+09
0.043432,0.540464,1318.9664,1.5447e+09
0.043432,0.544909,1325.8472,1.5871e+09
0.043432,0.549711,1333.2611,1.6332e+09
0.043432,0.554503,1340.6334,1.6799e+09
0.043432,0.559286,1347.9572,1.7272e+09
0.043432,0.563072,1353.7427,1.7649e+09
0.043432,0.565459,1357.3751,1.7890e+09
0.043432,0.569476,1363.4861,1.8295e+09
0.043432,0.574230,1370.6837,1.8782e+09
0.043432,0.578975,1377.8439,1.9272e+09
0.043432,0.583711,1384.9690,1.9764e+09
0.043432,0.587972,1391.3502,2.0211e+09
0.043432,0.590405,1394.9919,2.0467e+09
0.043432,0.593799,1400.0464,2.0826e+09
0.043432,0.598506,1407.0459,2.1326e+09
0.043432,0.603204,1414.0062,2.1828e+09
0.043432,0.607892,1420.9201,2.2331e+09
0.043432,0.612571,1427.8013,2.2833e+09
0.043432,0.615338,1431.8567,2.3131e+09
0.043432,0.617911,1435.6265,2.3408e+09
0.043432,0.622540,1442.3735,2.3906e+09
0.043432,0.627191,1449.1337,2.4406e+09
0.043432,0.631834,1455.8608,2.4904e+09
0.043432,0.636467,1462.5435,2.5399e+09
0.043432,0.640084,1467.7440,2.5783e+09
0.043432,0.642402,1471.0701,2.6029e+09
0.043432,0.646339,1476.7056,2.6443e+09
0.043432,0.650947,1483.2804,2.6925e+09
0.043432,0.655546,1489.8112,2.7398e+09
0.043432,0.660137,1496.3105,2.7865e+09
0.043432,0.664532,1502.5149,2.8307e+09
0.043432,0.666932,1505.8866,2.8542e+09
0.043432,0.669920,1510.0827,2.8835e+09
0.043432,0.674488,1516.4706,2.9272e+09
0.043432,0.679048,1522.8282,2.9698e+09
0.043432,0.683601,1529.1549,3.0113e+09
0.043432,0.688147,1535.4398,3.0509e+09
0.043432,0.691522,1540.0923,3.0795e+09
0.043432,0.693848,1543.2923,3.0987e+09
0.043432,0.697841,1548.7685,3.1306e+09
0.043432,0.702369,1554.9600,3.1652e+09
0.043432,0.706891,1561.1144,3.1974e+09
0.043432,0.711408,1567.2376,3.2273e+09
0.043432,0.715856,1573.2455,3.2546e+09
0.043432,0.718037,1576.1821,3.2672e+09
0.043432,0.721046,1580.2254,3.2833e+09
0.043432,0.725551,1586.2598,3.3055e+09
0.043432,0.730054,1592.2611,3.3240e+09
0.043432,0.734553,1598.2334,3.3392e+09
0.043432,0.739051,1604.1795,3.3509e+09
0.043432,0.742610,1608.8689,3.3579e+09
0.043432,0.744797,1611.7397,3.3604e+09
0.043432,0.748658,1616.7962,3.3631e+09
0.043432,0.753155,1622.6610,3.3621e+09
0.043432,0.757652,1628.5012,3.3565e+09
0.043432,0.762152,1634.3172,3.3458e+09
0.043432,0.766654,1640.1087,3.3295e+09
0.043432,0.769015,1643.1310,3.3180e+09
0.043432,0.771892,1646.8117,3.3032e+09
0.043432,0.776288,1652.4086,3.2749e+09
0.043432,0.780805,1658.1314,3.2393e+09
0.043432,0.785325,1663.8292,3.1968e+09
0.043432,0.789845,1669.4990,3.1471e+09
0.043432,0.793744,1674.3663,3.0984e+09
0.043432,0.795655,1676.7435,3.0720e+09
0.043432,0.799503,1681.5152,3.0153e+09
0.043432,0.804022,1687.0940,2.9414e+09
0.043432,0.808540,1692.6429,2.8592e+09
0.043432,0.813057,1698.1599,2.7678e+09
0.043432,0.817574,1703.6503,2.6681e+09
0.043432,0.820168,1706.7914,2.6069e+09
0.043432,0.822860,1710.0423,2.5405e+09
0.043432,0.827226,1715.2946,2.4264e+09
0.043432,0.831742,1720.7066,2.3002e+09
0.043432,0.836258,1726.0975,2.1665e+09
0.043432,0.840772,1731.4697,2.0254e+09
0.043432,0.844998,1736.4907,1.8881e+09
0.043432,0.846507,1738.2821,1.8380e+09
0.043432,0.850411,1742.9163,1.7062e+09
0.043432,0.854918,1748.2748,1.5515e+09
0.043432,0.859421,1753.6500,1.3961e+09
0.043432,0.863918,1759.0559,1.2426e+09
0.043432,0.868408,1764.5123,1.0937e+09
0.043432,0.871367,1768.1530,9.9937e+08
0.043432,0.873629,1770.9672,9.2986e+08
0.043432,0.877974,1776.4680,8.0438e+08
0.043432,0.882435,1782.2852,6.8856e+08
0.043432,0.886888,1788.3096,5.8797e+08
0.043432,0.891331,1794.6027,5.0365e+08
0.043432,0.895766,1801.2325,4.3540e+08
0.043432,0.897364,1803.7219,4.1447e+08
0.043432,0.900798,1809.2746,3.7541e+08
0.043432,0.905221,1816.8960,3.3541e+08
0.043432,0.909644,1825.1168,3.0400e+08
0.043432,0.914073,1834.0261,2.7808e+08
0.043432,0.918510,1843.7332,2.5511e+08
0.043432,0.922524,1853.2532,2.3537e+08
0.043432,0.923597,1855.9159,2.3014e+08
0.043432,0.928026,1867.5483,2.0850e+08
0.043432,0.932480,1880.2106,1.8658e+08
0.043432,0.936927,1893.8095,1.6475e+08
0.043432,0.941375,1908.3610,1.4338e+08
0.043432,0.945828,1923.7420,1.2292e+08
0.043432,0.948598,1933.6297,1.1085e+08
0.043432,0.950892,1941.9472,1.0132e+08
0.043432,0.955341,1958.2780,8.4186e+07
0.043432,0.959782,1974.5952,6.8959e+07
0.043432,0.964226,1990.7207,5.5603e+07
0.043432,0.968680,2006.5499,4.4021e+07
0.043432,0.973134,2022.0058,3.4040e+07
0.043432,0.974510,2026.7017,3.1263e+07
0.043432,0.978184,2039.0494,2.4508e+07
0.043432,0.982624,2053.6457,1.7490e+07
0.043432,0.987052,2067.8716,1.1649e+07
0.043432,0.991437,2081.6512,6.8863e+06
0.043432,0.995759,2094.9577,3.0508e+06
0.043432,1.000000,2107.6876,-1.2712e+03
0.046523,0.000000,300.0000,-2.7408e+02
0.046523,0.005275,312.1231,8.0778e+03
0.046523,0.010489,324.6185,3.4573e+04
0.046523,0.015716,337.0364,8.1055e+04
0.046523,0.020951,349.3876,1.4897e+05
0.046523,0.025009,358.9174,2.1754e+05
0.046523,0.027057,363.7120,2.5833e+05
0.046523,0.032146,375.5946,3.7633e+05
0.046523,0.037387,387.7749,5.3324e+05
0.046523,0.042627,399.9042,7.2900e+05
0.046523,0.047866,411.9810,9.7424e+05
0.046523,0.050886,418.9220,1.1418e+06
0.046523,0.053972,425.9986,1.3358e+06
0.046523,0.059054,437.6206,1.7068e+06
0.046523,0.064287,449.5385,2.1861e+06
0.046523,0.069518,461.4086,2.7671e+06
0.046523,0.074746,473.2306,3.4672e+06
0.046523,0.076901,478.0912,3.7943e+06
0.046523,0.080697,486.6354,4.4268e+06
0.046523,0.085910,498.3280,5.4540e+06
0.046523,0.091131,509.9935,6.6640e+06
0.046523,0.096350,521.6092,8.0715e+06
0.046523,0.100924,531.7524,9.4896e+06
0.046523,0.103416,537.2649,1.0332e+07
0.046523,0.107493,546.2602,1.1823e+07
0.046523,0.112705,557.7190,1.3959e+07
0.046523,0.117914,569.1297,1.6343e+07
0.046523,0.123122,580.4899,1.9004e+07
0.046523,0.127171,589.2945,2.1254e+07
0.046523,0.129784,594.9587,2.2814e+07
0.046523,0.134241,604.6021,2.5615e+07
0.046523,0.139442,615.8077,2.9187e+07
0.046523,0.144641,626.9588,3.3088e+07
0.046523,0.149837,638.0752,3.7191e+07
0.046523,0.153517,645.9134,4.0343e+07
0.046523,0.155986,651.1707,4.2457e+07
0.046523,0.160933,661.6532,4.7094e+07
0.046523,0.166123,672.6211,5.2159e+07
0.046523,0.171311,683.5419,5.7533e+07
0.046523,0.176374,694.1626,6.3060e+07
0.046523,0.179721,701.1572,6.6917e+07
0.046523,0.182388,706.7191,7.0071e+07
0.046523,0.187569,717.4918,7.6426e+07
0.046523,0.192748,728.2196,8.3073e+07
0.046523,0.197925,738.9024,9.0015e+07
0.046523,0.202864,749.0574,9.6923e+07
0.046523,0.205660,754.7858,1.0098e+08
0.046523,0.208978,761.5670,1.0591e+08
0.046523,0.214147,772.0984,1.1385e+08
0.046523,0.219314,782.6038,1.2197e+08
0.046523,0.224479,793.0542,1.3052e+08
0.046523,0.229417,803.0083,1.3900e+08
0.046523,0.231468,807.1341,1.4259e+08
0.046523,0.235507,815.2349,1.4989e+08
0.046523,0.240664,825.5464,1.5952e+08
0.046523,0.245818,835.8140,1.6952e+08
0.046523,0.250970,846.0379,1.7991e+08
0.046523,0.256018,856.0185,1.9051e+08
0.046523,0.257151,858.2555,1.9291e+08
0.046523,0.261969,867.7374,2.0352e+08
0.046523,0.267112,877.8243,2.1528e+08
0.046523,0.272252,887.8681,2.2751e+08
0.046523,0.277390,897.8689,2.4025e+08
0.046523,0.281955,906.7250,2.5200e+08
0.046523,0.283226,909.1850,2.5535e+08
0.046523,0.288356,919.0935,2.6923e+08
0.046523,0.293484,928.9596,2.8368e+08
0.046523,0.298608,938.7834,2.9872e+08
0.046523,0.303729,948.5653,3.1436e+08
0.046523,0.307472,955.6932,3.2622e+08
0.046523,0.309545,959.6308,3.3296e+08
0.046523,0.314658,969.3207,3.5000e+08
0.046523,0.319767,978.9441,3.6818e+08
0.046523,0.324873,988.5603,3.8634e+08
0.046523,0.329974,998.1113,4.0572e+08
0.046523,0.333069,1003.8899,4.1782e+08
0.046523,0.335768,1008.9293,4.2837e+08
0.046523,0.340861,1018.4024,4.4908e+08
0.046523,0.345949,1027.8173,4.7093e+08
0.046523,0.351033,1037.2241,4.9276e+08
0.046523,0.356112,1046.5616,5.1611e+08
0.046523,0.358729,1051.3614,5.2840e+08
0.046523,0.361904,1057.1676,5.4375e+08
0.046523,0.366950,1066.3708,5.6877e+08
0.046523,0.372014,1075.5756,5.9471e+08
0.046523,0.377073,1084.7390,6.2147e+08
0.046523,0.382127,1093.8489,6.4940e+08
0.046523,0.384432,1097.9973,6.6232e+08
0.046523,0.387920,1104.2528,6.8247e+08
0.046523,0.392907,1113.1755,7.1191e+08
0.046523,0.397944,1122.1549,7.4248e+08
0.046523,0.402975,1131.0858,7.7411e+08
0.046523,0.408000,1139.9686,8.0678e+08
0.046523,0.410152,1143.7707,8.2088e+08
0.046523,0.413749,1150.0935,8.4525e+08
0.046523,0.418717,1158.8107,8.7943e+08
0.046523,0.423722,1167.5576,9.1490e+08
0.046523,0.428721,1176.2537,9.5150e+08
0.046523,0.433713,1184.9100,9.8888e+08
0.046523,0.435864,1188.6287,1.0053e+09
0.046523,0.439397,1194.7274,1.0326e+09
0.046523,0.444358,1203.2571,1.0718e+09
0.046523,0.449329,1211.7665,1.1123e+09
0.046523,0.454292,1220.2367,1.1534e+09
0.046523,0.459248,1228.6637,1.1954e+09
0.046523,0.461535,1232.5336,1.2153e+09
0.046523,0.464876,1238.1819,1.2445e+09
0.046523,0.469814,1246.5032,1.2885e+09
0.046523,0.474747,1254.7887,1.3332e+09
0.046523,0.479671,1263.0199,1.3790e+09
0.046523,0.484588,1271.2063,1.4256e+09
0.046523,0.487130,1275.4296,1.4499e+09
0.046523,0.490199,1280.5144,1.4797e+09
0.046523,0.495068,1288.5581,1.5276e+09
0.046523,0.499959,1296.5997,1.5767e+09
0.046523,0.504842,1304.6029,1.6264e+09
0.046523,0.509716,1312.5617,1.6768e+09
0.046523,0.512611,1317.2670,1.7072e+09
0.046523,0.515387,1321.7730,1.7365e+09
0.046523,0.520103,1329.4064,1.7870e+09
0.046523,0.524951,1337.2284,1.8393e+09
0.046523,0.529789,1344.9903,1.8926e+09
0.046523,0.534619,1352.7160,1.9463e+09
0.046523,0.537938,1358.0077,1.9836e+09
0.046523,0.540464,1362.0282,2.0121e+09
0.046523,0.544909,1369.0725,2.0629e+09
0.046523,0.549711,1376.6587,2.1181e+09
0.046523,0.554503,1384.2070,2.1737e+09
0.046523,0.559286,1391.6965,2.2300e+09
0.046523,0.563072,1397.6137,2.2746e+09
0.046523,0.565459,1401.3277,2.3030e+09
0.046523,0.569476,1407.5776,2.3508e+09
0.046523,0.574230,1414.9319,2.4080e+09
0.046523,0.578975,1422.2502,2.4652e+09
0.046523,0.583711,1429.5304,2.5225e+09
0.046523,0.587972,1436.0445,2.5744e+09
0.046523,0.590405,1439.7631,2.6040e+09
0.046523,0.593799,1444.9256,2.6454e+09
0.046523,0.598506,1452.0751,2.7030e+09
0.046523,0.603204,1459.1684,2.7604e+09
0.046523,0.607892,1466.2271,2.8177e+09
0.046523,0.612571,1473.2486,2.8748e+09
0.046523,0.615338,1477.3797,2.9084e+09
0.046523,0.617911,1481.2180,2.9396e+09
0.046523,0.622540,1488.0999,2.9956e+09
0.046523,0.627191,1494.9966,3.0516e+09
0.046523,0.631834,1501.8387,3.1069e+09
0.046523,0.636467,1508.6482,3.1617e+09
0.046523,0.640084,1513.9465,3.2041e+09
0.046523,0.642402,1517.3333,3.2310e+09
0.046523,0.646339,1523.0663,3.2762e+09
0.046523,0.650947,1529.7522,3.3284e+09
0.046523,0.655546,1536.4055,3.3798e+09
0.046523,0.660137,1543.0110,3.4297e+09
0.046523,0.664532,1549.3124,3.4764e+09
0.046523,0.666932,1552.7462,3.5015e+09
0.046523,0.669920,1557.0087,3.5322e+09
0.046523,0.674488,1563.5030,3.5780e+09
0.046523,0.679048,1569.9551,3.6217e+09
0.046523,0.683601,1576.3751,3.6640e+09
0.046523,0.688147,1582.7631,3.7045e+09
0.046523,0.691522,1587.4777,3.7325e+09
0.046523,0.693848,1590.7279,3.7518e+09
0.046523,0.697841,1596.2776,3.7824e+09
0.046523,0.702369,1602.5527,3.8155e+09
0.046523,0.706891,1608.7951,3.8460e+09
0.046523,0.711408,1614.9952,3.8727e+09
0.046523,0.715856,1621.0768,3.8963e+09
0.046523,0.718037,1624.0511,3.9071e+09
0.046523,0.721046,1628.1406,3.9199e+09
0.046523,0.725551,1634.2447,3.9368e+09
0.046523,0.730054,1640.3138,3.9495e+09
0.046523,0.734553,1646.3482,3.9575e+09
0.046523,0.739051,1652.3534,3.9613e+09
0.046523,0.742610,1657.0878,3.9614e+09
0.046523,0.744797,1659.9842,3.9594e+09
0.046523,0.748658,1665.0852,3.9535e+09
0.046523,0.753155,1670.9981,3.9416e+09
0.046523,0.757652,1676.8825,3.9241e+09
0.046523,0.762152,1682.7366,3.9000e+09
0.046523,0.766654,1688.5618,3.8690e+09
0.046523,0.769015,1691.6016,3.8497e+09
0.046523,0.771892,1695.3017,3.8249e+09
0.046523,0.776288,1700.9213,3.7798e+09
0.046523,0.780805,1706.6638,3.7259e+09
0.046523,0.785325,1712.3765,3.6639e+09
0.046523,0.789845,1718.0546,3.5931e+09
0.046523,0.793744,1722.9242,3.5251e+09
0.046523,0.795655,1725.2985,3.4883e+09
0.046523,0.799503,1730.0654,3.4110e+09
0.046523,0.804022,1735.6316,3.3115e+09
0.046523,0.808540,1741.1619,3.2025e+09
0.046523,0.813057,1746.6532,3.0832e+09
0.046523,0.817574,1752.1085,2.9539e+09
0.046523,0.820168,1755.2267,2.8754e+09
0.046523,0.822860,1758.4510,2.7907e+09
0.046523,0.827226,1763.6531,2.6460e+09
0.046523,0.831742,1769.0059,2.4877e+09
0.046523,0.836258,1774.3294,2.3214e+09
0.046523,0.840772,1779.6264,2.1480e+09
0.046523,0.844998,1784.5709,1.9808e+09
0.046523,0.846507,1786.3339,1.9203e+09
0.046523,0.850411,1790.8918,1.7623e+09
0.046523,0.854918,1796.1600,1.5792e+09
0.046523,0.859421,1801.4450,1.3983e+09
0.046523,0.863918,1806.7659,1.2229e+09
0.046523,0.868408,1812.1487,1.0565e+09
0.046523,0.871367,1815.7521,9.5346e+08
0.046523,0.873629,1818.5448,8.7875e+08
0.046523,0.877974,1824.0335,7.4754e+08
0.046523,0.882435,1829.8835,6.3075e+08
0.046523,0.886888,1836.0075,5.3372e+08
0.046523,0.891331,1842.4900,4.5627e+08
0.046523,0.895766,1849.4207,3.9635e+08
0.046523,0.897364,1852.0529,3.7847e+08
0.046523,0.900798,1857.9796,3.4546e+08
0.046523,0.905221,1866.2402,3.1146e+08
0.046523,0.909644,1875.3148,2.8349e+08
0.046523,0.914073,1885.3334,2.5843e+08
0.046523,0.918510,1896.4455,2.3435e+08
0.046523,0.922524,1907.4776,2.1268e+08
0.046523,0.923597,1910.6358,2.0688e+08
0.046523,0.928026,1924.2731,1.8305e+08
0.046523,0.932480,1939.1988,1.5965e+08
0.046523,0.936927,1955.1652,1.3742e+08
0.046523,0.941375,1971.9231,1.1684e+08
0.046523,0.945828,1989.1533,9.8263e+07
0.046523,0.948598,1999.9411,8.7797e+07
0.046523,0.950892,2008.8429,7.9743e+07
0.046523,0.955341,2025.9210,6.5677e+07
0.046523,0.959782,2042.5980,5.3566e+07
0.046523,0.964226,2058.8758,4.3093e+07
0.046523,0.968680,2074.7757,3.4092e+07
0.046523,0.973134,2090.2659,2.6404e+07
0.046523,0.974510,2094.9786,2.4271e+07
0.046523,0.978184,2107.4042,1.9068e+07
0.046523,0.982624,2122.1287,1.3687e+07
0.046523,0.987052,2136.5078,9.2133e+06
0.046523,0.991437,2150.4832,5.4977e+06
0.046523,0.995759,2164.0093,2.4715e+06
0.046523,1.000000,2176.9385,4.3853e+02
0.049593,0.000000,300.0000,2.5891e+01
0.049593,0.005275,312.6069,1.0915e+04
0.049593,0.010489,325.7309,4.6680e+04
0.049593,0.015716,338.7744,1.0835e+05
0.049593,0.020951,351.7402,1.9925e+05
0.049593,0.025009,361.7424,2.9024e+05
0.049593,0.027057,366.7731,3.4457e+05
0.049593,0.032146,379.2263,5.0783e+05
0.049593,0.037387,391.9886,7.2203e+05
0.049593,0.042627,404.6904,9.9273e+05
0.049593,0.047866,417.3312,1.3357e+06
0.049593,0.050886,424.5928,1.5735e+06
0.049593,0.053972,431.9943,1.8504e+06
0.049593,0.059054,444.1444,2.3868e+06
0.049593,0.064287,456.6019,3.0720e+06
0.049593,0.069518,468.9990,3.9202e+06
0.049593,0.074746,481.3449,4.9286e+06
0.049593,0.076901,486.4167,5.4105e+06
0.049593,0.080697,495.3288,6.3452e+06
0.049593,0.085910,507.5221,7.8266e+06
0.049593,0.091131,519.6824,9.5565e+06
0.049593,0.096350,531.7859,1.1548e+07
0.049593,0.100924,542.3496,1.3544e+07
0.049593,0.103416,548.0894,1.4721e+07
0.049593,0.107493,557.4524,1.6795e+07
0.049593,0.112705,569.3766,1.9730e+07
0.049593,0.117914,581.2460,2.2977e+07
0.049593,0.123122,593.0562,2.6578e+07
0.049593,0.127171,602.2062,2.9603e+07
0.049593,0.129784,608.0938,3.1664e+07
0.049593,0.134241,618.1027,3.5429e+07
0.049593,0.139442,629.7519,4.0005e+07
0.049593,0.144641,641.3271,4.5074e+07
0.049593,0.149837,652.8593,5.0417e+07
0.049593,0.153517,661.0016,5.4380e+07
0.049593,0.155986,666.4501,5.7131e+07
0.049593,0.160933,677.3264,6.2969e+07
0.049593,0.166123,688.7044,6.9329e+07
0.049593,0.171311,700.0238,7.6085e+07
0.049593,0.176374,711.0230,8.3016e+07
0.049593,0.179721,718.2691,8.7786e+07
0.049593,0.182388,724.0281,9.1693e+07
0.049593,0.187569,735.1833,9.9512e+07
0.049593,0.192748,746.2884,1.0766e+08
0.049593,0.197925,757.3434,1.1614e+08
0.049593,0.202864,767.8491,1.2456e+08
0.049593,0.205660,773.7753,1.2949e+08
0.049593,0.208978,780.7944,1.3543e+08
0.049593,0.214147,791.6910,1.4502e+08
0.049593,0.219314,802.5387,1.5498e+08
0.049593,0.224479,813.3378,1.6532e+08
0.049593,0.229417,823.6220,1.7558e+08
0.049593,0.231468,827.8790,1.7997e+08
0.049593,0.235507,836.2478,1.8879e+08
0.049593,0.240664,846.8951,2.0045e+08
0.049593,0.245818,857.4947,2.1257e+08
0.049593,0.250970,868.0469,2.2518e+08
0.049593,0.256018,878.3465,2.3803e+08
0.049593,0.257151,880.6499,2.4101e+08
0.049593,0.261969,890.4332,2.5388e+08
0.049593,0.267112,900.8375,2.6817e+08
0.049593,0.272252,911.1954,2.8305e+08
0.049593,0.277390,921.5065,2.9855e+08
0.049593,0.281955,930.6295,3.1297e+08
0.049593,0.283226,933.1684,3.1699e+08
0.049593,0.288356,943.3749,3.3399e+08
0.049593,0.293484,953.5355,3.5170e+08
0.049593,0.298608,963.6505,3.7013e+08
0.049593,0.303729,973.7203,3.8930e+08
0.049593,0.307472,981.0628,4.0371e+08
0.049593,0.309545,985.1105,4.1206e+08
0.049593,0.314658,995.0826,4.3290e+08
0.049593,0.319767,1005.0094,4.5457e+08
0.049593,0.324873,1014.8598,4.7772e+08
0.049593,0.329974,1024.7027,5.0086e+08
0.049593,0.333069,1030.6580,5.1529e+08
0.049593,0.335768,1035.8148,5.2875e+08
0.049593,0.340861,1045.5443,5.5416e+08
0.049593,0.345949,1055.2535,5.7986e+08
0.049593,0.351033,1064.8936,6.0715e+08
0.049593,0.356112,1074.4816,6.3555e+08
0.049593,0.358729,1079.4134,6.5039e+08
0.049593,0.361904,1085.3712,6.6907e+08
0.049593,0.366950,1094.8196,6.9931e+08
0.049593,0.372014,1104.2688,7.3059e+08
0.049593,0.377073,1113.6618,7.6313e+08
0.049593,0.382127,1123.0080,7.9669e+08
0.049593,0.384432,1127.2643,8.1217e+08
0.049593,0.387920,1133.6785,8.3636e+08
0.049593,0.392907,1142.8308,8.7152e+08
0.049593,0.397944,1152.0284,9.0828e+08
0.049593,0.402975,1161.1761,9.4615e+08
0.049593,0.408000,1170.2818,9.8488e+08
0.049593,0.410152,1174.1689,1.0019e+09
0.049593,0.413749,1180.6563,1.0305e+09
0.049593,0.418717,1189.5743,1.0712e+09
0.049593,0.423722,1198.5239,1.1133e+09
0.049593,0.428721,1207.4323,1.1562e+09
0.049593,0.433713,1216.2892,1.2002e+09
0.049593,0.435864,1220.0934,1.2195e+09
0.049593,0.439397,1226.3238,1.2517e+09
0.049593,0.444358,1235.0476,1.2977e+09
0.049593,0.449329,1243.7599,1.3445e+09
0.049593,0.454292,1252.4071,1.3927e+09
0.049593,0.459248,1261.0141,1.4417e+09
0.049593,0.461535,1264.9729,1.4646e+09
0.049593,0.464876,1270.7485,1.4983e+09
0.049593,0.469814,1279.2465,1.5492e+09
0.049593,0.474747,1287.6990,1.6010e+09
0.049593,0.479671,1296.1120,1.6534e+09
0.049593,0.484588,1304.4668,1.7069e+09
0.049593,0.487130,1308.7776,1.7347e+09
0.049593,0.490199,1313.9601,1.7689e+09
0.049593,0.495068,1322.1684,1.8234e+09
0.049593,0.499959,1330.3751,1.8792e+09
0.049593,0.504842,1338.5305,1.9357e+09
0.049593,0.509716,1346.6485,1.9927e+09
0.049593,0.512611,1351.4423,2.0271e+09
0.049593,0.515387,1356.0402,2.0601e+09
0.049593,0.520103,1363.8144,2.1169e+09
0.049593,0.524951,1371.7836,2.1758e+09
0.049593,0.529789,1379.6935,2.2354e+09
0.049593,0.534619,1387.5588,2.2954e+09
0.049593,0.537938,1392.9501,2.3369e+09
0.049593,0.540464,1397.0402,2.3687e+09
0.049593,0.544909,1404.2134,2.4250e+09
0.049593,0.549711,1411.9332,2.4863e+09
0.049593,0.554503,1419.6158,2.5478e+09
0.049593,0.559286,1427.2338,2.6097e+09
0.049593,0.563072,1433.2538,2.6589e+09
0.049593,0.565459,1437.0301,2.6900e+09
0.049593,0.569476,1443.3859,2.7425e+09
0.049593,0.574230,1450.8622,2.8049e+09
0.049593,0.578975,1458.3036,2.8673e+09
0.049593,0.583711,1465.6987,2.9297e+09
0.049593,0.587972,1472.3203,2.9859e+09
0.049593,0.590405,1476.0958,3.0181e+09
0.049593,0.593799,1481.3451,3.0628e+09
0.049593,0.598506,1488.6004,3.1249e+09
0.049593,0.603204,1495.8070,3.1866e+09
0.049593,0.607892,1502.9788,3.2481e+09
0.049593,0.612571,1510.0974,3.3091e+09
0.049593,0.615338,1514.2992,3.3450e+09
0.049593,0.617911,1518.1889,3.3782e+09
0.049593,0.622540,1525.1779,3.4378e+09
0.049593,0.627191,1532.1635,3.4970e+09
0.049593,0.631834,1539.1091,3.5555e+09
0.049593,0.636467,1546.0216,3.6133e+09
0.049593,0.640084,1551.3832,3.6575e+09
0.049593,0.642402,1554.8202,3.6859e+09
0.049593,0.646339,1560.6298,3.7330e+09
0.049593,0.650947,1567.4132,3.7877e+09
0.049593,0.655546,1574.1437,3.8405e+09
0.049593,0.660137,1580.8384,3.8922e+09
0.049593,0.664532,1587.2290,3.9407e+09
0.049593,0.666932,1590.6978,3.9660e+09
0.049593,0.669920,1595.0145,3.9975e+09
0.049593,0.674488,1601.5849,4.0438e+09
0.049593,0.679048,1608.1232,4.0886e+09
0.049593,0.683601,1614.6170,4.1309e+09
0.049593,0.688147,1621.0714,4.1708e+09
0.049593,0.691522,1625.8529,4.1997e+09
0.049593,0.693848,1629.1296,4.2178e+09
0.049593,0.697841,1634.7514,4.2488e+09
0.049593,0.702369,1641.0869,4.2801e+09
0.049593,0.706891,1647.3903,4.3088e+09
0.049593,0.711408,1653.6619,4.3347e+09
0.049593,0.715856,1659.8063,4.3565e+09
0.049593,0.718037,1662.8051,4.3656e+09
0.049593,0.721046,1666.9356,4.3771e+09
0.049593,0.725551,1673.0925,4.3907e+09
0.049593,0.730054,1679.2177,4.4004e+09
0.049593,0.734553,1685.3111,4.4059e+09
0.049593,0.739051,1691.3651,4.4057e+09
0.049593,0.742610,1696.1321,4.4017e+09
0.049593,0.744797,1699.0568,4.3985e+09
0.049593,0.748658,1704.1919,4.3878e+09
0.049593,0.753155,1710.1451,4.3706e+09
0.049593,0.757652,1716.0675,4.3473e+09
0.049593,0.762152,1721.9590,4.3175e+09
0.049593,0.766654,1727.8195,4.2807e+09
0.049593,0.769015,1730.8740,4.2576e+09
0.049593,0.771892,1734.5904,4.2279e+09
0.049593,0.776288,1740.2362,4.1758e+09
0.049593,0.780805,1746.0000,4.1139e+09
0.049593,0.785325,1751.7290,4.0432e+09
0.049593,0.789845,1757.4194,3.9632e+09
0.049593,0.793744,1762.2960,3.8869e+09
0.049593,0.795655,1764.6730,3.8461e+09
0.049593,0.799503,1769.4406,3.7598e+09
0.049593,0.804022,1775.0027,3.6492e+09
0.049593,0.808540,1780.5223,3.5285e+09
0.049593,0.813057,1785.9952,3.3964e+09
0.049593,0.817574,1791.4244,3.2537e+09
0.049593,0.820168,1794.5242,3.1672e+09
0.049593,0.822860,1797.7263,3.0739e+09
0.049593,0.827226,1802.8836,2.9142e+09
0.049593,0.831742,1808.1810,2.7398e+09
0.049593,0.836258,1813.4352,2.5562e+09
0.049593,0.840772,1818.6506,2.3647e+09
0.049593,0.844998,1823.5052,2.1798e+09
0.049593,0.846507,1825.2329,2.1127e+09
0.049593,0.850411,1829.6889,1.9373e+09
0.049593,0.854918,1834.8219,1.7334e+09
0.049593,0.859421,1839.9506,1.5313e+09
0.049593,0.863918,1845.0920,1.3344e+09
0.049593,0.868408,1850.2718,1.1470e+09
0.049593,0.871367,1853.7268,1.0303e+09
0.049593,0.873629,1856.4009,9.4587e+08
0.049593,0.877974,1861.6376,7.9633e+08
0.049593,0.882435,1867.2107,6.6321e+08
0.049593,0.886888,1873.0456,5.5268e+08
0.049593,0.891331,1879.2332,4.6454e+08
0.049593,0.895766,1885.8883,3.9701e+08
0.049593,0.897364,1888.4310,3.7705e+08
0.049593,0.900798,1894.1912,3.4047e+08
0.049593,0.905221,1902.3225,3.0327e+08
0.049593,0.909644,1911.4040,2.7289e+08
0.049593,0.914073,1921.6472,2.4572e+08
0.049593,0.918510,1933.2629,2.1957e+08
0.049593,0.922524,1945.0669,1.9618e+08
0.049593,0.923597,1948.4550,1.8999e+08
0.049593,0.928026,1963.3302,1.6490e+08
0.049593,0.932480,1979.7233,1.4105e+08
0.049593,0.936927,1997.2088,1.1926e+08
0.049593,0.941375,2015.3196,9.9914e+07
0.049593,0.945828,2033.5867,8.3049e+07
0.049593,0.948598,2044.8465,7.3744e+07
0.049593,0.950892,2054.0616,6.6679e+07
0.049593,0.955341,2071.5953,5.4473e+07
0.049593,0.959782,2088.6317,4.4029e+07
0.049593,0.964226,2105.2050,3.5136e+07
0.049593,0.968680,2121.3810,2.7522e+07
0.049593,0.973134,2137.1751,2.1077e+07
0.049593,0.974510,2141.9816,1.9304e+07
0.049593,0.978184,2154.6550,1.5022e+07
0.049593,0.982624,2169.6733,1.0652e+07
0.049593,0.987052,2184.3603,7.0386e+06
0.049593,0.991437,2198.6320,4.1356e+06
0.049593,0.995759,2212.4595,1.8235e+06
0.049593,1.000000,2225.6996,2.6589e+04
0.052645,0.000000,300.0000,2.1931e+01
0.052645,0.005275,312.8926,1.2154e+04
0.052645,0.010489,326.4712,5.2271e+04
0.052645,0.015716,339.9594,1.2268e+05
0.052645,0.020951,353.3632,2.2511e+05
0.052645,0.025009,363.6981,3.2756e+05
0.052645,0.027057,368.8920,3.8945e+05
0.052645,0.032146,381.7437,5.7543e+05
0.052645,0.037387,394.9060,8.2091e+05
0.052645,0.042627,407.9982,1.1328e+06
0.052645,0.047866,421.0174,1.5343e+06
0.052645,0.050886,428.4941,1.8123e+06
0.052645,0.053972,436.1126,2.1363e+06
0.052645,0.059054,448.6114,2.7716e+06
0.052645,0.064287,461.4238,3.5720e+06
0.052645,0.069518,474.1677,4.5684e+06
0.052645,0.074746,486.8442,5.7753e+06
0.052645,0.076901,492.0520,6.3378e+06
0.052645,0.080697,501.2000,7.4287e+06
0.052645,0.085910,513.7106,9.1532e+06
0.052645,0.091131,526.1811,1.1159e+07
0.052645,0.096350,538.5875,1.3459e+07
0.052645,0.100924,549.4169,1.5715e+07
0.052645,0.103416,555.2961,1.7060e+07
0.052645,0.107493,564.8860,1.9412e+07
0.052645,0.112705,577.0947,2.2722e+07
0.052645,0.117914,589.2415,2.6372e+07
0.052645,0.123122,601.3283,3.0360e+07
0.052645,0.127171,610.6891,3.3700e+07
0.052645,0.129784,616.6980,3.6042e+07
0.052645,0.134241,626.9492,4.0048e+07
0.052645,0.139442,638.8371,4.5198e+07
0.052645,0.144641,650.6772,5.0630e+07
0.052645,0.149837,662.4726,5.6325e+07
0.052645,0.153517,670.7706,6.0728e+07
0.052645,0.155986,676.3357,6.3687e+07
0.052645,0.160933,687.4560,6.9858e+07
0.052645,0.166123,699.0642,7.6717e+07
0.052645,0.171311,710.6124,8.3937e+07
0.052645,0.176374,721.8326,9.1312e+07
0.052645,0.179721,729.2285,9.6337e+07
0.052645,0.182388,735.1008,1.0048e+08
0.052645,0.187569,746.4777,1.0874e+08
0.052645,0.192748,757.8010,1.1733e+08
0.052645,0.197925,769.0707,1.2626e+08
0.052645,0.202864,779.7769,1.3513e+08
0.052645,0.205660,785.8136,1.4033e+08
0.052645,0.208978,792.9636,1.4659e+08
0.052645,0.214147,804.0648,1.5668e+08
0.052645,0.219314,815.1141,1.6717e+08
0.052645,0.224479,826.1119,1.7806e+08
0.052645,0.229417,836.5835,1.8888e+08
0.052645,0.231468,840.9195,1.9349e+08
0.052645,0.235507,849.4378,2.0281e+08
0.052645,0.240664,860.2753,2.1513e+08
0.052645,0.245818,871.0625,2.2796e+08
0.052645,0.250970,881.7998,2.4132e+08
0.052645,0.256018,892.2785,2.5495e+08
0.052645,0.257151,894.6223,2.5812e+08
0.052645,0.261969,904.5739,2.7179e+08
0.052645,0.267112,915.1559,2.8700e+08
0.052645,0.272252,925.6894,3.0285e+08
0.052645,0.277390,936.1747,3.1936e+08
0.052645,0.281955,945.4491,3.3476e+08
0.052645,0.283226,948.0304,3.3905e+08
0.052645,0.288356,958.4049,3.5722e+08
0.052645,0.293484,968.7315,3.7616e+08
0.052645,0.298608,979.0106,3.9588e+08
0.052645,0.303729,989.2426,4.1640e+08
0.052645,0.307472,996.7037,4.3179e+08
0.052645,0.309545,1000.8146,4.4075e+08
0.052645,0.314658,1010.9451,4.6306e+08
0.052645,0.319767,1021.0274,4.8626e+08
0.052645,0.324873,1031.0535,5.1057e+08
0.052645,0.329974,1041.0150,5.3617e+08
0.052645,0.333069,1047.0452,5.5201e+08
0.052645,0.335768,1052.3041,5.6582e+08
0.052645,0.340861,1062.2015,5.9251e+08
0.052645,0.345949,1072.0367,6.2059e+08
0.052645,0.351033,1081.8128,6.4994e+08
0.052645,0.356112,1091.5421,6.8028e+08
0.052645,0.358729,1096.5471,6.9610e+08
0.052645,0.361904,1102.5900,7.1608e+08
0.052645,0.366950,1112.1762,7.4832e+08
0.052645,0.372014,1121.7555,7.8182e+08
0.052645,0.377073,1131.2787,8.1658e+08
0.052645,0.382127,1140.7577,8.5226e+08
0.052645,0.384432,1145.0687,8.6887e+08
0.052645,0.387920,1151.5772,8.9445e+08
0.052645,0.392907,1160.8523,9.3191e+08
0.052645,0.397944,1170.1696,9.7110e+08
0.052645,0.402975,1179.4436,1.0112e+09
0.052645,0.408000,1188.6748,1.0521e+09
0.052645,0.410152,1192.6077,1.0703e+09
0.052645,0.413749,1199.1770,1.1007e+09
0.052645,0.418717,1208.2097,1.1438e+09
0.052645,0.423722,1217.2795,1.1881e+09
0.052645,0.428721,1226.3009,1.2334e+09
0.052645,0.433713,1235.2616,1.2801e+09
0.052645,0.435864,1239.1195,1.3002e+09
0.052645,0.439397,1245.4251,1.3342e+09
0.052645,0.444358,1254.2634,1.3824e+09
0.052645,0.449329,1263.0666,1.4320e+09
0.052645,0.454292,1271.8248,1.4824e+09
0.052645,0.459248,1280.5425,1.5335e+09
0.052645,0.461535,1284.5403,1.5577e+09
0.052645,0.464876,1290.3817,1.5931e+09
0.052645,0.469814,1298.9777,1.6463e+09
0.052645,0.474747,1307.5367,1.7002e+09
0.052645,0.479671,1316.0357,1.7551e+09
0.052645,0.484588,1324.4857,1.8108e+09
0.052645,0.487130,1328.8430,1.8398e+09
0.052645,0.490199,1334.0923,1.8751e+09
0.052645,0.495068,1342.3844,1.9320e+09
0.052645,0.499959,1350.6781,1.9899e+09
0.052645,0.504842,1358.9328,2.0483e+09
0.052645,0.509716,1367.1242,2.1075e+09
0.052645,0.512611,1371.9812,2.1429e+09
0.052645,0.515387,1376.6152,2.1772e+09
0.052645,0.520103,1384.4831,2.2357e+09
0.052645,0.524951,1392.5210,2.2967e+09
0.052645,0.529789,1400.5154,2.3580e+09
0.052645,0.534619,1408.4686,2.4197e+09
0.052645,0.537938,1413.9025,2.4625e+09
0.052645,0.540464,1418.0330,2.4952e+09
0.052645,0.544909,1425.2801,2.5530e+09
0.052645,0.549711,1433.0810,2.6158e+09
0.052645,0.554503,1440.8216,2.6790e+09
0.052645,0.559286,1448.5266,2.7423e+09
0.052645,0.563072,1454.5937,2.7927e+09
0.052645,0.565459,1458.4184,2.8244e+09
0.052645,0.569476,1464.8164,2.8782e+09
0.052645,0.574230,1472.3767,2.9418e+09
0.052645,0.578975,1479.8781,3.0055e+09
0.052645,0.583711,1487.3371,3.0692e+09
0.052645,0.587972,1494.0274,3.1265e+09
0.052645,0.590405,1497.8316,3.1592e+09
0.052645,0.593799,1503.1234,3.2048e+09
0.052645,0.598506,1510.4424,3.2679e+09
0.052645,0.603204,1517.7193,3.3308e+09
0.052645,0.607892,1524.9403,3.3932e+09
0.052645,0.612571,1532.1285,3.4553e+09
0.052645,0.615338,1536.3567,3.4918e+09
0.052645,0.617911,1540.2891,3.5257e+09
0.052645,0.622540,1547.3255,3.5861e+09
0.052645,0.627191,1554.3789,3.6465e+09
0.052645,0.631834,1561.3780,3.7059e+09
0.052645,0.636467,1568.3376,3.7646e+09
0.052645,0.640084,1573.7541,3.8099e+09
0.052645,0.642402,1577.2142,3.8386e+09
0.052645,0.646339,1583.0711,3.8868e+09
0.052645,0.650947,1589.9007,3.9423e+09
0.052645,0.655546,1596.6969,3.9969e+09
0.052645,0.660137,1603.4366,4.0495e+09
0.052645,0.664532,1609.8709,4.0991e+09
0.052645,0.666932,1613.3716,4.1254e+09
0.052645,0.669920,1617.7272,4.1582e+09
0.052645,0.674488,1624.3433,4.2059e+09
0.052645,0.679048,1630.9270,4.2522e+09
0.052645,0.683601,1637.4783,4.2970e+09
0.052645,0.688147,1643.9772,4.3388e+09
0.052645,0.691522,1648.7902,4.3689e+09
0.052645,0.693848,1652.0944,4.3886e+09
0.052645,0.697841,1657.7559,4.4217e+09
0.052645,0.702369,1664.1433,4.4563e+09
0.052645,0.706891,1670.4917,4.4879e+09
0.052645,0.711408,1676.8093,4.5172e+09
0.052645,0.715856,1683.0014,4.5430e+09
0.052645,0.718037,1686.0213,4.5540e+09
0.052645,0.721046,1690.1830,4.5683e+09
0.052645,0.725551,1696.3857,4.5866e+09
0.052645,0.730054,1702.5574,4.6015e+09
0.052645,0.734553,1708.6967,4.6127e+09
0.052645,0.739051,1714.7938,4.6184e+09
0.052645,0.742610,1719.5989,4.6200e+09
0.052645,0.744797,1722.5430,4.6197e+09
0.052645,0.748658,1727.7191,4.6159e+09
0.052645,0.753155,1733.7197,4.6072e+09
0.052645,0.757652,1739.6899,4.5932e+09
0.052645,0.762152,1745.6240,4.5725e+09
0.052645,0.766654,1751.5264,4.5454e+09
0.052645,0.769015,1754.6087,4.5290e+09
0.052645,0.771892,1758.3516,4.5062e+09
0.052645,0.776288,1764.0395,4.4656e+09
0.052645,0.780805,1769.8481,4.4169e+09
0.052645,0.785325,1775.6223,4.3603e+09
0.052645,0.789845,1781.3579,4.2955e+09
0.052645,0.793744,1786.2720,4.2328e+09
0.052645,0.795655,1788.6716,4.1999e+09
0.052645,0.799503,1793.4746,4.1279e+09
0.052645,0.804022,1799.0783,4.0349e+09
0.052645,0.808540,1804.6373,3.9324e+09
0.052645,0.813057,1810.1493,3.8196e+09
0.052645,0.817574,1815.6116,3.6957e+09
0.052645,0.820168,1818.7314,3.6207e+09
0.052645,0.822860,1821.9468,3.5379e+09
0.052645,0.827226,1827.1303,3.3970e+09
0.052645,0.831742,1832.4394,3.2395e+09
0.052645,0.836258,1837.7009,3.0724e+09
0.052645,0.840772,1842.9078,2.8946e+09
0.052645,0.844998,1847.7402,2.7199e+09
0.052645,0.846507,1849.4531,2.6553e+09
0.052645,0.850411,1853.8644,2.4849e+09
0.052645,0.854918,1858.9126,2.2809e+09
0.052645,0.859421,1863.9160,2.0719e+09
0.052645,0.863918,1868.8791,1.8600e+09
0.052645,0.868408,1873.8095,1.6483e+09
0.052645,0.871367,1877.0527,1.5102e+09
0.052645,0.873629,1879.5333,1.4063e+09
0.052645,0.877974,1884.3115,1.2127e+09
0.052645,0.882435,1889.2652,1.0257e+09
0.052645,0.886888,1894.2968,8.5512e+08
0.052645,0.891331,1899.4632,7.0492e+08
0.052645,0.895766,1904.8384,5.7780e+08
0.052645,0.897364,1906.8463,5.3780e+08
0.052645,0.900798,1911.3272,4.6258e+08
0.052645,0.905221,1917.5123,3.8571e+08
0.052645,0.909644,1924.3154,3.2820e+08
0.052645,0.914073,1931.9540,2.8523e+08
0.052645,0.918510,1940.6623,2.5119e+08
0.052645,0.922524,1949.7114,2.2440e+08
0.052645,0.923597,1952.3484,2.1754e+08
0.052645,0.928026,1964.3604,1.8987e+08
0.052645,0.932480,1978.4596,1.6286e+08
0.052645,0.936927,1994.5634,1.3737e+08
0.052645,0.941375,2012.3921,1.1424e+08
0.052645,0.945828,2031.3049,9.4024e+07
0.052645,0.948598,2043.2618,8.2967e+07
0.052645,0.950892,2053.1360,7.4607e+07
0.052645,0.955341,2072.0205,6.0301e+07
0.052645,0.959782,2090.3587,4.8210e+07
0.052645,0.964226,2108.1673,3.7972e+07
0.052645,0.968680,2125.4697,2.9340e+07
0.052645,0.973134,2142.3087,2.2073e+07
0.052645,0.974510,2147.4238,2.0089e+07
0.052645,0.978184,2160.8886,1.5345e+07
0.052645,0.982624,2176.8113,1.0587e+07
0.052645,0.987052,2192.3386,6.7591e+06
0.052645,0.991437,2207.4037,3.8004e+06
0.052645,0.995759,2221.9745,1.6066e+06
0.052645,1.000000,2236.0186,7.0889e+04
0.055676,0.000000,300.0000,2.0781e+01
0.055676,0.005275,312.9464,1.1015e+04
0.055676,0.010489,326.7679,4.8623e+04
0.055676,0.015716,340.4956,1.1397e+05
0.055676,0.020951,354.1253,2.0935e+05
0.055676,0.025009,364.6210,3.0723e+05
0.055676,0.027057,369.8954,3.6563e+05
0.055676,0.032146,382.9415,5.3955e+05
0.055676,0.037387,396.2915,7.6990e+05
0.055676,0.042627,409.5574,1.0662e+06
0.055676,0.047866,422.7442,1.4429e+06
0.055676,0.050886,430.3138,1.7026e+06
0.055676,0.053972,438.0245,2.0042e+06
0.055676,0.059054,450.6633,2.6068e+06
0.055676,0.064287,463.6130,3.3642e+06
0.055676,0.069518,476.4927,4.2869e+06
0.055676,0.074746,489.2955,5.4112e+06
0.055676,0.076901,494.5536,5.9341e+06
0.055676,0.080697,503.7844,6.9580e+06
0.055676,0.085910,516.4068,8.5609e+06
0.055676,0.091131,528.9839,1.0420e+07
0.055676,0.096350,541.4917,1.2545e+07
0.055676,0.100924,552.4045,1.4634e+07
0.055676,0.103416,558.3281,1.5874e+07
0.055676,0.107493,567.9898,1.8032e+07
0.055676,0.112705,580.2835,2.1079e+07
0.055676,0.117914,592.5125,2.4425e+07
0.055676,0.123122,604.6773,2.8076e+07
0.055676,0.127171,614.0961,3.1129e+07
0.055676,0.129784,620.1409,3.3264e+07
0.055676,0.134241,630.4549,3.6907e+07
0.055676,0.139442,642.4090,4.1596e+07
0.055676,0.144641,654.3114,4.6545e+07
0.055676,0.149837,666.1657,5.1732e+07
0.055676,0.153517,674.5093,5.5697e+07
0.055676,0.155986,680.1056,5.8357e+07
0.055676,0.160933,691.2780,6.3956e+07
0.055676,0.166123,702.9360,7.0179e+07
0.055676,0.171311,714.5352,7.6702e+07
0.055676,0.176374,725.8052,8.3350e+07
0.055676,0.179721,733.2292,8.7902e+07
0.055676,0.182388,739.1327,9.1598e+07
0.055676,0.187569,750.5526,9.9060e+07
0.055676,0.192748,761.9164,1.0683e+08
0.055676,0.197925,773.2258,1.1490e+08
0.055676,0.202864,783.9711,1.2291e+08
0.055676,0.205660,790.0385,1.2754e+08
0.055676,0.208978,797.2088,1.3324e+08
0.055676,0.214147,808.3491,1.4235e+08
0.055676,0.219314,819.4361,1.5183e+08
0.055676,0.224479,830.4701,1.6169e+08
0.055676,0.229417,840.9741,1.7150e+08
0.055676,0.231468,845.3228,1.7570e+08
0.055676,0.235507,853.8722,1.8411e+08
0.055676,0.240664,864.7424,1.9532e+08
0.055676,0.245818,875.5608,2.0700e+08
0.055676,0.250970,886.3280,2.1920e+08
0.055676,0.256018,896.8342,2.3168e+08
0.055676,0.257151,899.1877,2.3453e+08
0.055676,0.261969,909.1662,2.4705e+08
0.055676,0.267112,919.7744,2.6102e+08
0.055676,0.272252,930.3329,2.7560e+08
0.055676,0.277390,940.8421,2.9084e+08
0.055676,0.281955,950.1446,3.0495e+08
0.055676,0.283226,952.7290,3.0895e+08
0.055676,0.288356,963.1325,3.2566e+08
0.055676,0.293484,973.4877,3.4309e+08
0.055676,0.298608,983.7950,3.6126e+08
0.055676,0.303729,994.0547,3.8019e+08
0.055676,0.307472,1001.5258,3.9460e+08
0.055676,0.309545,1005.6557,4.0272e+08
0.055676,0.314658,1015.8098,4.2342e+08
0.055676,0.319767,1025.9096,4.4509e+08
0.055676,0.324873,1035.9440,4.6798e+08
0.055676,0.329974,1045.9500,4.9128e+08
0.055676,0.333069,1052.0205,5.0542e+08
0.055676,0.335768,1057.2846,5.1847e+08
0.055676,0.340861,1067.1901,5.4372e+08
0.055676,0.345949,1077.0432,5.7000e+08
0.055676,0.351033,1086.8429,5.9737e+08
0.055676,0.356112,1096.5966,6.2564e+08
0.055676,0.358729,1101.6106,6.4048e+08
0.055676,0.361904,1107.6710,6.5907e+08
0.055676,0.366950,1117.2804,6.8917e+08
0.055676,0.372014,1126.8783,7.2060e+08
0.055676,0.377073,1136.4248,7.5310e+08
0.055676,0.382127,1145.9265,7.8650e+08
0.055676,0.384432,1150.2466,8.0209e+08
0.055676,0.387920,1156.7709,8.2604e+08
0.055676,0.392907,1166.0663,8.6120e+08
0.055676,0.397944,1175.4055,8.9797e+08
0.055676,0.402975,1184.7006,9.3560e+08
0.055676,0.408000,1193.9521,9.7408e+08
0.055676,0.410152,1197.8945,9.9114e+08
0.055676,0.413749,1204.4799,1.0196e+09
0.055676,0.418717,1213.5325,1.0602e+09
0.055676,0.423722,1222.6217,1.1020e+09
0.055676,0.428721,1231.6666,1.1445e+09
0.055676,0.433713,1240.6464,1.1884e+09
0.055676,0.435864,1244.5147,1.2074e+09
0.055676,0.439397,1250.8316,1.2395e+09
0.055676,0.444358,1259.6872,1.2849e+09
0.055676,0.449329,1268.5155,1.3316e+09
0.055676,0.454292,1277.2908,1.3792e+09
0.055676,0.459248,1286.0247,1.4275e+09
0.055676,0.461535,1290.0344,1.4502e+09
0.055676,0.464876,1295.8934,1.4835e+09
0.055676,0.469814,1304.5051,1.5338e+09
0.055676,0.474747,1313.0790,1.5848e+09
0.055676,0.479671,1321.6049,1.6364e+09
0.055676,0.484588,1330.0693,1.6891e+09
0.055676,0.487130,1334.4406,1.7164e+09
0.055676,0.490199,1339.6934,1.7500e+09
0.055676,0.495068,1348.0126,1.8035e+09
0.055676,0.499959,1356.3195,1.8584e+09
0.055676,0.504842,1364.5865,1.9137e+09
0.055676,0.509716,1372.8058,1.9696e+09
0.055676,0.512611,1377.6632,2.0032e+09
0.055676,0.515387,1382.3132,2.0356e+09
0.055676,0.520103,1390.1915,2.0911e+09
0.055676,0.524951,1398.2574,2.1487e+09
0.055676,0.529789,1406.2625,2.2069e+09
0.055676,0.534619,1414.2307,2.2653e+09
0.055676,0.537938,1419.6792,2.3059e+09
0.055676,0.540464,1423.8244,2.3368e+09
0.055676,0.544909,1431.0791,2.3918e+09
0.055676,0.549711,1438.8977,2.4513e+09
0.055676,0.554503,1446.6581,2.5113e+09
0.055676,0.559286,1454.3721,2.5715e+09
0.055676,0.563072,1460.4614,2.6193e+09
0.055676,0.565459,1464.2853,2.6496e+09
0.055676,0.569476,1470.7024,2.7007e+09
0.055676,0.574230,1478.2714,2.7614e+09
0.055676,0.578975,1485.8006,2.8221e+09
0.055676,0.583711,1493.2681,2.8829e+09
0.055676,0.587972,1499.9734,2.9376e+09
0.055676,0.590405,1503.7826,2.9689e+09
0.055676,0.593799,1509.0942,3.0125e+09
0.055676,0.598506,1516.4217,3.0730e+09
0.055676,0.603204,1523.7161,3.1333e+09
0.055676,0.607892,1530.9557,3.1934e+09
0.055676,0.612571,1538.1531,3.2531e+09
0.055676,0.615338,1542.3973,3.2884e+09
0.055676,0.617911,1546.3388,3.3211e+09
0.055676,0.622540,1553.3904,3.3796e+09
0.055676,0.627191,1560.4539,3.4381e+09
0.055676,0.631834,1567.4798,3.4961e+09
0.055676,0.636467,1574.4503,3.5533e+09
0.055676,0.640084,1579.8838,3.5978e+09
0.055676,0.642402,1583.3463,3.6259e+09
0.055676,0.646339,1589.2258,3.6735e+09
0.055676,0.650947,1596.0681,3.7283e+09
0.055676,0.655546,1602.8792,3.7825e+09
0.055676,0.660137,1609.6446,3.8355e+09
0.055676,0.664532,1616.0930,3.8853e+09
0.055676,0.666932,1619.6078,3.9122e+09
0.055676,0.669920,1623.9706,3.9452e+09
0.055676,0.674488,1630.6136,3.9946e+09
0.055676,0.679048,1637.2156,4.0424e+09
0.055676,0.683601,1643.7868,4.0893e+09
0.055676,0.688147,1650.3131,4.1341e+09
0.055676,0.691522,1655.1409,4.1665e+09
0.055676,0.693848,1658.4594,4.1882e+09
0.055676,0.697841,1664.1414,4.2246e+09
0.055676,0.702369,1670.5571,4.2640e+09
0.055676,0.706891,1676.9321,4.3011e+09
0.055676,0.711408,1683.2783,4.3364e+09
0.055676,0.715856,1689.4994,4.3689e+09
0.055676,0.718037,1692.5353,4.3837e+09
0.055676,0.721046,1696.7171,4.4034e+09
0.055676,0.725551,1702.9541,4.4306e+09
0.055676,0.730054,1709.1627,4.4555e+09
0.055676,0.734553,1715.3337,4.4770e+09
0.055676,0.739051,1721.4714,4.4950e+09
0.055676,0.742610,1726.3130,4.5076e+09
0.055676,0.744797,1729.2734,4.5136e+09
0.055676,0.748658,1734.4917,4.5231e+09
0.055676,0.753155,1740.5379,4.5304e+09
0.055676,0.757652,1746.5502,4.5330e+09
0.055676,0.762152,1752.5366,4.5317e+09
0.055676,0.766654,1758.4971,4.5261e+09
0.055676,0.769015,1761.6085,4.5211e+09
0.055676,0.771892,1765.3903,4.5134e+09
0.055676,0.776288,1771.1428,4.4978e+09
0.055676,0.780805,1777.0164,4.4757e+09
0.055676,0.785325,1782.8582,4.4477e+09
0.055676,0.789845,1788.6662,4.4137e+09
0.055676,0.793744,1793.6462,4.3793e+09
0.055676,0.795655,1796.0808,4.3612e+09
0.055676,0.799503,1800.9534,4.3196e+09
0.055676,0.804022,1806.6436,4.2645e+09
0.055676,0.808540,1812.2931,4.2020e+09
0.055676,0.813057,1817.9012,4.1317e+09
0.055676,0.817574,1823.4674,4.0533e+09
0.055676,0.820168,1826.6450,4.0044e+09
0.055676,0.822860,1829.9301,3.9512e+09
0.055676,0.827226,1835.2177,3.8571e+09
0.055676,0.831742,1840.6417,3.7502e+09
0.055676,0.836258,1846.0173,3.6341e+09
0.055676,0.840772,1851.3438,3.5086e+09
0.055676,0.844998,1856.2870,3.3825e+09
0.055676,0.846507,1858.0374,3.3347e+09
0.055676,0.850411,1862.5445,3.2071e+09
0.055676,0.854918,1867.7009,3.0509e+09
0.055676,0.859421,1872.7936,2.8843e+09
0.055676,0.863918,1877.8271,2.7090e+09
0.055676,0.868408,1882.7967,2.5252e+09
0.055676,0.871367,1886.0398,2.3996e+09
0.055676,0.873629,1888.5041,2.3016e+09
0.055676,0.877974,1893.1985,2.1089e+09
0.055676,0.882435,1897.9693,1.9064e+09
0.055676,0.886888,1902.6866,1.7020e+09
0.055676,0.891331,1907.3609,1.4983e+09
0.055676,0.895766,1912.0050,1.2988e+09
0.055676,0.897364,1913.6777,1.2284e+09
0.055676,0.900798,1917.2777,1.0814e+09
0.055676,0.905221,1921.9482,9.0322e+08
0.055676,0.909644,1926.7004,7.4133e+08
0.055676,0.914073,1931.6021,5.9940e+08
0.055676,0.918510,1936.7510,4.8046e+08
0.055676,0.922524,1941.7115,3.9362e+08
0.055676,0.923597,1943.1036,3.7371e+08
0.055676,0.928026,1949.2273,3.0477e+08
0.055676,0.932480,1956.1916,2.5377e+08
0.055676,0.936927,1964.3053,2.1528e+08
0.055676,0.941375,1974.0068,1.8336e+08
0.055676,0.945828,1985.9257,1.5421e+08
0.055676,0.948598,1994.7102,1.3692e+08
0.055676,0.950892,2002.8125,1.2319e+08
0.055676,0.955341,2020.6113,9.8777e+07
0.055676,0.959782,2040.3028,7.8013e+07
0.055676,0.964226,2060.6310,6.0810e+07
0.055676,0.968680,2080.7133,4.6570e+07
0.055676,0.973134,2100.1980,3.4748e+07
0.055676,0.974510,2106.0940,3.1520e+07
0.055676,0.978184,2121.5014,2.3853e+07
0.055676,0.982624,2139.6320,1.6159e+07
0.055676,0.987052,2157.2688,1.0042e+07
0.055676,0.991437,2174.3062,5.3996e+06
0.055676,0.995759,2190.8015,2.1050e+06
0.055676,1.000000,2206.8558,4.6655e+04
0.058689,0.000000,300.0000,-1.3773e+01
0.058689,0.005275,312.8592,8.0394e+03
0.058689,0.010489,326.8034,3.6102e+04
0.058689,0.015716,340.6441,8.6182e+04
0.058689,0.020951,354.3707,1.5984e+05
0.058689,0.025009,364.9347,2.3448e+05
0.058689,0.027057,370.2352,2.8041e+05
0.058689,0.032146,383.3563,4.1205e+05
0.058689,0.037387,396.7684,5.8704e+05
0.058689,0.042627,410.0845,8.1050e+05
0.058689,0.047866,423.3084,1.0944e+06
0.058689,0.050886,430.8948,1.2897e+06
0.058689,0.053972,438.6186,1.5173e+06
0.058689,0.059054,451.2826,1.9554e+06
0.058689,0.064287,464.2377,2.5244e+06
0.058689,0.069518,477.1167,3.2108e+06
0.058689,0.074746,489.9216,4.0326e+06
0.058689,0.076901,495.1765,4.4208e+06
0.058689,0.080697,504.4026,5.1728e+06
0.058689,0.085910,517.0107,6.3593e+06
0.058689,0.091131,529.5686,7.7370e+06
0.058689,0.096350,542.0523,9.3164e+06
0.058689,0.100924,552.9402,1.0873e+07
0.058689,0.103416,558.8509,1.1790e+07
0.058689,0.107493,568.4833,1.3413e+07
0.058689,0.112705,580.7430,1.5684e+07
0.058689,0.117914,592.9341,1.8184e+07
0.058689,0.123122,605.0532,2.0938e+07
0.058689,0.127171,614.4369,2.3234e+07
0.058689,0.129784,620.4696,2.4803e+07
0.058689,0.134241,630.7194,2.7645e+07
0.058689,0.139442,642.6371,3.1124e+07
0.058689,0.144641,654.4971,3.4820e+07
0.058689,0.149837,666.2757,3.8836e+07
0.058689,0.153517,674.5933,4.1781e+07
0.058689,0.155986,680.1493,4.3854e+07
0.058689,0.160933,691.2699,4.8081e+07
0.058689,0.166123,702.8702,5.2803e+07
0.058689,0.171311,714.4138,5.7745e+07
0.058689,0.176374,725.6208,6.2822e+07
0.058689,0.179721,733.0065,6.6284e+07
0.058689,0.182388,738.8720,6.9130e+07
0.058689,0.187569,750.2329,7.4810e+07
0.058689,0.192748,761.5329,8.0751e+07
0.058689,0.197925,772.7773,8.6938e+07
0.058689,0.202864,783.4606,9.3076e+07
0.058689,0.205660,789.4912,9.6641e+07
0.058689,0.208978,796.6229,1.0100e+08
0.058689,0.214147,807.6994,1.0800e+08
0.058689,0.219314,818.7195,1.1530e+08
0.058689,0.224479,829.6863,1.2292e+08
0.058689,0.229417,840.1279,1.3051e+08
0.058689,0.231468,844.4501,1.3376e+08
0.058689,0.235507,852.9442,1.4031e+08
0.058689,0.240664,863.7493,1.4900e+08
0.058689,0.245818,874.5035,1.5808e+08
0.058689,0.250970,885.2072,1.6757e+08
0.058689,0.256018,895.6519,1.7730e+08
0.058689,0.257151,897.9915,1.7952e+08
0.058689,0.261969,907.9096,1.8932e+08
0.058689,0.267112,918.4562,2.0025e+08
0.058689,0.272252,928.9534,2.1169e+08
0.058689,0.277390,939.4016,2.2367e+08
0.058689,0.281955,948.6502,2.3478e+08
0.058689,0.283226,951.2194,2.3795e+08
0.058689,0.288356,961.5628,2.5115e+08
0.058689,0.293484,971.8579,2.6495e+08
0.058689,0.298608,982.1051,2.7939e+08
0.058689,0.303729,992.3047,2.9448e+08
0.058689,0.307472,999.7403,3.0586e+08
0.058689,0.309545,1003.8396,3.1247e+08
0.058689,0.314658,1013.9293,3.2914e+08
0.058689,0.319767,1023.9644,3.4663e+08
0.058689,0.324873,1033.9901,3.6414e+08
0.058689,0.329974,1043.9412,3.8297e+08
0.058689,0.333069,1049.9564,3.9484e+08
0.058689,0.335768,1055.1964,4.0530e+08
0.058689,0.340861,1065.0441,4.2583e+08
0.058689,0.345949,1074.8453,4.4716e+08
0.058689,0.351033,1084.6002,4.6929e+08
0.058689,0.356112,1094.3090,4.9222e+08
0.058689,0.358729,1099.2914,5.0447e+08
0.058689,0.361904,1105.3301,5.1947e+08
0.058689,0.366950,1114.8888,5.4418e+08
0.058689,0.372014,1124.4396,5.6999e+08
0.058689,0.377073,1133.9446,5.9662e+08
0.058689,0.382127,1143.4041,6.2409e+08
0.058689,0.384432,1147.7039,6.3696e+08
0.058689,0.387920,1154.1996,6.5672e+08
0.058689,0.392907,1163.4553,6.8577e+08
0.058689,0.397944,1172.7554,7.1623e+08
0.058689,0.402975,1182.0103,7.4751e+08
0.058689,0.408000,1191.2205,7.7960e+08
0.058689,0.410152,1195.1512,7.9373e+08
0.058689,0.413749,1201.7114,8.1747e+08
0.058689,0.418717,1210.7322,8.5131e+08
0.058689,0.423722,1219.7821,8.8637e+08
0.058689,0.428721,1228.7877,9.2220e+08
0.058689,0.433713,1237.7494,9.5878e+08
0.058689,0.435864,1241.5896,9.7506e+08
0.058689,0.439397,1247.8969,1.0018e+09
0.058689,0.444358,1256.7129,1.0404e+09
0.058689,0.449329,1265.5145,1.0797e+09
0.058689,0.454292,1274.2728,1.1198e+09
0.058689,0.459248,1282.9675,1.1611e+09
0.058689,0.461535,1286.9756,1.1801e+09
0.058689,0.464876,1292.8015,1.2088e+09
0.058689,0.469814,1301.3980,1.2514e+09
0.058689,0.474747,1309.9482,1.2948e+09
0.058689,0.479671,1318.4398,1.3392e+09
0.058689,0.484588,1326.8894,1.3841e+09
0.058689,0.487130,1331.2415,1.4077e+09
0.058689,0.490199,1336.4920,1.4363e+09
0.058689,0.495068,1344.7782,1.4825e+09
0.058689,0.499959,1353.0707,1.5296e+09
0.058689,0.504842,1361.3214,1.5771e+09
0.058689,0.509716,1369.5147,1.6255e+09
0.058689,0.512611,1374.3664,1.6544e+09
0.058689,0.515387,1379.0036,1.6825e+09
0.058689,0.520103,1386.8662,1.7305e+09
0.058689,0.524951,1394.9132,1.7805e+09
0.058689,0.529789,1402.9032,1.8310e+09
0.058689,0.534619,1410.8542,1.8819e+09
0.058689,0.537938,1416.2943,1.9172e+09
0.058689,0.540464,1420.4331,1.9441e+09
0.058689,0.544909,1427.6731,1.9921e+09
0.058689,0.549711,1435.4739,2.0443e+09
0.058689,0.554503,1443.2284,2.0967e+09
0.058689,0.559286,1450.9257,2.1496e+09
0.058689,0.563072,1457.0075,2.1915e+09
0.058689,0.565459,1460.8202,2.2182e+09
0.058689,0.569476,1467.2373,2.2631e+09
0.058689,0.574230,1474.7889,2.3167e+09
0.058689,0.578975,1482.3037,2.3703e+09
0.058689,0.583711,1489.7719,2.4240e+09
0.058689,0.587972,1496.4583,2.4726e+09
0.058689,0.590405,1500.2717,2.5003e+09
0.058689,0.593799,1505.5710,2.5391e+09
0.058689,0.598506,1512.8999,2.5930e+09
0.058689,0.603204,1520.1761,2.6469e+09
0.058689,0.607892,1527.4165,2.7006e+09
0.058689,0.612571,1534.6091,2.7542e+09
0.058689,0.615338,1538.8488,2.7859e+09
0.058689,0.617911,1542.7793,2.8153e+09
0.058689,0.622540,1549.8356,2.8682e+09
0.058689,0.627191,1556.8956,2.9212e+09
0.058689,0.631834,1563.9091,2.9737e+09
0.058689,0.636467,1570.8896,3.0261e+09
0.058689,0.640084,1576.3098,3.0666e+09
0.058689,0.642402,1579.7844,3.0926e+09
0.058689,0.646339,1585.6520,3.1362e+09
0.058689,0.650947,1592.5051,3.1871e+09
0.058689,0.655546,1599.3114,3.2373e+09
0.058689,0.660137,1606.0775,3.2868e+09
0.058689,0.664532,1612.5380,3.3338e+09
0.058689,0.666932,1616.0470,3.3590e+09
0.058689,0.669920,1620.4140,3.3904e+09
0.058689,0.674488,1627.0598,3.4374e+09
0.058689,0.679048,1633.6756,3.4838e+09
0.058689,0.683601,1640.2484,3.5291e+09
0.058689,0.688147,1646.7839,3.5733e+09
0.058689,0.691522,1651.6260,3.6057e+09
0.058689,0.693848,1654.9468,3.6273e+09
0.058689,0.697841,1660.6401,3.6642e+09
0.058689,0.702369,1667.0643,3.7045e+09
0.058689,0.706891,1673.4600,3.7436e+09
0.058689,0.711408,1679.8245,3.7815e+09
0.058689,0.715856,1686.0572,3.8168e+09
0.058689,0.718037,1689.1105,3.8340e+09
0.058689,0.721046,1693.3022,3.8563e+09
0.058689,0.725551,1699.5666,3.8889e+09
0.058689,0.730054,1705.7958,3.9194e+09
0.058689,0.734553,1711.9929,3.9477e+09
0.058689,0.739051,1718.1649,3.9742e+09
0.058689,0.742610,1723.0307,3.9937e+09
0.058689,0.744797,1726.0101,4.0048e+09
0.058689,0.748658,1731.2572,4.0231e+09
0.058689,0.753155,1737.3383,4.0418e+09
0.058689,0.757652,1743.3966,4.0580e+09
0.058689,0.762152,1749.4322,4.0717e+09
0.058689,0.766654,1755.4415,4.0821e+09
0.058689,0.769015,1758.5771,4.0859e+09
0.058689,0.771892,1762.3949,4.0899e+09
0.058689,0.776288,1768.1986,4.0928e+09
0.058689,0.780805,1774.1352,4.0923e+09
0.058689,0.785325,1780.0468,4.0882e+09
0.058689,0.789845,1785.9297,4.0801e+09
0.058689,0.793744,1790.9771,4.0696e+09
0.058689,0.795655,1793.4410,4.0630e+09
0.058689,0.799503,1798.3909,4.0481e+09
0.058689,0.804022,1804.1698,4.0255e+09
0.058689,0.808540,1809.9141,3.9978e+09
0.058689,0.813057,1815.6241,3.9648e+09
0.058689,0.817574,1821.2993,3.9264e+09
0.058689,0.820168,1824.5422,3.9016e+09
0.058689,0.822860,1827.8987,3.8745e+09
0.058689,0.827226,1833.3083,3.8249e+09
0.058689,0.831742,1838.8696,3.7674e+09
0.058689,0.836258,1844.3884,3.7029e+09
0.058689,0.840772,1849.8644,3.6314e+09
0.058689,0.844998,1854.9547,3.5579e+09
0.058689,0.846507,1856.7627,3.5300e+09
0.058689,0.850411,1861.4184,3.4541e+09
0.058689,0.854918,1866.7543,3.3595e+09
0.058689,0.859421,1872.0351,3.2562e+09
0.058689,0.863918,1877.2618,3.1448e+09
0.058689,0.868408,1882.4340,3.0258e+09
0.058689,0.871367,1885.8117,2.9423e+09
0.058689,0.873629,1888.3772,2.8757e+09
0.058689,0.877974,1893.2699,2.7423e+09
0.058689,0.882435,1898.2391,2.5969e+09
0.058689,0.886888,1903.1403,2.4435e+09
0.058689,0.891331,1907.9747,2.2828e+09
0.058689,0.895766,1912.7409,2.1152e+09
0.058689,0.897364,1914.4453,2.0533e+09
0.058689,0.900798,1918.0775,1.9174e+09
0.058689,0.905221,1922.7067,1.7383e+09
0.058689,0.909644,1927.2801,1.5557e+09
0.058689,0.914073,1931.8104,1.3718e+09
0.058689,0.918510,1936.3092,1.1888e+09
0.058689,0.922524,1940.3559,1.0273e+09
0.058689,0.923597,1941.4367,9.8508e+08
0.058689,0.928026,1945.9069,8.1702e+08
0.058689,0.932480,1950.4476,6.6110e+08
0.058689,0.936927,1955.0940,5.2282e+08
0.058689,0.941375,1959.9494,4.0546e+08
0.058689,0.945828,1965.1696,3.1110e+08
0.058689,0.948598,1968.6943,2.6400e+08
0.058689,0.950892,1971.8354,2.3118e+08
0.058689,0.955341,1978.7699,1.8133e+08
0.058689,0.959782,1987.3282,1.4406e+08
0.058689,0.964226,1998.6162,1.1324e+08
0.058689,0.968680,2013.9451,8.5751e+07
0.058689,0.973134,2033.7611,6.2393e+07
0.058689,0.974510,2040.5402,5.6206e+07
0.058689,0.978184,2059.1249,4.1811e+07
0.058689,0.982624,2081.4021,2.7857e+07
0.058689,0.987052,2102.9120,1.6956e+07
0.058689,0.991437,2123.6440,8.7537e+06
0.058689,0.995759,2143.7289,3.1132e+06
0.058689,1.000000,2163.3738,2.7433e+04
0.061682,0.000000,300.0000,-3.1222e+02
0.061682,0.005275,312.6650,4.4378e+03
0.061682,0.010489,326.6269,2.0779e+04
0.061682,0.015716,340.4960,4.9791e+04
0.061682,0.020951,354.2309,9.3217e+04
0.061682,0.025009,364.7809,1.3851e+05
0.061682,0.027057,370.0802,1.6481e+05
0.061682,0.032146,383.1638,2.4450e+05
0.061682,0.037387,396.5390,3.4703e+05
0.061682,0.042627,409.8122,4.7645e+05
0.061682,0.047866,422.9797,6.3949e+05
0.061682,0.050886,430.5267,7.5145e+05
0.061682,0.053972,438.2074,8.8091e+05
0.061682,0.059054,450.7886,1.1322e+06
0.061682,0.064287,463.6587,1.4491e+06
0.061682,0.069518,476.4426,1.8323e+06
0.061682,0.074746,489.1401,2.2949e+06
0.061682,0.076901,494.3498,2.5125e+06
0.061682,0.080697,503.4955,2.9334e+06
0.061682,0.085910,515.9958,3.5939e+06
0.061682,0.091131,528.4370,4.3721e+06
0.061682,0.096350,540.7980,5.2723e+06
0.061682,0.100924,551.5751,6.1647e+06
0.061682,0.103416,557.4238,6.6945e+06
0.061682,0.107493,566.9570,7.6271e+06
0.061682,0.112705,579.0829,8.9483e+06
0.061682,0.117914,591.1360,1.0417e+07
0.061682,0.123122,603.1181,1.2035e+07
0.061682,0.127171,612.3922,1.3396e+07
0.061682,0.129784,618.3557,1.4324e+07
0.061682,0.134241,628.4907,1.6006e+07
0.061682,0.139442,640.2587,1.8112e+07
0.061682,0.144641,651.9646,2.0357e+07
0.061682,0.149837,663.5986,2.2780e+07
0.061682,0.153517,671.8052,2.4584e+07
0.061682,0.155986,677.2953,2.5833e+07
0.061682,0.160933,688.2584,2.8449e+07
0.061682,0.166123,699.7150,3.1316e+07
0.061682,0.171311,711.1051,3.4361e+07
0.061682,0.176374,722.1651,3.7489e+07
0.061682,0.179721,729.4508,3.9635e+07
0.061682,0.182388,735.2415,4.1387e+07
0.061682,0.187569,746.4445,4.4927e+07
0.061682,0.192748,757.5939,4.8618e+07
0.061682,0.197925,768.6892,5.2465e+07
0.061682,0.202864,779.2252,5.6307e+07
0.061682,0.205660,785.1734,5.8538e+07
0.061682,0.208978,792.2070,6.1269e+07
0.061682,0.214147,803.1299,6.5670e+07
0.061682,0.219314,813.9981,7.0271e+07
0.061682,0.224479,824.8160,7.5066e+07
0.061682,0.229417,835.1158,7.9848e+07
0.061682,0.231468,839.3793,8.1900e+07
0.061682,0.235507,847.7579,8.6043e+07
0.061682,0.240664,858.4140,9.1562e+07
0.061682,0.245818,869.0210,9.7334e+07
0.061682,0.250970,879.5794,1.0337e+08
0.061682,0.256018,889.8832,1.0958e+08
0.061682,0.257151,892.1905,1.1100e+08
0.061682,0.261969,901.9745,1.1728e+08
0.061682,0.267112,912.3777,1.2430e+08
0.061682,0.272252,922.7334,1.3167e+08
0.061682,0.277390,933.0419,1.3941e+08
0.061682,0.281955,942.1680,1.4660e+08
0.061682,0.283226,944.7021,1.4866e+08
0.061682,0.288356,954.9097,1.5723e+08
0.061682,0.293484,965.0704,1.6623e+08
0.061682,0.298608,975.1845,1.7567e+08
0.061682,0.303729,985.2375,1.8573e+08
0.061682,0.307472,992.5757,1.9322e+08
0.061682,0.309545,996.6387,1.9737e+08
0.061682,0.314658,1006.6092,2.0829e+08
0.061682,0.319767,1016.5314,2.1976e+08
0.061682,0.324873,1026.4074,2.3177e+08
0.061682,0.329974,1036.2374,2.4434e+08
0.061682,0.333069,1042.1808,2.5227e+08
0.061682,0.335768,1047.3572,2.5929e+08
0.061682,0.340861,1057.0878,2.7311e+08
0.061682,0.345949,1066.7725,2.8753e+08
0.061682,0.351033,1076.4113,3.0258e+08
0.061682,0.356112,1086.0044,3.1826e+08
0.061682,0.358729,1090.9355,3.2653e+08
0.061682,0.361904,1096.8980,3.3693e+08
0.061682,0.366950,1106.3481,3.5393e+08
0.061682,0.372014,1115.7963,3.7168e+08
0.061682,0.377073,1125.1990,3.9010e+08
0.061682,0.382127,1134.5561,4.0921e+08
0.061682,0.384432,1138.8097,4.1819e+08
0.061682,0.387920,1145.2352,4.3202e+08
0.061682,0.392907,1154.3939,4.5240e+08
0.061682,0.397944,1163.6046,4.7373e+08
0.061682,0.402975,1172.7649,4.9587e+08
0.061682,0.408000,1181.8796,5.1872e+08
0.061682,0.410152,1185.7796,5.2862e+08
0.061682,0.413749,1192.2651,5.4576e+08
0.061682,0.418717,1201.2018,5.6994e+08
0.061682,0.423722,1210.1718,5.9502e+08
0.061682,0.428721,1219.0966,6.2080e+08
0.061682,0.433713,1227.9715,6.4738e+08
0.061682,0.435864,1231.7815,6.5913e+08
0.061682,0.439397,1238.0313,6.7860e+08
0.061682,0.444358,1246.7731,7.0669e+08
0.061682,0.449329,1255.4987,7.3554e+08
0.061682,0.454292,1264.1794,7.6505e+08
0.061682,0.459248,1272.8154,7.9522e+08
0.061682,0.461535,1276.7794,8.0956e+08
0.061682,0.464876,1282.5715,8.3051e+08
0.061682,0.469814,1291.0949,8.6231e+08
0.061682,0.474747,1299.5764,8.9474e+08
0.061682,0.479671,1308.0131,9.2776e+08
0.061682,0.484588,1316.4057,9.6138e+08
0.061682,0.487130,1320.7209,9.7921e+08
0.061682,0.490199,1325.9324,1.0008e+09
0.061682,0.495068,1334.1627,1.0357e+09
0.061682,0.499959,1342.4018,1.0713e+09
0.061682,0.504842,1350.5965,1.1075e+09
0.061682,0.509716,1358.7406,1.1443e+09
0.061682,0.512611,1363.5577,1.1665e+09
0.061682,0.515387,1368.1709,1.1879e+09
0.061682,0.520103,1375.9811,1.2248e+09
0.061682,0.524951,1383.9814,1.2633e+09
0.061682,0.529789,1391.9334,1.3022e+09
0.061682,0.534619,1399.8316,1.3417e+09
0.061682,0.537938,1405.2473,1.3690e+09
0.061682,0.540464,1409.3520,1.3901e+09
0.061682,0.544909,1416.5651,1.4273e+09
0.061682,0.549711,1424.3268,1.4680e+09
0.061682,0.554503,1432.0337,1.5092e+09
0.061682,0.559286,1439.6994,1.5507e+09
0.061682,0.563072,1445.7506,1.5837e+09
0.061682,0.565459,1449.5477,1.6047e+09
0.061682,0.569476,1455.9321,1.6402e+09
0.061682,0.574230,1463.4528,1.6827e+09
0.061682,0.578975,1470.9334,1.7253e+09
0.061682,0.583711,1478.3738,1.7681e+09
0.061682,0.587972,1485.0323,1.8069e+09
0.061682,0.590405,1488.8336,1.8291e+09
0.061682,0.593799,1494.1063,1.8602e+09
0.061682,0.598506,1501.4067,1.9035e+09
0.061682,0.603204,1508.6655,1.9469e+09
0.061682,0.607892,1515.8718,1.9904e+09
0.061682,0.612571,1523.0411,2.0339e+09
0.061682,0.615338,1527.2683,2.0597e+09
0.061682,0.617911,1531.1916,2.0837e+09
0.061682,0.622540,1538.2225,2.1268e+09
0.061682,0.627191,1545.2588,2.1702e+09
0.061682,0.631834,1552.2585,2.2135e+09
0.061682,0.636467,1559.2190,2.2567e+09
0.061682,0.640084,1564.6255,2.2902e+09
0.061682,0.642402,1568.0891,2.3118e+09
0.061682,0.646339,1573.9469,2.3482e+09
0.061682,0.650947,1580.7846,2.3907e+09
0.061682,0.655546,1587.5793,2.4328e+09
0.061682,0.660137,1594.3330,2.4746e+09
0.061682,0.664532,1600.7792,2.5144e+09
0.061682,0.666932,1604.2873,2.5360e+09
0.061682,0.669920,1608.6507,2.5628e+09
0.061682,0.674488,1615.2886,2.6033e+09
0.061682,0.679048,1621.8926,2.6432e+09
0.061682,0.683601,1628.4646,2.6827e+09
0.061682,0.688147,1635.0008,2.7216e+09
0.061682,0.691522,1639.8317,2.7499e+09
0.061682,0.693848,1643.1592,2.7694e+09
0.061682,0.697841,1648.8475,2.8022e+09
0.061682,0.702369,1655.2807,2.8389e+09
0.061682,0.706891,1661.6794,2.8747e+09
0.061682,0.711408,1668.0428,2.9094e+09
0.061682,0.715856,1674.2881,2.9429e+09
0.061682,0.718037,1677.3410,2.9589e+09
0.061682,0.721046,1681.5461,2.9808e+09
0.061682,0.725551,1687.8214,3.0126e+09
0.061682,0.730054,1694.0623,3.0429e+09
0.061682,0.734553,1700.2782,3.0722e+09
0.061682,0.739051,1706.4698,3.1003e+09
0.061682,0.742610,1711.3515,3.1215e+09
0.061682,0.744797,1714.3428,3.1341e+09
0.061682,0.748658,1719.6118,3.1555e+09
0.061682,0.753155,1725.7214,3.1787e+09
0.061682,0.757652,1731.8101,3.2004e+09
0.061682,0.762152,1737.8784,3.2204e+09
0.061682,0.766654,1743.9270,3.2386e+09
0.061682,0.769015,1747.0841,3.2471e+09
0.061682,0.771892,1750.9311,3.2572e+09
0.061682,0.776288,1756.7808,3.2704e+09
0.061682,0.780805,1762.7665,3.2817e+09
0.061682,0.785325,1768.7314,3.2907e+09
0.061682,0.789845,1774.6720,3.2973e+09
0.061682,0.793744,1779.7753,3.3009e+09
0.061682,0.795655,1782.2688,3.3017e+09
0.061682,0.799503,1787.2756,3.3021e+09
0.061682,0.804022,1793.1320,3.2998e+09
0.061682,0.808540,1798.9599,3.2944e+09
0.061682,0.813057,1804.7592,3.2857e+09
0.061682,0.817574,1810.5300,3.2735e+09
0.061682,0.820168,1813.8309,3.2648e+09
0.061682,0.822860,1817.2465,3.2544e+09
0.061682,0.827226,1822.7635,3.2348e+09
0.061682,0.831742,1828.4427,3.2104e+09
0.061682,0.836258,1834.0896,3.1819e+09
0.061682,0.840772,1839.7035,3.1489e+09
0.061682,0.844998,1844.9312,3.1138e+09
0.061682,0.846507,1846.7932,3.1007e+09
0.061682,0.850411,1851.5856,3.0631e+09
0.061682,0.854918,1857.0864,3.0147e+09
0.061682,0.859421,1862.5473,2.9611e+09
0.061682,0.863918,1867.9664,2.9022e+09
0.061682,0.868408,1873.3413,2.8380e+09
0.061682,0.871367,1876.8597,2.7921e+09
0.061682,0.873629,1879.5379,2.7552e+09
0.061682,0.877974,1884.6558,2.6805e+09
0.061682,0.882435,1889.8675,2.5971e+09
0.061682,0.886888,1895.0273,2.5078e+09
0.061682,0.891331,1900.1294,2.4118e+09
0.061682,0.895766,1905.1770,2.3097e+09
0.061682,0.897364,1906.9829,2.2710e+09
0.061682,0.900798,1910.8440,2.1855e+09
0.061682,0.905221,1915.7700,2.0692e+09
0.061682,0.909644,1920.6427,1.9463e+09
0.061682,0.914073,1925.4658,1.8169e+09
0.061682,0.918510,1930.2395,1.6811e+09
0.061682,0.922524,1934.5059,1.5535e+09
0.061682,0.923597,1935.6393,1.5188e+09
0.061682,0.928026,1940.2763,1.3724e+09
0.061682,0.932480,1944.8788,1.2218e+09
0.061682,0.936927,1949.4194,1.0694e+09
0.061682,0.941375,1953.9097,9.1722e+08
0.061682,0.945828,1958.3709,7.6756e+08
0.061682,0.948598,1961.1389,6.7731e+08
0.061682,0.950892,1963.4339,6.0491e+08
0.061682,0.955341,1967.9245,4.7267e+08
0.061682,0.959782,1972.5296,3.5489e+08
0.061682,0.964226,1977.4123,2.5571e+08
0.061682,0.968680,1982.8635,1.7773e+08
0.061682,0.973134,1989.4095,1.2110e+08
0.061682,0.974510,1991.8586,1.0765e+08
0.061682,0.978184,1999.8697,7.7803e+07
0.061682,0.982624,2015.1616,4.9829e+07
0.061682,0.987052,2039.2771,2.8663e+07
0.061682,0.991437,2066.2103,1.4117e+07
0.061682,0.995759,2092.2565,4.5998e+06
0.061682,1.000000,2117.3778,1.8800e+04
0.064656,0.000000,300.0000,1.5107e+01
0.064656,0.005275,312.3664,1.7568e+03
0.064656,0.010489,326.2509,8.3832e+03
0.064656,0.015716,340.0344,2.0752e+04
0.064656,0.020951,353.6858,3.9037e+04
0.064656,0.025009,364.1688,5.8034e+04
0.064656,0.027057,369.4247,6.9432e+04
0.064656,0.032146,382.3983,1.0330e+05
0.064656,0.037387,395.6337,1.4788e+05
0.064656,0.042627,408.7552,2.0353e+05
0.064656,0.047866,421.7614,2.7309e+05
0.064656,0.050886,429.2212,3.1885e+05
0.064656,0.053972,436.7999,3.7315e+05
0.064656,0.059054,449.2204,4.7562e+05
0.064656,0.064287,461.9115,6.0470e+05
0.064656,0.069518,474.5070,7.6023e+05
0.064656,0.074746,487.0111,9.4611e+05
0.064656,0.076901,492.1365,1.0346e+06
0.064656,0.080697,501.1360,1.2038e+06
0.064656,0.085910,513.4228,1.4735e+06
0.064656,0.091131,525.6511,1.7895e+06
0.064656,0.096350,537.7980,2.1567e+06
0.064656,0.100924,548.3845,2.5248e+06
0.064656,0.103416,554.1286,2.7453e+06
0.064656,0.107493,563.4870,3.1382e+06
0.064656,0.112705,575.3872,3.7003e+06
0.064656,0.117914,587.2129,4.3315e+06
0.064656,0.123122,598.9666,5.0342e+06
0.064656,0.127171,608.0580,5.6354e+06
0.064656,0.129784,613.9039,6.0469e+06
0.064656,0.134241,623.8397,6.7964e+06
0.064656,0.139442,635.3740,7.7439e+06
0.064656,0.144641,646.8412,8.7723e+06
0.064656,0.149837,658.2425,9.8824e+06
0.064656,0.153517,666.2742,1.0726e+07
0.064656,0.155986,671.6544,1.1301e+07
0.064656,0.160933,682.3905,1.2523e+07
0.064656,0.166123,693.5937,1.3890e+07
0.064656,0.171311,704.7370,1.5339e+07
0.064656,0.176374,715.5649,1.6827e+07
0.064656,0.179721,722.6937,1.7857e+07
0.064656,0.182388,728.3582,1.8703e+07
0.064656,0.187569,739.3231,2.0406e+07
0.064656,0.192748,750.2296,2.2198e+07
0.064656,0.197925,761.0810,2.4074e+07
0.064656,0.202864,771.3912,2.5942e+07
0.064656,0.205660,777.2057,2.7040e+07
0.064656,0.208978,784.0867,2.8376e+07
0.064656,0.214147,794.7691,3.0539e+07
0.064656,0.219314,805.4020,3.2795e+07
0.064656,0.224479,815.9802,3.5163e+07
0.064656,0.229417,826.0536,3.7524e+07
0.064656,0.231468,830.2226,3.8541e+07
0.064656,0.235507,838.4163,4.0592e+07
0.064656,0.240664,848.8412,4.3318e+07
0.064656,0.245818,859.2127,4.6192e+07
0.064656,0.250970,869.5396,4.9196e+07
0.064656,0.256018,879.6158,5.2294e+07
0.064656,0.257151,881.8704,5.3014e+07
0.064656,0.261969,891.4415,5.6146e+07
0.064656,0.267112,901.6191,5.9660e+07
0.064656,0.272252,911.7482,6.3368e+07
0.064656,0.277390,921.8337,6.7259e+07
0.064656,0.281955,930.7630,7.0889e+07
0.064656,0.283226,933.2383,7.1954e+07
0.064656,0.288356,943.2213,7.6318e+07
0.064656,0.293484,953.1702,8.0856e+07
0.064656,0.298608,963.0698,8.5669e+07
0.064656,0.303729,972.9212,9.0764e+07
0.064656,0.307472,980.1018,9.4645e+07
0.064656,0.309545,984.0675,9.6870e+07
0.064656,0.314658,993.8275,1.0253e+08
0.064656,0.319767,1003.5430,1.0849e+08
0.064656,0.324873,1013.2125,1.1478e+08
0.064656,0.329974,1022.8392,1.2139e+08
0.064656,0.333069,1028.6643,1.2554e+08
0.064656,0.335768,1033.7308,1.2929e+08
0.064656,0.340861,1043.2660,1.3661e+08
0.064656,0.345949,1052.7577,1.4429e+08
0.064656,0.351033,1062.2035,1.5237e+08
0.064656,0.356112,1071.6066,1.6083e+08
0.064656,0.358729,1076.4387,1.6534e+08
0.064656,0.361904,1082.2860,1.7098e+08
0.064656,0.366950,1091.5540,1.8025e+08
0.064656,0.372014,1100.8217,1.8999e+08
0.064656,0.377073,1110.0463,2.0016e+08
0.064656,0.382127,1119.2276,2.1077e+08
0.064656,0.384432,1123.4021,2.1578e+08
0.064656,0.387920,1129.7106,2.2349e+08
0.064656,0.392907,1138.6992,2.3498e+08
0.064656,0.397944,1147.7421,2.4706e+08
0.064656,0.402975,1156.7416,2.5961e+08
0.064656,0.408000,1165.6976,2.7266e+08
0.064656,0.410152,1169.5231,2.7843e+08
0.064656,0.413749,1175.9022,2.8823e+08
0.064656,0.418717,1184.6868,3.0222e+08
0.064656,0.423722,1193.5046,3.1684e+08
0.064656,0.428721,1202.2785,3.3197e+08
0.064656,0.433713,1211.0085,3.4762e+08
0.064656,0.435864,1214.7602,3.5452e+08
0.064656,0.439397,1220.9078,3.6610e+08
0.064656,0.444358,1229.5141,3.8281e+08
0.064656,0.449329,1238.1046,4.0009e+08
0.064656,0.454292,1246.6510,4.1789e+08
0.064656,0.459248,1255.1532,4.3622e+08
0.064656,0.461535,1259.0639,4.4487e+08
0.064656,0.464876,1264.7666,4.5772e+08
0.064656,0.469814,1273.1707,4.7716e+08
0.064656,0.474747,1281.5332,4.9712e+08
0.064656,0.479671,1289.8510,5.1759e+08
0.064656,0.484588,1298.1247,5.3857e+08
0.064656,0.487130,1302.3844,5.4970e+08
0.064656,0.490199,1307.5258,5.6321e+08
0.064656,0.495068,1315.6523,5.8512e+08
0.064656,0.499959,1323.7835,6.0772e+08
0.064656,0.504842,1331.8695,6.3080e+08
0.064656,0.509716,1339.9114,6.5434e+08
0.064656,0.512611,1344.6737,6.6854e+08
0.064656,0.515387,1349.2298,6.8236e+08
0.064656,0.520103,1356.9480,7.0619e+08
0.064656,0.524951,1364.8523,7.3116e+08
0.064656,0.529789,1372.7114,7.5656e+08
0.064656,0.534619,1380.5272,7.8236e+08
0.064656,0.537938,1385.8810,8.0038e+08
0.064656,0.540464,1389.9440,8.1424e+08
0.064656,0.544909,1397.0804,8.3887e+08
0.064656,0.549711,1404.7578,8.6595e+08
0.064656,0.554503,1412.3890,8.9341e+08
0.064656,0.559286,1419.9773,9.2121e+08
0.064656,0.563072,1425.9646,9.4347e+08
0.064656,0.565459,1429.7299,9.5763e+08
0.064656,0.569476,1436.0495,9.8168e+08
0.064656,0.574230,1443.5056,1.0104e+09
0.064656,0.578975,1450.9197,1.0395e+09
0.064656,0.583711,1458.2905,1.0688e+09
0.064656,0.587972,1464.8941,1.0955e+09
0.064656,0.590405,1468.6587,1.1108e+09
0.064656,0.593799,1473.8931,1.1323e+09
0.064656,0.598506,1481.1308,1.1623e+09
0.064656,0.603204,1488.3286,1.1925e+09
0.064656,0.607892,1495.4853,1.2229e+09
0.064656,0.612571,1502.6028,1.2534e+09
0.064656,0.615338,1506.7946,1.2715e+09
0.064656,0.617911,1510.6920,1.2884e+09
0.064656,0.622540,1517.6718,1.3189e+09
0.064656,0.627191,1524.6615,1.3497e+09
0.064656,0.631834,1531.6124,1.3806e+09
0.064656,0.636467,1538.5257,1.4115e+09
0.064656,0.640084,1543.9073,1.4356e+09
0.064656,0.642402,1547.3432,1.4511e+09
0.064656,0.646339,1553.1722,1.4774e+09
0.064656,0.650947,1559.9672,1.5082e+09
0.064656,0.655546,1566.7233,1.5389e+09
0.064656,0.660137,1573.4436,1.5695e+09
0.064656,0.664532,1579.8560,1.5987e+09
0.064656,0.666932,1583.3499,1.6147e+09
0.064656,0.669920,1587.6872,1.6344e+09
0.064656,0.674488,1594.3005,1.6645e+09
0.064656,0.679048,1600.8799,1.6944e+09
0.064656,0.683601,1607.4211,1.7240e+09
0.064656,0.688147,1613.9307,1.7534e+09
0.064656,0.691522,1618.7494,1.7750e+09
0.064656,0.693848,1622.0636,1.7898e+09
0.064656,0.697841,1627.7361,1.8150e+09
0.064656,0.702369,1634.1497,1.8432e+09
0.064656,0.706891,1640.5334,1.8711e+09
0.064656,0.711408,1646.8871,1.8985e+09
0.064656,0.715856,1653.1191,1.9249e+09
0.064656,0.718037,1656.1669,1.9377e+09
0.064656,0.721046,1660.3653,1.9552e+09
0.064656,0.725551,1666.6310,1.9809e+09
0.064656,0.730054,1672.8712,2.0059e+09
0.064656,0.734553,1679.0867,2.0304e+09
0.064656,0.739051,1685.2786,2.0541e+09
0.064656,0.742610,1690.1648,2.0724e+09
0.064656,0.744797,1693.1566,2.0832e+09
0.064656,0.748658,1698.4322,2.1021e+09
0.064656,0.753155,1704.5555,2.1233e+09
0.064656,0.757652,1710.6586,2.1436e+09
0.064656,0.762152,1716.7418,2.1628e+09
0.064656,0.766654,1722.8080,2.1810e+09
0.064656,0.769015,1725.9795,2.1901e+09
0.064656,0.771892,1729.8407,2.2008e+09
0.064656,0.776288,1735.7186,2.2161e+09
0.064656,0.780805,1741.7381,2.2306e+09
0.064656,0.785325,1747.7404,2.2437e+09
0.064656,0.789845,1753.7224,2.2554e+09
0.064656,0.793744,1758.8634,2.2643e+09
0.064656,0.795655,1761.3804,2.2683e+09
0.064656,0.799503,1766.4316,2.2753e+09
0.064656,0.804022,1772.3450,2.2820e+09
0.064656,0.808540,1778.2353,2.2868e+09
0.064656,0.813057,1784.1024,2.2897e+09
0.064656,0.817574,1789.9473,2.2906e+09
0.064656,0.820168,1793.2946,2.2901e+09
0.064656,0.822860,1796.7600,2.2889e+09
0.064656,0.827226,1802.3637,2.2852e+09
0.064656,0.831742,1808.1403,2.2792e+09
0.064656,0.836258,1813.8931,2.2708e+09
0.064656,0.840772,1819.6209,2.2598e+09
0.064656,0.844998,1824.9618,2.2469e+09
0.064656,0.846507,1826.8632,2.2417e+09
0.064656,0.850411,1831.7714,2.2268e+09
0.064656,0.854918,1837.4177,2.2071e+09
0.064656,0.859421,1843.0321,2.1839e+09
0.064656,0.863918,1848.6158,2.1577e+09
0.064656,0.868408,1854.1666,2.1283e+09
0.064656,0.871367,1857.8093,2.1070e+09
0.064656,0.873629,1860.5857,2.0894e+09
0.064656,0.877974,1865.9013,2.0535e+09
0.064656,0.882435,1871.3317,2.0127e+09
0.064656,0.886888,1876.7240,1.9683e+09
0.064656,0.891331,1882.0763,1.9199e+09
0.064656,0.895766,1887.3874,1.8673e+09
0.064656,0.897364,1889.2949,1.8474e+09
0.064656,0.900798,1893.3775,1.8026e+09
0.064656,0.905221,1898.6075,1.7410e+09
0.064656,0.909644,1903.8045,1.6749e+09
0.064656,0.914073,1908.9717,1.6041e+09
0.064656,0.918510,1914.1123,1.5284e+09
0.064656,0.922524,1918.7255,1.4557e+09
0.064656,0.923597,1919.9550,1.4358e+09
0.064656,0.928026,1924.9971,1.3497e+09
0.064656,0.932480,1930.0241,1.2587e+09
0.064656,0.936927,1935.0003,1.1634e+09
0.064656,0.941375,1939.9245,1.0633e+09
0.064656,0.945828,1944.8073,9.5925e+08
0.064656,0.948598,1947.8191,8.9269e+08
0.064656,0.950892,1950.2982,8.3670e+08
0.064656,0.955341,1955.0706,7.2628e+08
0.064656,0.959782,1959.7914,6.1471e+08
0.064656,0.964226,1964.4827,5.0339e+08
0.064656,0.968680,1969.1798,3.9446e+08
0.064656,0.973134,1973.9257,2.9118e+08
0.064656,0.974510,1975.4189,2.6107e+08
0.064656,0.978184,1979.5268,1.8622e+08
0.064656,0.982624,1985.0053,1.1030e+08
0.064656,0.987052,1992.0691,5.5582e+07
0.064656,0.991437,2005.5088,2.3798e+07
0.064656,0.995759,2037.2433,6.8640e+06
0.064656,1.000000,2070.8957,1.2429e+04
0.067611,0.000000,300.0000,5.1671e+02
0.067611,0.005275,312.0033,4.8745e+02
0.067611,0.010489,325.7292,2.4649e+03
0.067611,0.015716,339.3625,6.2847e+03
0.067611,0.020951,352.8764,1.1787e+04
0.067611,0.025009,363.2264,1.7756e+04
0.067611,0.027057,368.4231,2.1161e+04
0.067611,0.032146,381.2188,3.1807e+04
0.067611,0.037387,394.2752,4.5513e+04
0.067611,0.042627,407.1978,6.2969e+04
0.067611,0.047866,419.9987,8.4517e+04
0.067611,0.050886,427.3268,9.9075e+04
0.067611,0.053972,434.7759,1.1584e+05
0.067611,0.059054,446.9576,1.4832e+05
0.067611,0.064287,459.4049,1.8834e+05
0.067611,0.069518,471.7544,2.3596e+05
0.067611,0.074746,484.0072,2.9257e+05
0.067611,0.076901,489.0226,3.2008e+05
0.067611,0.080697,497.8406,3.7072e+05
0.067611,0.085910,509.8674,4.5289e+05
0.067611,0.091131,521.8288,5.4967e+05
0.067611,0.096350,533.7043,6.6279e+05
0.067611,0.100924,544.0477,7.7742e+05
0.067611,0.103416,549.6575,8.4661e+05
0.067611,0.107493,558.7995,9.6949e+05
0.067611,0.112705,570.4167,1.1490e+06
0.067611,0.117914,581.9609,1.3522e+06
0.067611,0.123122,593.4295,1.5832e+06
0.067611,0.127171,602.2993,1.7835e+06
0.067611,0.129784,608.0011,1.9223e+06
0.067611,0.134241,617.6897,2.1783e+06
0.067611,0.139442,628.9338,2.5072e+06
0.067611,0.144641,640.1102,2.8698e+06
0.067611,0.149837,651.2185,3.2684e+06
0.067611,0.153517,659.0490,3.5724e+06
0.067611,0.155986,664.2849,3.7864e+06
0.067611,0.160933,674.7393,4.2406e+06
0.067611,0.166123,685.6462,4.7553e+06
0.067611,0.171311,696.4981,5.3035e+06
0.067611,0.176374,707.0302,5.8790e+06
0.067611,0.179721,713.9677,6.2781e+06
0.067611,0.182388,719.4811,6.6069e+06
0.067611,0.187569,730.1474,7.2781e+06
0.067611,0.192748,740.7578,7.9880e+06
0.067611,0.197925,751.3135,8.7369e+06
0.067611,0.202864,761.3392,9.4890e+06
0.067611,0.205660,766.9951,9.9310e+06
0.067611,0.208978,773.6869,1.0471e+07
0.067611,0.214147,784.0749,1.1349e+07
0.067611,0.219314,794.4115,1.2269e+07
0.067611,0.224479,804.6975,1.3235e+07
0.067611,0.229417,814.4897,1.4203e+07
0.067611,0.231468,818.5429,1.4619e+07
0.067611,0.235507,826.5075,1.5462e+07
0.067611,0.240664,836.6389,1.6584e+07
0.067611,0.245818,846.7227,1.7762e+07
0.067611,0.250970,856.7587,1.9001e+07
0.067611,0.256018,866.5516,2.0279e+07
0.067611,0.257151,868.7446,2.0573e+07
0.067611,0.261969,878.0455,2.1867e+07
0.067611,0.267112,887.9328,2.3325e+07
0.067611,0.272252,897.7820,2.4849e+07
0.067611,0.277390,907.5849,2.6459e+07
0.067611,0.281955,916.2610,2.7971e+07
0.067611,0.283226,918.6722,2.8400e+07
0.067611,0.288356,928.3782,3.0212e+07
0.067611,0.293484,938.0422,3.2121e+07
0.067611,0.298608,947.6639,3.4135e+07
0.067611,0.303729,957.2409,3.6269e+07
0.067611,0.307472,964.2208,3.7903e+07
0.067611,0.309545,968.0769,3.8837e+07
0.067611,0.314658,977.5654,4.1228e+07
0.067611,0.319767,987.0094,4.3765e+07
0.067611,0.324873,996.4145,4.6433e+07
0.067611,0.329974,1005.7755,4.9263e+07
0.067611,0.333069,1011.4388,5.1054e+07
0.067611,0.335768,1016.3678,5.2664e+07
0.067611,0.340861,1025.6418,5.5831e+07
0.067611,0.345949,1034.8739,5.9178e+07
0.067611,0.351033,1044.0659,6.2702e+07
0.067611,0.356112,1053.2166,6.6419e+07
0.067611,0.358729,1057.9197,6.8404e+07
0.067611,0.361904,1063.6117,7.0899e+07
0.067611,0.366950,1072.6321,7.5034e+07
0.067611,0.372014,1081.6547,7.9396e+07
0.067611,0.377073,1090.6371,8.3977e+07
0.067611,0.382127,1099.5772,8.8801e+07
0.067611,0.384432,1103.6456,9.1071e+07
0.067611,0.387920,1109.7888,9.4611e+07
0.067611,0.392907,1118.5457,9.9899e+07
0.067611,0.397944,1127.3595,1.0548e+08
0.067611,0.402975,1136.1319,1.1132e+08
0.067611,0.408000,1144.8626,1.1745e+08
0.067611,0.410152,1148.5959,1.2014e+08
0.067611,0.413749,1154.8172,1.2477e+08
0.067611,0.418717,1163.3838,1.3144e+08
0.067611,0.423722,1171.9865,1.3844e+08
0.067611,0.428721,1180.5500,1.4572e+08
0.067611,0.433713,1189.0708,1.5332e+08
0.067611,0.435864,1192.7328,1.5669e+08
0.067611,0.439397,1198.7358,1.6235e+08
0.067611,0.444358,1207.1422,1.7056e+08
0.067611,0.449329,1215.5339,1.7912e+08
0.067611,0.454292,1223.8836,1.8802e+08
0.067611,0.459248,1232.1932,1.9722e+08
0.067611,0.461535,1236.0177,2.0157e+08
0.067611,0.464876,1241.5949,2.0805e+08
0.067611,0.469814,1249.8119,2.1797e+08
0.067611,0.474747,1257.9911,2.2821e+08
0.067611,0.479671,1266.1294,2.3877e+08
0.067611,0.484588,1274.2273,2.4966e+08
0.067611,0.487130,1278.4004,2.5544e+08
0.067611,0.490199,1283.4325,2.6252e+08
0.067611,0.495068,1291.3896,2.7407e+08
0.067611,0.499959,1299.3567,2.8602e+08
0.067611,0.504842,1307.2822,2.9829e+08
0.067611,0.509716,1315.1669,3.1088e+08
0.067611,0.512611,1319.8341,3.1855e+08
0.067611,0.515387,1324.3036,3.2599e+08
0.067611,0.520103,1331.8741,3.3892e+08
0.067611,0.524951,1339.6289,3.5256e+08
0.067611,0.529789,1347.3414,3.6650e+08
0.067611,0.534619,1355.0133,3.8075e+08
0.067611,0.537938,1360.2699,3.9075e+08
0.067611,0.540464,1364.2631,3.9843e+08
0.067611,0.544909,1371.2703,4.1222e+08
0.067611,0.549711,1378.8134,4.2743e+08
0.067611,0.554503,1386.3152,4.4293e+08
0.067611,0.559286,1393.7763,4.5870e+08
0.067611,0.563072,1399.6644,4.7139e+08
0.067611,0.565459,1403.3679,4.7949e+08
0.067611,0.569476,1409.5854,4.9330e+08
0.067611,0.574230,1416.9220,5.0989e+08
0.067611,0.578975,1424.2185,5.2673e+08
0.067611,0.583711,1431.4746,5.4379e+08
0.067611,0.587972,1437.9811,5.5938e+08
0.067611,0.590405,1441.6859,5.6839e+08
0.067611,0.593799,1446.8443,5.8103e+08
0.067611,0.598506,1453.9774,5.9877e+08
0.067611,0.603204,1461.0721,6.1670e+08
0.067611,0.607892,1468.1272,6.3479e+08
0.067611,0.612571,1475.1446,6.5305e+08
0.067611,0.615338,1479.2841,6.6393e+08
0.067611,0.617911,1483.1245,6.7411e+08
0.067611,0.622540,1490.0145,6.9254e+08
0.067611,0.627191,1496.9160,7.1122e+08
0.067611,0.631834,1503.7800,7.3000e+08
0.067611,0.636467,1510.6076,7.4887e+08
0.067611,0.640084,1515.9192,7.6368e+08
0.067611,0.642402,1519.3173,7.7320e+08
0.067611,0.646339,1525.0754,7.8942e+08
0.067611,0.650947,1531.7921,8.0847e+08
0.067611,0.655546,1538.4740,8.2754e+08
0.067611,0.660137,1545.1214,8.4662e+08
0.067611,0.664532,1551.4649,8.6490e+08
0.067611,0.666932,1554.9227,8.7489e+08
0.067611,0.669920,1559.2145,8.8732e+08
0.067611,0.674488,1565.7599,9.0631e+08
0.067611,0.679048,1572.2736,9.2523e+08
0.067611,0.683601,1578.7554,9.4406e+08
0.067611,0.688147,1585.2070,9.6279e+08
0.067611,0.691522,1589.9815,9.7662e+08
0.067611,0.693848,1593.2686,9.8614e+08
0.067611,0.697841,1598.8941,1.0024e+09
0.067611,0.702369,1605.2543,1.0206e+09
0.067611,0.706891,1611.5864,1.0387e+09
0.067611,0.711408,1617.8917,1.0566e+09
0.067611,0.715856,1624.0813,1.0740e+09
0.067611,0.718037,1627.1092,1.0824e+09
0.067611,0.721046,1631.2791,1.0940e+09
0.067611,0.725551,1637.5067,1.1110e+09
0.067611,0.730054,1643.7110,1.1278e+09
0.067611,0.734553,1649.8930,1.1442e+09
0.067611,0.739051,1656.0542,1.1603e+09
0.067611,0.742610,1660.9152,1.1728e+09
0.067611,0.744797,1663.8962,1.1803e+09
0.067611,0.748658,1669.1498,1.1933e+09
0.067611,0.753155,1675.2507,1.2081e+09
0.067611,0.757652,1681.3355,1.2224e+09
0.067611,0.762152,1687.4055,1.2361e+09
0.067611,0.766654,1693.4621,1.2494e+09
0.067611,0.769015,1696.6290,1.2561e+09
0.067611,0.771892,1700.4850,1.2640e+09
0.067611,0.776288,1706.3606,1.2756e+09
0.067611,0.780805,1712.3818,1.2869e+09
0.067611,0.785325,1718.3905,1.2975e+09
0.067611,0.789845,1724.3827,1.3073e+09
0.067611,0.793744,1729.5365,1.3150e+09
0.067611,0.795655,1732.0589,1.3186e+09
0.067611,0.799503,1737.1280,1.3253e+09
0.067611,0.804022,1743.0673,1.3324e+09
0.067611,0.808540,1748.9861,1.3383e+09
0.067611,0.813057,1754.8909,1.3434e+09
0.067611,0.817574,1760.7773,1.3472e+09
0.067611,0.820168,1764.1551,1.3492e+09
0.067611,0.822860,1767.6500,1.3505e+09
0.067611,0.827226,1773.3122,1.3521e+09
0.067611,0.831742,1779.1498,1.3520e+09
0.067611,0.836258,1784.9733,1.3508e+09
0.067611,0.840772,1790.7821,1.3484e+09
0.067611,0.844998,1796.2064,1.3447e+09
0.067611,0.846507,1798.1403,1.3431e+09
0.067611,0.850411,1803.1332,1.3379e+09
0.067611,0.854918,1808.8856,1.3305e+09
0.067611,0.859421,1814.6201,1.3214e+09
0.067611,0.863918,1820.3338,1.3107e+09
0.067611,0.868408,1826.0248,1.2983e+09
0.067611,0.871367,1829.7645,1.2886e+09
0.067611,0.873629,1832.6234,1.2812e+09
0.067611,0.877974,1838.0998,1.2648e+09
0.067611,0.882435,1843.7105,1.2460e+09
0.067611,0.886888,1849.2967,1.2252e+09
0.067611,0.891331,1854.8585,1.2022e+09
0.067611,0.895766,1860.3963,1.1770e+09
0.067611,0.897364,1862.3896,1.1675e+09
0.067611,0.900798,1866.6655,1.1457e+09
0.067611,0.905221,1872.1609,1.1156e+09
0.067611,0.909644,1877.6431,1.0828e+09
0.067611,0.914073,1883.1187,1.0475e+09
0.067611,0.918510,1888.5928,1.0095e+09
0.067611,0.922524,1893.5320,9.7285e+08
0.067611,0.923597,1894.8509,9.6268e+08
0.067611,0.928026,1900.2861,9.1882e+08
0.067611,0.932480,1905.7378,8.7209e+08
0.067611,0.936927,1911.1682,8.2238e+08
0.067611,0.941375,1916.5851,7.6988e+08
0.067611,0.945828,1921.9963,7.1449e+08
0.067611,0.948598,1925.3562,6.7860e+08
0.067611,0.950892,1928.1344,6.4809e+08
0.067611,0.955341,1933.5158,5.8692e+08
0.067611,0.959782,1938.8787,5.2326e+08
0.067611,0.964226,1944.2391,4.5737e+08
0.067611,0.968680,1949.6135,3.8948e+08
0.067611,0.973134,1955.0017,3.2031e+08
0.067611,0.974510,1956.6735,2.9880e+08
0.067611,0.978184,1961.1585,2.4148e+08
0.067611,0.982624,1966.6684,1.7340e+08
0.067611,0.987052,1972.3853,1.0898e+08
0.067611,0.991437,1978.6718,5.2545e+07
0.067611,0.995759,1988.0516,1.2255e+07
0.067611,1.000000,2025.3116,7.1736e+03
0.070548,0.000000,300.0000,8.5867e+02
0.070548,0.005275,311.5619,1.2580e+02
0.070548,0.010489,325.0527,6.8859e+02
0.070548,0.015716,338.4791,1.6637e+03
0.070548,0.020951,351.7483,3.1791e+03
0.070548,0.025009,361.9211,4.7399e+03
0.070548,0.027057,367.0007,5.7556e+03
0.070548,0.032146,379.5802,8.4998e+03
0.070548,0.037387,392.3856,1.2179e+04
0.070548,0.042627,405.0442,1.6887e+04
0.070548,0.047866,417.5757,2.2723e+04
0.070548,0.050886,424.7580,2.6535e+04
0.070548,0.053972,432.0384,3.1174e+04
0.070548,0.059054,443.9596,3.9871e+04
0.070548,0.064287,456.1491,5.0367e+04
0.070548,0.069518,468.2141,6.3425e+04
0.070548,0.074746,480.1807,7.8941e+04
0.070548,0.076901,485.0859,8.6164e+04
0.070548,0.080697,493.6875,1.0023e+05
0.070548,0.085910,505.4193,1.2279e+05
0.070548,0.091131,517.0851,1.4939e+05
0.070548,0.096350,528.6670,1.8040e+05
0.070548,0.100924,538.7517,2.1202e+05
0.070548,0.103416,544.2140,2.3169e+05
0.070548,0.107493,553.1268,2.6583e+05
0.070548,0.112705,564.4469,3.1657e+05
0.070548,0.117914,575.6873,3.7536e+05
0.070548,0.123122,586.8518,4.4300e+05
0.070548,0.127171,595.4868,5.0211e+05
0.070548,0.129784,601.0354,5.4379e+05
0.070548,0.134241,610.4620,6.2176e+05
0.070548,0.139442,621.4011,7.2362e+05
0.070548,0.144641,632.2740,8.3802e+05
0.070548,0.149837,643.0778,9.6670e+05
0.070548,0.153517,650.6926,1.0666e+06
0.070548,0.155986,655.7826,1.1380e+06
0.070548,0.160933,665.9457,1.2917e+06
0.070548,0.166123,676.5498,1.4689e+06
0.070548,0.171311,687.0928,1.6631e+06
0.070548,0.176374,697.3272,1.8696e+06
0.070548,0.179721,704.0664,2.0152e+06
0.070548,0.182388,709.4194,2.1370e+06
0.070548,0.187569,719.7822,2.3861e+06
0.070548,0.192748,730.0875,2.6548e+06
0.070548,0.197925,740.3382,2.9425e+06
0.070548,0.202864,750.0737,3.2349e+06
0.070548,0.205660,755.5641,3.4088e+06
0.070548,0.208978,762.0606,3.6223e+06
0.070548,0.214147,772.1456,3.9715e+06
0.070548,0.219314,782.1796,4.3413e+06
0.070548,0.224479,792.1629,4.7323e+06
0.070548,0.229417,801.6665,5.1263e+06
0.070548,0.231468,805.6008,5.2960e+06
0.070548,0.235507,813.3303,5.6409e+06
0.070548,0.240664,823.1616,6.1022e+06
0.070548,0.245818,832.9456,6.5882e+06
0.070548,0.250970,842.6830,7.0996e+06
0.070548,0.256018,852.1856,7.6269e+06
0.070548,0.257151,854.3127,7.7489e+06
0.070548,0.261969,863.3373,8.2840e+06
0.070548,0.267112,872.9325,8.8858e+06
0.070548,0.272252,882.4847,9.5192e+06
0.070548,0.277390,891.9930,1.0187e+07
0.070548,0.281955,900.4107,1.0812e+07
0.070548,0.283226,902.7484,1.0991e+07
0.070548,0.288356,912.1651,1.1740e+07
0.070548,0.293484,921.5386,1.2533e+07
0.070548,0.298608,930.8709,1.3369e+07
0.070548,0.303729,940.1620,1.4253e+07
0.070548,0.307472,946.9323,1.4932e+07
0.070548,0.309545,950.6732,1.5320e+07
0.070548,0.314658,959.8760,1.6318e+07
0.070548,0.319767,969.0384,1.7374e+07
0.070548,0.324873,978.1608,1.8492e+07
0.070548,0.329974,987.2433,1.9676e+07
0.070548,0.333069,992.7381,2.0427e+07
0.070548,0.335768,997.5200,2.1104e+07
0.070548,0.340861,1006.5174,2.2442e+07
0.070548,0.345949,1015.4755,2.3857e+07
0.070548,0.351033,1024.3944,2.5357e+07
0.070548,0.356112,1033.2743,2.6943e+07
0.070548,0.358729,1037.8372,2.7796e+07
0.070548,0.361904,1043.3615,2.8867e+07
0.070548,0.366950,1052.1176,3.0647e+07
0.070548,0.372014,1060.8756,3.2535e+07
0.070548,0.377073,1069.5945,3.4532e+07
0.070548,0.382127,1078.2748,3.6641e+07
0.070548,0.384432,1082.2238,3.7642e+07
0.070548,0.387920,1088.1892,3.9200e+07
0.070548,0.392907,1096.6939,4.1538e+07
0.070548,0.397944,1105.2529,4.4025e+07
0.070548,0.402975,1113.7740,4.6643e+07
0.070548,0.408000,1122.2571,4.9394e+07
0.070548,0.410152,1125.8832,5.0614e+07
0.070548,0.413749,1131.9271,5.2721e+07
0.070548,0.418717,1140.2546,5.5749e+07
0.070548,0.423722,1148.6153,5.8961e+07
0.070548,0.428721,1156.9384,6.2326e+07
0.070548,0.433713,1165.2238,6.5845e+07
0.070548,0.435864,1168.7855,6.7411e+07
0.070548,0.439397,1174.6233,7.0059e+07
0.070548,0.444358,1182.7984,7.3922e+07
0.070548,0.449329,1190.9615,7.7974e+07
0.070548,0.454292,1199.0871,8.2194e+07
0.070548,0.459248,1207.1741,8.6595e+07
0.070548,0.461535,1210.8951,8.8694e+07
0.070548,0.464876,1216.3229,9.1827e+07
0.070548,0.469814,1224.3242,9.6624e+07
0.070548,0.474747,1232.2909,1.0160e+08
0.070548,0.479671,1240.2163,1.0679e+08
0.070548,0.484588,1248.1047,1.1216e+08
0.070548,0.487130,1252.1724,1.1501e+08
0.070548,0.490199,1257.0751,1.1854e+08
0.070548,0.495068,1264.8302,1.2431e+08
0.070548,0.499959,1272.5978,1.3030e+08
0.070548,0.504842,1280.3252,1.3650e+08
0.070548,0.509716,1288.0143,1.4290e+08
0.070548,0.512611,1292.5684,1.4680e+08
0.070548,0.515387,1296.9283,1.5061e+08
0.070548,0.520103,1304.3154,1.5726e+08
0.070548,0.524951,1311.8852,1.6429e+08
0.070548,0.529789,1319.4138,1.7154e+08
0.070548,0.534619,1326.9054,1.7897e+08
0.070548,0.537938,1332.0394,1.8421e+08
0.070548,0.540464,1335.9385,1.8826e+08
0.070548,0.544909,1342.7835,1.9555e+08
0.070548,0.549711,1350.1559,2.0361e+08
0.070548,0.554503,1357.4885,2.1187e+08
0.070548,0.559286,1364.7835,2.2031e+08
0.070548,0.563072,1370.5414,2.2713e+08
0.070548,0.565459,1374.1621,2.3151e+08
0.070548,0.569476,1380.2450,2.3897e+08
0.070548,0.574230,1387.4217,2.4800e+08
0.070548,0.578975,1394.5620,2.5719e+08
0.070548,0.583711,1401.6636,2.6655e+08
0.070548,0.587972,1408.0338,2.7513e+08
0.070548,0.590405,1411.6639,2.8009e+08
0.070548,0.593799,1416.7153,2.8709e+08
0.070548,0.598506,1423.7031,2.9693e+08
0.070548,0.603204,1430.6548,3.0693e+08
0.070548,0.607892,1437.5686,3.1706e+08
0.070548,0.612571,1444.4485,3.2730e+08
0.070548,0.615338,1448.5052,3.3344e+08
0.070548,0.617911,1452.2710,3.3918e+08
0.070548,0.622540,1459.0290,3.4961e+08
0.070548,0.627191,1465.7976,3.6022e+08
0.070548,0.631834,1472.5327,3.7091e+08
0.070548,0.636467,1479.2324,3.8169e+08
0.070548,0.640084,1484.4454,3.9017e+08
0.070548,0.642402,1487.7796,3.9564e+08
0.070548,0.646339,1493.4356,4.0495e+08
0.070548,0.650947,1500.0319,4.1593e+08
0.070548,0.655546,1506.5937,4.2694e+08
0.070548,0.660137,1513.1269,4.3798e+08
0.070548,0.664532,1519.3631,4.4858e+08
0.070548,0.666932,1522.7585,4.5439e+08
0.070548,0.669920,1526.9793,4.6162e+08
0.070548,0.674488,1533.4145,4.7267e+08
0.070548,0.679048,1539.8235,4.8371e+08
0.070548,0.683601,1546.1996,4.9472e+08
0.070548,0.688147,1552.5460,5.0567e+08
0.070548,0.691522,1557.2497,5.1379e+08
0.070548,0.693848,1560.4809,5.1936e+08
0.070548,0.697841,1566.0231,5.2890e+08
0.070548,0.702369,1572.2848,5.3962e+08
0.070548,0.706891,1578.5220,5.5025e+08
0.070548,0.711408,1584.7374,5.6078e+08
0.070548,0.715856,1590.8394,5.7103e+08
0.070548,0.718037,1593.8224,5.7599e+08
0.070548,0.721046,1597.9348,5.8280e+08
0.070548,0.725551,1604.0763,5.9285e+08
0.070548,0.730054,1610.1990,6.0275e+08
0.070548,0.734553,1616.3006,6.1245e+08
0.070548,0.739051,1622.3806,6.2190e+08
0.070548,0.742610,1627.1829,6.2925e+08
0.070548,0.744797,1630.1273,6.3367e+08
0.070548,0.748658,1635.3191,6.4137e+08
0.070548,0.753155,1641.3515,6.5011e+08
0.070548,0.757652,1647.3659,6.5848e+08
0.070548,0.762152,1653.3695,6.6657e+08
0.070548,0.766654,1659.3634,6.7436e+08
0.070548,0.769015,1662.4996,6.7830e+08
0.070548,0.771892,1666.3186,6.8297e+08
0.070548,0.776288,1672.1411,6.8983e+08
0.070548,0.780805,1678.1076,6.9639e+08
0.070548,0.785325,1684.0654,7.0254e+08
0.070548,0.789845,1690.0116,7.0825e+08
0.070548,0.793744,1695.1303,7.1283e+08
0.070548,0.795655,1697.6348,7.1486e+08
0.070548,0.799503,1702.6727,7.1881e+08
0.070548,0.804022,1708.5790,7.2293e+08
0.070548,0.808540,1714.4712,7.2644e+08
0.070548,0.813057,1720.3509,7.2930e+08
0.070548,0.817574,1726.2197,7.3154e+08
0.070548,0.820168,1729.5864,7.3255e+08
0.070548,0.822860,1733.0763,7.3334e+08
0.070548,0.827226,1738.7276,7.3407e+08
0.070548,0.831742,1744.5665,7.3411e+08
0.070548,0.836258,1750.3949,7.3337e+08
0.070548,0.840772,1756.2133,7.3183e+08
0.070548,0.844998,1761.6544,7.2961e+08
0.070548,0.846507,1763.5959,7.2868e+08
0.070548,0.850411,1768.6133,7.2566e+08
0.070548,0.854918,1774.4014,7.2135e+08
0.070548,0.859421,1780.1792,7.1608e+08
0.070548,0.863918,1785.9449,7.0984e+08
0.070548,0.868408,1791.6969,7.0249e+08
0.070548,0.871367,1795.4856,6.9710e+08
0.070548,0.873629,1798.3814,6.9259e+08
0.070548,0.877974,1803.9417,6.8325e+08
0.070548,0.882435,1809.6504,6.7257e+08
0.070548,0.886888,1815.3470,6.6065e+08
0.070548,0.891331,1821.0329,6.4754e+08
0.070548,0.895766,1826.7094,6.3330e+08
0.070548,0.897364,1828.7561,6.2779e+08
0.070548,0.900798,1833.1553,6.1549e+08
0.070548,0.905221,1838.8249,5.9855e+08
0.070548,0.909644,1844.5023,5.8014e+08
0.070548,0.914073,1850.1938,5.6044e+08
0.070548,0.918510,1855.9071,5.3931e+08
0.070548,0.922524,1861.0848,5.1893e+08
0.070548,0.923597,1862.4708,5.1333e+08
0.070548,0.928026,1868.2034,4.8919e+08
0.070548,0.932480,1873.9854,4.6348e+08
0.070548,0.936927,1879.7833,4.3633e+08
0.070548,0.941375,1885.6070,4.0781e+08
0.070548,0.945828,1891.4686,3.7796e+08
0.070548,0.948598,1895.1345,3.5871e+08
0.070548,0.950892,1898.1818,3.4241e+08
0.070548,0.955341,1904.1284,3.0993e+08
0.070548,0.959782,1910.1254,2.7638e+08
0.070548,0.964226,1916.1971,2.4193e+08
0.070548,0.968680,1922.3795,2.0669e+08
0.070548,0.973134,1928.6823,1.7111e+08
0.070548,0.974510,1930.6611,1.6010e+08
0.070548,0.978184,1936.0345,1.3087e+08
0.070548,0.982624,1942.7684,9.6273e+07
0.070548,0.987052,1949.8652,6.3503e+07
0.070548,0.991437,1957.5647,3.4265e+07
0.070548,0.995759,1966.6361,1.1120e+07
0.070548,1.000000,1980.2725,3.1056e+02
