Z,c,T_K,qdot_Jm3s
0.034038,0.000000,300.0000,-3.2194e+01
0.034038,0.002877,305.2626,1.3473e+02
0.034038,0.005624,310.4319,5.5488e+02
0.034038,0.008325,315.4740,1.2626e+03
0.034038,0.010993,320.4209,2.2802e+03
0.034038,0.012120,322.5020,2.7919e+03
0.034038,0.014014,325.9932,3.7721e+03
0.034038,0.016618,330.7754,5.3971e+03
0.034038,0.019213,335.5268,7.3303e+03
0.034038,0.021792,340.2328,9.6166e+03
0.034038,0.023858,343.9979,1.1648e+04
0.034038,0.025017,346.1040,1.2921e+04
0.034038,0.027259,350.1809,1.5407e+04
0.034038,0.029793,354.7749,1.8710e+04
0.034038,0.032315,359.3380,2.2370e+04
0.034038,0.034826,363.8735,2.6399e+04
0.034038,0.036369,366.6558,2.9149e+04
0.034038,0.037805,369.2446,3.1753e+04
0.034038,0.040164,373.4902,3.6467e+04
0.034038,0.042644,377.9469,4.1899e+04
0.034038,0.045115,382.3818,4.7747e+04
0.034038,0.047553,386.7513,5.3931e+04
0.034038,0.048816,389.0114,5.7509e+04
0.034038,0.050376,391.8016,6.1993e+04
0.034038,0.052824,396.1749,6.9521e+04
0.034038,0.055264,400.5309,7.7503e+04
0.034038,0.057697,404.8665,8.6387e+04
0.034038,0.059955,408.8865,9.4822e+04
0.034038,0.061219,411.1345,1.0015e+05
0.034038,0.062883,414.0909,1.0729e+05
0.034038,0.065298,418.3801,1.1796e+05
0.034038,0.067708,422.6512,1.2988e+05
0.034038,0.070112,426.9114,1.4194e+05
0.034038,0.072273,430.7341,1.5390e+05
0.034038,0.073521,432.9395,1.6128e+05
0.034038,0.075239,435.9750,1.7160e+05
0.034038,0.077629,440.1906,1.8700e+05
0.034038,0.080014,444.3932,2.0350e+05
0.034038,0.082395,448.5829,2.2105e+05
0.034038,0.084517,452.3145,2.3761e+05
0.034038,0.085749,454.4785,2.4771e+05
0.034038,0.087475,457.5072,2.6238e+05
0.034038,0.089844,461.6614,2.8348e+05
0.034038,0.092210,465.8029,3.0639e+05
0.034038,0.094572,469.9336,3.3060e+05
0.034038,0.096696,473.6445,3.5338e+05
0.034038,0.097927,475.7923,3.6757e+05
0.034038,0.099615,478.7376,3.8702e+05
0.034038,0.101968,482.8355,4.1657e+05
0.034038,0.104318,486.9246,4.4755e+05
0.034038,0.106666,491.0052,4.7995e+05
0.034038,0.108816,494.7362,5.1242e+05
0.034038,0.110071,496.9137,5.3143e+05
0.034038,0.111679,499.7000,5.5774e+05
0.034038,0.114019,503.7520,5.9669e+05
0.034038,0.116357,507.7927,6.3937e+05
0.034038,0.118692,511.8267,6.8358e+05
0.034038,0.120883,515.6045,7.2786e+05
0.034038,0.122194,517.8645,7.5502e+05
0.034038,0.123682,520.4272,7.8828e+05
0.034038,0.126012,524.4367,8.4056e+05
0.034038,0.128340,528.4352,8.9810e+05
0.034038,0.130667,532.4285,9.5729e+05
0.034038,0.132902,536.2599,1.0185e+06
0.034038,0.134306,538.6649,1.0571e+06
0.034038,0.135638,540.9440,1.0976e+06
0.034038,0.137960,544.9144,1.1681e+06
0.034038,0.140281,548.8759,1.2443e+06
0.034038,0.142600,552.8331,1.3225e+06
0.034038,0.144880,556.7168,1.4048e+06
0.034038,0.146415,559.3287,1.4632e+06
0.034038,0.147559,561.2742,1.5074e+06
0.034038,0.149875,565.2093,1.6017e+06
0.034038,0.152191,569.1382,1.7011e+06
0.034038,0.154505,573.0610,1.8057e+06
0.034038,0.156819,576.9776,1.9159e+06
0.034038,0.158519,579.8518,2.0012e+06
0.034038,0.159468,581.4555,2.0494e+06
0.034038,0.161767,585.3372,2.1714e+06
0.034038,0.164079,589.2360,2.3004e+06
0.034038,0.166391,593.1291,2.4361e+06
0.034038,0.168703,597.0168,2.5786e+06
0.034038,0.170529,600.0856,2.6964e+06
0.034038,0.171493,601.7037,2.7592e+06
0.034038,0.173647,605.3172,2.9067e+06
0.034038,0.175958,609.1892,3.0718e+06
0.034038,0.178268,613.0564,3.2445e+06
0.034038,0.180579,616.9190,3.4250e+06
0.034038,0.182521,620.1610,3.5825e+06
0.034038,0.183530,621.8446,3.6673e+06
0.034038,0.185524,625.1680,3.8387e+06
0.034038,0.187835,629.0172,4.0451e+06
0.034038,0.190147,632.8625,4.2601e+06
0.034038,0.192459,636.7033,4.4852e+06
0.034038,0.194501,640.0913,4.6923e+06
0.034038,0.195585,641.8882,4.8033e+06
0.034038,0.197408,644.9077,4.9986e+06
0.034038,0.199722,648.7369,5.2537e+06
0.034038,0.202037,652.5630,5.5184e+06
0.034038,0.204352,656.3860,5.7927e+06
0.034038,0.206479,659.8935,6.0545e+06
0.034038,0.207660,661.8379,6.2045e+06
0.034038,0.209310,664.5540,6.4168e+06
0.034038,0.211628,668.3668,6.7265e+06
0.034038,0.213948,672.1771,7.0465e+06
0.034038,0.216269,675.9851,7.3771e+06
0.034038,0.218465,679.5842,7.6996e+06
0.034038,0.219757,681.6999,7.8970e+06
0.034038,0.221239,684.1238,8.1240e+06
0.034038,0.223564,687.9236,8.4934e+06
0.034038,0.225890,691.7217,8.8740e+06
0.034038,0.228219,695.5173,9.2675e+06
0.034038,0.230468,699.1781,9.6651e+06
0.034038,0.231878,701.4731,9.9143e+06
0.034038,0.233205,703.6327,1.0149e+07
0.034038,0.235539,707.4215,1.0586e+07
0.034038,0.237874,711.2100,1.1033e+07
0.034038,0.240211,715.0011,1.1481e+07
0.034038,0.242501,718.7034,1.1954e+07
0.034038,0.244022,721.1629,1.2268e+07
0.034038,0.245218,723.0980,1.2515e+07
0.034038,0.247562,726.8825,1.3016e+07
0.034038,0.249908,730.6634,1.3538e+07
0.034038,0.252256,734.4478,1.4061e+07
0.034038,0.254575,738.1776,1.4603e+07
0.034038,0.256186,740.7662,1.4988e+07
0.034038,0.257287,742.5348,1.5252e+07
0.034038,0.259643,746.3187,1.5816e+07
0.034038,0.262001,750.0940,1.6422e+07
0.034038,0.264361,753.8731,1.7029e+07
0.034038,0.266703,757.6217,1.7636e+07
0.034038,0.268369,760.2801,1.8096e+07
0.034038,0.269420,761.9564,1.8385e+07
0.034038,0.271788,765.7360,1.9039e+07
0.034038,0.274160,769.5149,1.9710e+07
0.034038,0.276534,773.2902,2.0412e+07
0.034038,0.278898,777.0493,2.1110e+07
0.034038,0.280566,779.7006,2.1611e+07
0.034038,0.281623,781.3748,2.1945e+07
0.034038,0.284006,785.1514,2.2698e+07
0.034038,0.286392,788.9326,2.3453e+07
0.034038,0.288781,792.7099,2.4242e+07
0.034038,0.291171,796.4837,2.5050e+07
0.034038,0.292773,799.0132,2.5592e+07
0.034038,0.293903,800.7975,2.5975e+07
0.034038,0.296302,804.5749,2.6831e+07
0.034038,0.298704,808.3542,2.7700e+07
0.034038,0.301109,812.1385,2.8570e+07
0.034038,0.303517,815.9173,2.9488e+07
0.034038,0.304983,818.2163,3.0056e+07
0.034038,0.306265,820.2260,3.0552e+07
0.034038,0.308681,824.0128,3.1487e+07
0.034038,0.311099,827.7930,3.2479e+07
0.034038,0.313521,831.5762,3.3482e+07
0.034038,0.315946,835.3645,3.4487e+07
0.034038,0.317191,837.3053,3.5022e+07
0.034038,0.318714,839.6754,3.5698e+07
0.034038,0.321146,843.4613,3.6777e+07
0.034038,0.323582,847.2525,3.7858e+07
0.034038,0.326022,851.0380,3.9000e+07
0.034038,0.328464,854.8255,4.0162e+07
0.034038,0.329389,856.2589,4.0601e+07
0.034038,0.331252,859.1481,4.1487e+07
0.034038,0.333703,862.9367,4.2717e+07
0.034038,0.336156,866.7272,4.3969e+07
0.034038,0.338614,870.5230,4.5222e+07
0.034038,0.341074,874.3158,4.6531e+07
0.034038,0.341569,875.0774,4.6802e+07
0.034038,0.343883,878.6375,4.8069e+07
0.034038,0.346351,882.4363,4.9421e+07
0.034038,0.348823,886.2330,5.0827e+07
0.034038,0.351299,890.0279,5.2284e+07
0.034038,0.353424,893.2854,5.3535e+07
0.034038,0.354124,894.3584,5.3947e+07
0.034038,0.356608,898.1594,5.5455e+07
0.034038,0.359095,901.9572,5.7031e+07
0.034038,0.361585,905.7604,5.8608e+07
0.034038,0.364080,909.5668,6.0206e+07
0.034038,0.365678,911.9970,6.1296e+07
0.034038,0.366928,913.8990,6.2150e+07
0.034038,0.369428,917.7016,6.3855e+07
0.034038,0.371934,921.5129,6.5565e+07
0.034038,0.374444,925.3145,6.7410e+07
0.034038,0.376957,929.1216,6.9259e+07
0.034038,0.377986,930.6810,7.0016e+07
0.034038,0.379834,933.4807,7.1375e+07
0.034038,0.382346,937.2724,7.3342e+07
0.034038,0.384871,941.0817,7.5346e+07
0.034038,0.387399,944.8965,7.7352e+07
0.034038,0.389610,948.2264,7.9163e+07
0.034038,0.390650,949.7888,8.0054e+07
0.034038,0.392820,953.0507,8.1914e+07
0.034038,0.395360,956.8673,8.4090e+07
0.034038,0.397904,960.6855,8.6314e+07
0.034038,0.400452,964.4974,8.8672e+07
0.034038,0.402139,967.0219,9.0233e+07
0.034038,0.403540,969.1190,9.1530e+07
0.034038,0.405914,972.6703,9.3729e+07
0.034038,0.408473,976.4833,9.6288e+07
0.034038,0.411035,980.3020,9.8851e+07
0.034038,0.413484,983.9510,1.0130e+08
0.034038,0.414799,985.9095,1.0263e+08
0.034038,0.416530,988.4777,1.0450e+08
0.034038,0.419104,992.2969,1.0728e+08
0.034038,0.421682,996.1215,1.1007e+08
0.034038,0.424263,999.9482,1.1291e+08
0.034038,0.426321,1002.9915,1.1528e+08
0.034038,0.427586,1004.8624,1.1673e+08
0.034038,0.429799,1008.1282,1.1935e+08
0.034038,0.432391,1011.9544,1.2245e+08
0.034038,0.434988,1015.7775,1.2567e+08
0.034038,0.437516,1019.4981,1.2884e+08
0.034038,0.439161,1021.9142,1.3096e+08
0.034038,0.440556,1023.9634,1.3276e+08
0.034038,0.443164,1027.7891,1.3621e+08
0.034038,0.445775,1031.6171,1.3971e+08
0.034038,0.448390,1035.4423,1.4335e+08
0.034038,0.450747,1038.8895,1.4665e+08
0.034038,0.451756,1040.3613,1.4811e+08
0.034038,0.453997,1043.6316,1.5136e+08
0.034038,0.456623,1047.4587,1.5525e+08
0.034038,0.459252,1051.2852,1.5921e+08
0.034038,0.461880,1055.1049,1.6329e+08
0.034038,0.463516,1057.4811,1.6585e+08
0.034038,0.464873,1059.4493,1.6801e+08
0.034038,0.467495,1063.2492,1.7227e+08
0.034038,0.470113,1067.0394,1.7659e+08
0.034038,0.472726,1070.8172,1.8101e+08
0.034038,0.475334,1074.5819,1.8552e+08
0.034038,0.475816,1075.2773,1.8636e+08
0.034038,0.478297,1078.8554,1.9072e+08
0.034038,0.480891,1082.5872,1.9543e+08
0.034038,0.483477,1086.3071,2.0016e+08
0.034038,0.486056,1090.0088,2.0504e+08
0.034038,0.487696,1092.3628,2.0814e+08
0.034038,0.488986,1094.2105,2.1065e+08
0.034038,0.491549,1097.8807,2.1568e+08
0.034038,0.494105,1101.5360,2.2080e+08
0.034038,0.496655,1105.1776,2.2599e+08
0.034038,0.499198,1108.8034,2.3129e+08
0.034038,0.499978,1109.9149,2.3294e+08
0.034038,0.502087,1112.9200,2.3739e+08
0.034038,0.504615,1116.5133,2.4290e+08
0.034038,0.507136,1120.0966,2.4842e+08
0.034038,0.509651,1123.6617,2.5412e+08
0.034038,0.511723,1126.5992,2.5882e+08
0.034038,0.512734,1128.0300,2.6118e+08
0.034038,0.515009,1131.2478,2.6652e+08
0.034038,0.517503,1134.7721,2.7244e+08
0.034038,0.519991,1138.2812,2.7849e+08
0.034038,0.522473,1141.7788,2.8459e+08
0.034038,0.524103,1144.0720,2.8869e+08
0.034038,0.525443,1145.9574,2.9207e+08
0.034038,0.527761,1149.2155,2.9801e+08
0.034038,0.530223,1152.6704,3.0442e+08
0.034038,0.532679,1156.1125,3.1092e+08
0.034038,0.535129,1159.5417,3.1752e+08
0.034038,0.536459,1161.4031,3.2111e+08
0.034038,0.537984,1163.5317,3.2535e+08
0.034038,0.540352,1166.8369,3.3194e+08
0.034038,0.542783,1170.2259,3.3884e+08
0.034038,0.545209,1173.6033,3.4582e+08
0.034038,0.547627,1176.9648,3.5290e+08
0.034038,0.548783,1178.5712,3.5633e+08
0.034038,0.550379,1180.7877,3.6107e+08
0.034038,0.552788,1184.1263,3.6837e+08
0.034038,0.555190,1187.4537,3.7573e+08
0.034038,0.557587,1190.7681,3.8321e+08
0.034038,0.559894,1193.9547,3.9050e+08
0.034038,0.561093,1195.6111,3.9429e+08
0.034038,0.562697,1197.8208,3.9951e+08
0.034038,0.565077,1201.0998,4.0726e+08
0.034038,0.567452,1204.3666,4.1513e+08
0.034038,0.569821,1207.6218,4.2308e+08
0.034038,0.572085,1210.7288,4.3077e+08
0.034038,0.573313,1212.4108,4.3501e+08
0.034038,0.574873,1214.5488,4.4041e+08
0.034038,0.577227,1217.7696,4.4865e+08
0.034038,0.579575,1220.9788,4.5700e+08
0.034038,0.581918,1224.1777,4.6540e+08
0.034038,0.584193,1227.2773,4.7372e+08
0.034038,0.585458,1229.0017,4.7834e+08
0.034038,0.586915,1230.9843,4.8375e+08
0.034038,0.589243,1234.1483,4.9249e+08
0.034038,0.591567,1237.3045,5.0126e+08
0.034038,0.593885,1240.4464,5.1020e+08
0.034038,0.596199,1243.5821,5.1912e+08
0.034038,0.597544,1245.3999,5.2444e+08
0.034038,0.598841,1247.1532,5.2958e+08
0.034038,0.601134,1250.2517,5.3865e+08
0.034038,0.603434,1253.3514,5.4797e+08
0.034038,0.605728,1256.4442,5.5728e+08
0.034038,0.608019,1259.5244,5.6674e+08
0.034038,0.609560,1261.5960,5.7315e+08
0.034038,0.610760,1263.2085,5.7813e+08
0.034038,0.612904,1266.0847,5.8720e+08
0.034038,0.615181,1269.1365,5.9689e+08
0.034038,0.617454,1272.1779,6.0666e+08
0.034038,0.619722,1275.2094,6.1653e+08
0.034038,0.621491,1277.5742,6.2424e+08
0.034038,0.622628,1279.0893,6.2929e+08
0.034038,0.624560,1281.6646,6.3788e+08
0.034038,0.626816,1284.6689,6.4795e+08
0.034038,0.629067,1287.6610,6.5816e+08
0.034038,0.631314,1290.6475,6.6835e+08
0.034038,0.633332,1293.3226,6.7768e+08
0.034038,0.634460,1294.8176,6.8290e+08
0.034038,0.636108,1297.0021,6.9052e+08
0.034038,0.638343,1299.9568,7.0103e+08
0.034038,0.640574,1302.9056,7.1154e+08
0.034038,0.642801,1305.8436,7.2215e+08
0.034038,0.645024,1308.7740,7.3280e+08
0.034038,0.646280,1310.4283,7.3882e+08
0.034038,0.647593,1312.1549,7.4522e+08
0.034038,0.649769,1315.0145,7.5581e+08
0.034038,0.651981,1317.9190,7.6664e+08
0.034038,0.654189,1320.8131,7.7755e+08
0.034038,0.656393,1323.7018,7.8847e+08
0.034038,0.658092,1325.9221,7.9698e+08
0.034038,0.659197,1327.3664,8.0252e+08
0.034038,0.661098,1329.8514,8.1204e+08
0.034038,0.663292,1332.7111,8.2317e+08
0.034038,0.665482,1335.5657,8.3428e+08
0.034038,0.667668,1338.4102,8.4546e+08
0.034038,0.669812,1341.1967,8.5646e+08
0.034038,0.670785,1342.4609,8.6144e+08
0.034038,0.672336,1344.4723,8.6947e+08
0.034038,0.674512,1347.2938,8.8073e+08
0.034038,0.676686,1350.1077,8.9201e+08
0.034038,0.678856,1352.9129,9.0333e+08
0.034038,0.681023,1355.7129,9.1464e+08
0.034038,0.682587,1357.7303,9.2286e+08
0.034038,0.683682,1359.1413,9.2860e+08
0.034038,0.685648,1361.6761,9.3892e+08
0.034038,0.687806,1364.4497,9.5028e+08
0.034038,0.689960,1367.2193,9.6163e+08
0.034038,0.692111,1369.9790,9.7299e+08
0.034038,0.694260,1372.7339,9.8433e+08
0.034038,0.695095,1373.8042,9.8874e+08
0.034038,0.696714,1375.8747,9.9729e+08
0.034038,0.698847,1378.6026,1.0085e+09
0.034038,0.700987,1381.3346,1.0198e+09
0.034038,0.703124,1384.0597,1.0311e+09
0.034038,0.705258,1386.7791,1.0423e+09
0.034038,0.706974,1388.9615,1.0513e+09
0.034038,0.707825,1390.0449,1.0558e+09
0.034038,0.709815,1392.5737,1.0662e+09
0.034038,0.711941,1395.2705,1.0773e+09
0.034038,0.714065,1397.9636,1.0883e+09
0.034038,0.716186,1400.6471,1.0992e+09
0.034038,0.718304,1403.3276,1.1101e+09
0.034038,0.719421,1404.7374,1.1158e+09
0.034038,0.720715,1406.3709,1.1224e+09
0.034038,0.722829,1409.0379,1.1332e+09
0.034038,0.724940,1411.6958,1.1437e+09
0.034038,0.727049,1414.3502,1.1543e+09
0.034038,0.729156,1416.9968,1.1647e+09
0.034038,0.731261,1419.6390,1.1750e+09
0.034038,0.731707,1420.1992,1.1772e+09
0.034038,0.733656,1422.6412,1.1865e+09
0.034038,0.735756,1425.2709,1.1966e+09
0.034038,0.737854,1427.8940,1.2064e+09
0.034038,0.739950,1430.5123,1.2161e+09
0.034038,0.742045,1433.1247,1.2257e+09
0.034038,0.743854,1435.3791,1.2338e+09
0.034038,0.744429,1436.0951,1.2364e+09
0.034038,0.746519,1438.6956,1.2456e+09
0.034038,0.748608,1441.2916,1.2546e+09
0.034038,0.750695,1443.8821,1.2633e+09
0.034038,0.752780,1446.4677,1.2719e+09
0.034038,0.754864,1449.0484,1.2803e+09
0.034038,0.756166,1450.6577,1.2854e+09
0.034038,0.757237,1451.9829,1.2895e+09
0.034038,0.759318,1454.5527,1.2973e+09
0.034038,0.761397,1457.1187,1.3049e+09
0.034038,0.763476,1459.6793,1.3122e+09
0.034038,0.765553,1462.2363,1.3193e+09
0.034038,0.767556,1464.6980,1.3257e+09
0.034038,0.768526,1465.8902,1.3287e+09
0.034038,0.769993,1467.6916,1.3333e+09
0.034038,0.772067,1470.2338,1.3392e+09
0.034038,0.774140,1472.7742,1.3451e+09
0.034038,0.776213,1475.3084,1.3502e+09
0.034038,0.778284,1477.8411,1.3554e+09
0.034038,0.780089,1480.0430,1.3592e+09
0.034038,0.780961,1481.1062,1.3611e+09
0.034038,0.782713,1483.2419,1.3646e+09
0.034038,0.784780,1485.7590,1.3682e+09
0.034038,0.786846,1488.2715,1.3715e+09
0.034038,0.788910,1490.7791,1.3743e+09
0.034038,0.790973,1493.2808,1.3766e+09
0.034038,0.792514,1495.1500,1.3780e+09
0.034038,0.793447,1496.2801,1.3788e+09
0.034038,0.795378,1498.6167,1.3799e+09
0.034038,0.797435,1501.1035,1.3807e+09
0.034038,0.799489,1503.5847,1.3808e+09
0.034038,0.801542,1506.0609,1.3804e+09
0.034038,0.803593,1508.5331,1.3796e+09
0.034038,0.804839,1510.0329,1.3787e+09
0.034038,0.805955,1511.3759,1.3777e+09
0.034038,0.807975,1513.8054,1.3755e+09
0.034038,0.810021,1516.2630,1.3727e+09
0.034038,0.812066,1518.7158,1.3691e+09
0.034038,0.814109,1521.1655,1.3651e+09
0.034038,0.816130,1523.5848,1.3601e+09
0.034038,0.817102,1524.7490,1.3577e+09
0.034038,0.818476,1526.3914,1.3537e+09
0.034038,0.820515,1528.8291,1.3474e+09
0.034038,0.822553,1531.2624,1.3402e+09
0.034038,0.824590,1533.6928,1.3323e+09
0.034038,0.826627,1536.1208,1.3238e+09
0.034038,0.828589,1538.4574,1.3146e+09
0.034038,0.829363,1539.3787,1.3110e+09
0.034038,0.830982,1541.3051,1.3025e+09
0.034038,0.833017,1543.7251,1.2914e+09
0.034038,0.835052,1546.1432,1.2795e+09
0.034038,0.837086,1548.5593,1.2665e+09
0.034038,0.839121,1550.9746,1.2528e+09
0.034038,0.841020,1553.2276,1.2393e+09
0.034038,0.841630,1553.9516,1.2347e+09
0.034038,0.843476,1556.1398,1.2207e+09
0.034038,0.845512,1558.5540,1.2041e+09
0.034038,0.847550,1560.9688,1.1867e+09
0.034038,0.849588,1563.3848,1.1684e+09
0.034038,0.851629,1565.8026,1.1492e+09
0.034038,0.853436,1567.9448,1.1316e+09
0.034038,0.853955,1568.5602,1.1263e+09
0.034038,0.856000,1570.9840,1.1052e+09
0.034038,0.858047,1573.4115,1.0832e+09
0.034038,0.860097,1575.8437,1.0602e+09
0.034038,0.862150,1578.2814,1.0364e+09
0.034038,0.864206,1580.7256,1.0117e+09
0.034038,0.865832,1582.6606,9.9155e+08
0.034038,0.866554,1583.5200,9.8252e+08
0.034038,0.868620,1585.9820,9.5602e+08
0.034038,0.870690,1588.4540,9.2873e+08
0.034038,0.872766,1590.9372,9.0068e+08
0.034038,0.874847,1593.4329,8.7193e+08
0.034038,0.876934,1595.9427,8.4254e+08
0.034038,0.878139,1597.3951,8.2534e+08
0.034038,0.879321,1598.8222,8.0833e+08
0.034038,0.881424,1601.3689,7.7772e+08
0.034038,0.883533,1603.9353,7.4667e+08
0.034038,0.885651,1606.5225,7.1528e+08
0.034038,0.887776,1609.1344,6.8364e+08
0.034038,0.889790,1611.6231,6.5366e+08
0.034038,0.890583,1612.6068,6.4188e+08
0.034038,0.892355,1614.8161,6.1563e+08
0.034038,0.894509,1617.5199,5.8396e+08
0.034038,0.896673,1620.2597,5.5259e+08
0.034038,0.898846,1623.0381,5.2165e+08
0.034038,0.901006,1625.8298,4.9160e+08
0.034038,0.902519,1627.8038,4.7105e+08
0.034038,0.903529,1629.1305,4.5761e+08
0.034038,0.905734,1632.0575,4.2911e+08
0.034038,0.907948,1635.0367,4.0159e+08
0.034038,0.910172,1638.0796,3.7540e+08
0.034038,0.912407,1641.1909,3.5061e+08
0.034038,0.914344,1643.9318,3.3035e+08
0.034038,0.915199,1645.1540,3.2171e+08
0.034038,0.917226,1648.0945,3.0239e+08
0.034038,0.919495,1651.4564,2.8241e+08
0.034038,0.921775,1654.9089,2.6401e+08
0.034038,0.924064,1658.4629,2.4738e+08
0.034038,0.926162,1661.8049,2.3360e+08
0.034038,0.927219,1663.5026,2.2693e+08
0.034038,0.928986,1666.4075,2.1668e+08
0.034038,0.931297,1670.3031,2.0457e+08
0.034038,0.933615,1674.3125,1.9355e+08
0.034038,0.935939,1678.4496,1.8355e+08
0.034038,0.938133,1682.4721,1.7491e+08
0.034038,0.939318,1684.6871,1.7049e+08
0.034038,0.940932,1687.7599,1.6471e+08
0.034038,0.943274,1692.3318,1.5671e+08
0.034038,0.945623,1697.0543,1.4901e+08
0.034038,0.947977,1701.9325,1.4150e+08
0.034038,0.950234,1706.7430,1.3438e+08
0.034038,0.951473,1709.4455,1.3049e+08
0.034038,0.953033,1712.9127,1.2558e+08
0.034038,0.955406,1718.3129,1.1807e+08
0.034038,0.957784,1723.8869,1.1047e+08
0.034038,0.960167,1729.6487,1.0276e+08
0.034038,0.962471,1735.3804,9.5228e+07
0.034038,0.963669,1738.4219,9.1290e+07
0.034038,0.965290,1742.6153,8.5935e+07
0.034038,0.967693,1748.9818,7.7973e+07
0.034038,0.970104,1755.5439,7.0003e+07
0.034038,0.972521,1762.2921,6.2090e+07
0.034038,0.974871,1768.9988,5.4522e+07
0.034038,0.975895,1771.9654,5.1281e+07
0.034038,0.977715,1777.2926,4.5621e+07
0.034038,0.980153,1784.5303,3.8299e+07
0.034038,0.982596,1791.8661,3.1338e+07
0.034038,0.985043,1799.2584,2.4805e+07
0.034038,0.987443,1806.5068,1.8938e+07
0.034038,0.988135,1808.5902,1.7353e+07
0.034038,0.990285,1815.0263,1.2780e+07
0.034038,0.992732,1822.2599,8.2414e+06
0.034038,0.995169,1829.3263,4.5314e+06
0.034038,0.997594,1836.1970,1.7358e+06
0.034038,1.000000,1842.8228,-2.6612e+01
0.035345,0.000000,300.0000,1.0572e+01
0.035345,0.002877,305.3798,2.0290e+02
0.035345,0.005624,310.6910,8.4798e+02
0.035345,0.008325,315.8731,1.9498e+03
0.035345,0.010993,320.9612,3.5116e+03
0.035345,0.012120,323.1024,4.2912e+03
0.035345,0.014014,326.6942,5.8052e+03
0.035345,0.016618,331.6151,8.3237e+03
0.035345,0.019213,336.5050,1.1350e+04
0.035345,0.021792,341.3534,1.4734e+04
0.035345,0.023858,345.2284,1.7901e+04
0.035345,0.025017,347.3976,1.9810e+04
0.035345,0.027259,351.5902,2.3860e+04
0.035345,0.029793,356.3183,2.8986e+04
0.035345,0.032315,361.0149,3.4669e+04
0.035345,0.034826,365.6820,4.1038e+04
0.035345,0.036369,368.5465,4.5291e+04
0.035345,0.037805,371.2105,4.9426e+04
0.035345,0.040164,375.5809,5.6808e+04
0.035345,0.042644,380.1704,6.5127e+04
0.035345,0.045115,384.7353,7.4351e+04
0.035345,0.047553,389.2321,8.4283e+04
0.035345,0.048816,391.5604,8.9685e+04
0.035345,0.050376,394.4345,9.6511e+04
0.035345,0.052824,398.9356,1.0856e+05
0.035345,0.055264,403.4213,1.2098e+05
0.035345,0.057697,407.8867,1.3471e+05
0.035345,0.059955,412.0235,1.4841e+05
0.035345,0.061219,414.3393,1.5651e+05
0.035345,0.062883,417.3832,1.6771e+05
0.035345,0.065298,421.7970,1.8494e+05
0.035345,0.067708,426.1954,2.0339e+05
0.035345,0.070112,430.5782,2.2310e+05
0.035345,0.072273,434.5122,2.4219e+05
0.035345,0.073521,436.7824,2.5381e+05
0.035345,0.075239,439.9061,2.7032e+05
0.035345,0.077629,444.2444,2.9493e+05
0.035345,0.080014,448.5701,3.2109e+05
0.035345,0.082395,452.8827,3.4880e+05
0.035345,0.084517,456.7228,3.7535e+05
0.035345,0.085749,458.9501,3.9142e+05
0.035345,0.087475,462.0664,4.1508e+05
0.035345,0.089844,466.3407,4.4928e+05
0.035345,0.092210,470.6047,4.8519e+05
0.035345,0.094572,474.8551,5.2432e+05
0.035345,0.096696,478.6730,5.6141e+05
0.035345,0.097927,480.8840,5.8390e+05
0.035345,0.099615,483.9145,6.1545e+05
0.035345,0.101968,488.1317,6.6297e+05
0.035345,0.104318,492.3394,7.1324e+05
0.035345,0.106666,496.5383,7.6575e+05
0.035345,0.108816,500.3773,8.1854e+05
0.035345,0.110071,502.6175,8.4970e+05
0.035345,0.111679,505.4855,8.9182e+05
0.035345,0.114019,509.6533,9.5642e+05
0.035345,0.116357,513.8119,1.0253e+06
0.035345,0.118692,517.9629,1.0971e+06
0.035345,0.120883,521.8488,1.1704e+06
0.035345,0.122194,524.1734,1.2154e+06
0.035345,0.123682,526.8130,1.2670e+06
0.035345,0.126012,530.9364,1.3547e+06
0.035345,0.128340,535.0516,1.4476e+06
0.035345,0.130667,539.1588,1.5460e+06
0.035345,0.132902,543.1009,1.6458e+06
0.035345,0.134306,545.5732,1.7115e+06
0.035345,0.135638,547.9192,1.7761e+06
0.035345,0.137960,552.0022,1.8934e+06
0.035345,0.140281,556.0780,2.0172e+06
0.035345,0.142600,560.1465,2.1480e+06
0.035345,0.144880,564.1405,2.2835e+06
0.035345,0.146415,566.8269,2.3788e+06
0.035345,0.147559,568.8270,2.4524e+06
0.035345,0.149875,572.8739,2.6066e+06
0.035345,0.152191,576.9143,2.7688e+06
0.035345,0.154505,580.9484,2.9393e+06
0.035345,0.156819,584.9757,3.1191e+06
0.035345,0.158519,587.9311,3.2580e+06
0.035345,0.159468,589.5804,3.3359e+06
0.035345,0.161767,593.5713,3.5348e+06
0.035345,0.164079,597.5797,3.7443e+06
0.035345,0.166391,601.5825,3.9636e+06
0.035345,0.168703,605.5797,4.1930e+06
0.035345,0.170529,608.7358,4.3803e+06
0.035345,0.171493,610.3981,4.4841e+06
0.035345,0.173647,614.1137,4.7190e+06
0.035345,0.175958,618.0949,4.9814e+06
0.035345,0.178268,622.0700,5.2576e+06
0.035345,0.180579,626.0404,5.5454e+06
0.035345,0.182521,629.3727,5.7958e+06
0.035345,0.183530,631.1035,5.9294e+06
0.035345,0.185524,634.5196,6.2005e+06
0.035345,0.187835,638.4762,6.5253e+06
0.035345,0.190147,642.4284,6.8635e+06
0.035345,0.192459,646.3755,7.2172e+06
0.035345,0.194501,649.8579,7.5397e+06
0.035345,0.195585,651.7041,7.7143e+06
0.035345,0.197408,654.8078,8.0165e+06
0.035345,0.199722,658.7437,8.4104e+06
0.035345,0.202037,662.6754,8.8202e+06
0.035345,0.204352,666.6030,9.2460e+06
0.035345,0.206479,670.2073,9.6484e+06
0.035345,0.207660,672.2057,9.8773e+06
0.035345,0.209310,674.9964,1.0203e+07
0.035345,0.211628,678.9149,1.0673e+07
0.035345,0.213948,682.8292,1.1162e+07
0.035345,0.216269,686.7412,1.1665e+07
0.035345,0.218465,690.4391,1.2153e+07
0.035345,0.219757,692.6126,1.2451e+07
0.035345,0.221239,695.1030,1.2793e+07
0.035345,0.223564,699.0032,1.3358e+07
0.035345,0.225890,702.9047,1.3928e+07
0.035345,0.228219,706.8081,1.4501e+07
0.035345,0.230468,710.5670,1.5098e+07
0.035345,0.231878,712.9234,1.5472e+07
0.035345,0.233205,715.1409,1.5824e+07
0.035345,0.235539,719.0361,1.6458e+07
0.035345,0.237874,722.9246,1.7129e+07
0.035345,0.240211,726.8162,1.7799e+07
0.035345,0.242501,730.6248,1.8470e+07
0.035345,0.244022,733.1506,1.8932e+07
0.035345,0.245218,735.1377,1.9297e+07
0.035345,0.247562,739.0224,2.0037e+07
0.035345,0.249908,742.9069,2.0792e+07
0.035345,0.252256,746.7914,2.1561e+07
0.035345,0.254575,750.6212,2.2349e+07
0.035345,0.256186,753.2809,2.2901e+07
0.035345,0.257287,755.0955,2.3289e+07
0.035345,0.259643,758.9771,2.4122e+07
0.035345,0.262001,762.8561,2.4982e+07
0.035345,0.264361,766.7349,2.5861e+07
0.035345,0.266703,770.5809,2.6746e+07
0.035345,0.268369,773.3112,2.7399e+07
0.035345,0.269420,775.0328,2.7810e+07
0.035345,0.271788,778.9103,2.8757e+07
0.035345,0.274160,782.7889,2.9719e+07
0.035345,0.276534,786.6645,3.0716e+07
0.035345,0.278898,790.5187,3.1730e+07
0.035345,0.280566,793.2345,3.2467e+07
0.035345,0.281623,794.9541,3.2934e+07
0.035345,0.284006,798.8330,3.3986e+07
0.035345,0.286392,802.7111,3.5068e+07
0.035345,0.288781,806.5842,3.6198e+07
0.035345,0.291171,810.4586,3.7329e+07
0.035345,0.292773,813.0556,3.8087e+07
0.035345,0.293903,814.8833,3.8644e+07
0.035345,0.296302,818.7567,3.9861e+07
0.035345,0.298704,822.6352,4.1079e+07
0.035345,0.301109,826.5186,4.2299e+07
0.035345,0.303517,830.3915,4.3609e+07
0.035345,0.304983,832.7497,4.4406e+07
0.035345,0.306265,834.8112,4.5104e+07
0.035345,0.308681,838.6956,4.6417e+07
0.035345,0.311099,842.5719,4.7812e+07
0.035345,0.313521,846.4508,4.9226e+07
0.035345,0.315946,850.3348,5.0642e+07
0.035345,0.317191,852.3285,5.1368e+07
0.035345,0.318714,854.7576,5.2322e+07
0.035345,0.321146,858.6374,5.3848e+07
0.035345,0.323582,862.5226,5.5376e+07
0.035345,0.326022,866.4104,5.6926e+07
0.035345,0.328464,870.2941,5.8546e+07
0.035345,0.329389,871.7638,5.9159e+07
0.035345,0.331252,874.7209,6.0435e+07
0.035345,0.333703,878.6085,6.2122e+07
0.035345,0.336156,882.4936,6.3871e+07
0.035345,0.338614,886.3818,6.5642e+07
0.035345,0.341074,890.2690,6.7467e+07
0.035345,0.341569,891.0509,6.7834e+07
0.035345,0.343883,894.7000,6.9594e+07
0.035345,0.346351,898.5911,7.1495e+07
0.035345,0.348823,902.4801,7.3465e+07
0.035345,0.351299,906.3724,7.5458e+07
0.035345,0.353424,909.7072,7.7225e+07
0.035345,0.354124,910.8057,7.7806e+07
0.035345,0.356608,914.6986,7.9915e+07
0.035345,0.359095,918.5930,8.2064e+07
0.035345,0.361585,922.4862,8.4283e+07
0.035345,0.364080,926.3830,8.6524e+07
0.035345,0.365678,928.8737,8.8017e+07
0.035345,0.366928,930.8230,8.9186e+07
0.035345,0.369428,934.7170,9.1556e+07
0.035345,0.371934,938.6143,9.3992e+07
0.035345,0.374444,942.5121,9.6488e+07
0.035345,0.376957,946.4116,9.9030e+07
0.035345,0.377986,948.0071,1.0009e+08
0.035345,0.379834,950.8682,1.0204e+08
0.035345,0.382346,954.7549,1.0469e+08
0.035345,0.384871,958.6546,1.0746e+08
0.035345,0.387399,962.5569,1.1026e+08
0.035345,0.389610,965.9633,1.1278e+08
0.035345,0.390650,967.5657,1.1397e+08
0.035345,0.392820,970.9048,1.1652e+08
0.035345,0.395360,974.8095,1.1954e+08
0.035345,0.397904,978.7085,1.2271e+08
0.035345,0.400452,982.6106,1.2592e+08
0.035345,0.402139,985.1949,1.2804e+08
0.035345,0.403540,987.3416,1.2981e+08
0.035345,0.405914,990.9730,1.3286e+08
0.035345,0.408473,994.8786,1.3629e+08
0.035345,0.411035,998.7857,1.3978e+08
0.035345,0.413484,1002.5144,1.4320e+08
0.035345,0.414799,1004.5158,1.4505e+08
0.035345,0.416530,1007.1448,1.4756e+08
0.035345,0.419104,1011.0544,1.5130e+08
0.035345,0.421682,1014.9608,1.5518e+08
0.035345,0.424263,1018.8717,1.5910e+08
0.035345,0.426321,1021.9818,1.6233e+08
0.035345,0.427586,1023.8937,1.6433e+08
0.035345,0.429799,1027.2340,1.6786e+08
0.035345,0.432391,1031.1427,1.7211e+08
0.035345,0.434988,1035.0523,1.7645e+08
0.035345,0.437516,1038.8541,1.8076e+08
0.035345,0.439161,1041.3251,1.8360e+08
0.035345,0.440556,1043.4171,1.8607e+08
0.035345,0.443164,1047.3286,1.9070e+08
0.035345,0.445775,1051.2369,1.9550e+08
0.035345,0.448390,1055.1488,2.0033e+08
0.035345,0.450747,1058.6667,2.0485e+08
0.035345,0.451756,1060.1717,2.0679e+08
0.035345,0.453997,1063.5136,2.1114e+08
0.035345,0.456623,1067.4217,2.1638e+08
0.035345,0.459252,1071.3298,2.2170e+08
0.035345,0.461880,1075.2313,2.2716e+08
0.035345,0.463516,1077.6590,2.3057e+08
0.035345,0.464873,1079.6665,2.3350e+08
0.035345,0.467495,1083.5481,2.3916e+08
0.035345,0.470113,1087.4168,2.4496e+08
0.035345,0.472726,1091.2746,2.5082e+08
0.035345,0.475334,1095.1171,2.5684e+08
0.035345,0.475816,1095.8269,2.5796e+08
0.035345,0.478297,1099.4795,2.6374e+08
0.035345,0.480891,1103.2881,2.7000e+08
0.035345,0.483477,1107.0851,2.7626e+08
0.035345,0.486056,1110.8619,2.8272e+08
0.035345,0.487696,1113.2631,2.8684e+08
0.035345,0.488986,1115.1509,2.9010e+08
0.035345,0.491549,1118.8934,2.9679e+08
0.035345,0.494105,1122.6251,3.0347e+08
0.035345,0.496655,1126.3371,3.1037e+08
0.035345,0.499198,1130.0388,3.1726e+08
0.035345,0.499978,1131.1713,3.1944e+08
0.035345,0.502087,1134.2334,3.2536e+08
0.035345,0.504615,1137.9018,3.3248e+08
0.035345,0.507136,1141.5517,3.3981e+08
0.035345,0.509651,1145.1914,3.4713e+08
0.035345,0.511723,1148.1823,3.5337e+08
0.035345,0.512734,1149.6421,3.5641e+08
0.035345,0.515009,1152.9253,3.6329e+08
0.035345,0.517503,1156.5150,3.7106e+08
0.035345,0.519991,1160.0954,3.7882e+08
0.035345,0.522473,1163.6567,3.8682e+08
0.035345,0.524103,1165.9959,3.9207e+08
0.035345,0.525443,1167.9179,3.9642e+08
0.035345,0.527761,1171.2359,4.0415e+08
0.035345,0.530223,1174.7587,4.1235e+08
0.035345,0.532679,1178.2634,4.2079e+08
0.035345,0.535129,1181.7587,4.2923e+08
0.035345,0.536459,1183.6531,4.3389e+08
0.035345,0.537984,1185.8220,4.3932e+08
0.035345,0.540352,1189.1895,4.4774e+08
0.035345,0.542783,1192.6405,4.5659e+08
0.035345,0.545209,1196.0804,4.6550e+08
0.035345,0.547627,1199.5037,4.7452e+08
0.035345,0.548783,1201.1392,4.7891e+08
0.035345,0.550379,1203.3959,4.8495e+08
0.035345,0.552788,1206.7959,4.9421e+08
0.035345,0.555190,1210.1824,5.0359e+08
0.035345,0.557587,1213.5582,5.1302e+08
0.035345,0.559894,1216.8000,5.2230e+08
0.035345,0.561093,1218.4852,5.2712e+08
0.035345,0.562697,1220.7374,5.3361e+08
0.035345,0.565077,1224.0720,5.4347e+08
0.035345,0.567452,1227.3991,5.5330e+08
0.035345,0.569821,1230.7091,5.6337e+08
0.035345,0.572085,1233.8712,5.7301e+08
0.035345,0.573313,1235.5845,5.7827e+08
0.035345,0.574873,1237.7570,5.8510e+08
0.035345,0.577227,1241.0340,5.9541e+08
0.035345,0.579575,1244.2989,6.0583e+08
0.035345,0.581918,1247.5512,6.1636e+08
0.035345,0.584193,1250.7065,6.2664e+08
0.035345,0.585458,1252.4574,6.3247e+08
0.035345,0.586915,1254.4733,6.3920e+08
0.035345,0.589243,1257.6944,6.4995e+08
0.035345,0.591567,1260.8993,6.6094e+08
0.035345,0.593885,1264.0972,6.7191e+08
0.035345,0.596199,1267.2813,6.8304e+08
0.035345,0.597544,1269.1307,6.8956e+08
0.035345,0.598841,1270.9146,6.9585e+08
0.035345,0.601134,1274.0615,7.0710e+08
0.035345,0.603434,1277.2137,7.1850e+08
0.035345,0.605728,1280.3571,7.2993e+08
0.035345,0.608019,1283.4866,7.4154e+08
0.035345,0.609560,1285.5927,7.4935e+08
0.035345,0.610760,1287.2313,7.5545e+08
0.035345,0.612904,1290.1524,7.6656e+08
0.035345,0.615181,1293.2539,7.7834e+08
0.035345,0.617454,1296.3427,7.9026e+08
0.035345,0.619722,1299.4224,8.0224e+08
0.035345,0.621491,1301.8247,8.1161e+08
0.035345,0.622628,1303.3633,8.1773e+08
0.035345,0.624560,1305.9786,8.2813e+08
0.035345,0.626816,1309.0306,8.4028e+08
0.035345,0.629067,1312.0680,8.5262e+08
0.035345,0.631314,1315.0998,8.6493e+08
0.035345,0.633332,1317.8172,8.7611e+08
0.035345,0.634460,1319.3342,8.8239e+08
0.035345,0.636108,1321.5510,8.9157e+08
0.035345,0.638343,1324.5526,9.0410e+08
0.035345,0.640574,1327.5438,9.1672e+08
0.035345,0.642801,1330.5288,9.2933e+08
0.035345,0.645024,1333.5003,9.4207e+08
0.035345,0.646280,1335.1779,9.4927e+08
0.035345,0.647593,1336.9335,9.5680e+08
0.035345,0.649769,1339.8334,9.6941e+08
0.035345,0.651981,1342.7804,9.8224e+08
0.035345,0.654189,1345.7179,9.9512e+08
0.035345,0.656393,1348.6457,1.0081e+09
0.035345,0.658092,1350.9018,1.0180e+09
0.035345,0.659197,1352.3662,1.0245e+09
0.035345,0.661098,1354.8833,1.0358e+09
0.035345,0.663292,1357.7878,1.0488e+09
0.035345,0.665482,1360.6798,1.0618e+09
0.035345,0.667668,1363.5660,1.0749e+09
0.035345,0.669812,1366.3914,1.0877e+09
0.035345,0.670785,1367.6711,1.0935e+09
0.035345,0.672336,1369.7120,1.1028e+09
0.035345,0.674512,1372.5740,1.1159e+09
0.035345,0.676686,1375.4244,1.1290e+09
0.035345,0.678856,1378.2706,1.1420e+09
0.035345,0.681023,1381.1055,1.1551e+09
0.035345,0.682587,1383.1516,1.1645e+09
0.035345,0.683682,1384.5828,1.1711e+09
0.035345,0.685648,1387.1489,1.1830e+09
0.035345,0.687806,1389.9611,1.1960e+09
0.035345,0.689960,1392.7671,1.2089e+09
0.035345,0.692111,1395.5630,1.2218e+09
0.035345,0.694260,1398.3552,1.2347e+09
0.035345,0.695095,1399.4375,1.2397e+09
0.035345,0.696714,1401.5353,1.2494e+09
0.035345,0.698847,1404.2992,1.2621e+09
0.035345,0.700987,1407.0654,1.2748e+09
0.035345,0.703124,1409.8256,1.2874e+09
0.035345,0.705258,1412.5792,1.2999e+09
0.035345,0.706974,1414.7889,1.3100e+09
0.035345,0.707825,1415.8858,1.3149e+09
0.035345,0.709815,1418.4466,1.3265e+09
0.035345,0.711941,1421.1762,1.3387e+09
0.035345,0.714065,1423.9026,1.3509e+09
0.035345,0.716186,1426.6186,1.3629e+09
0.035345,0.718304,1429.3307,1.3749e+09
0.035345,0.719421,1430.7591,1.3811e+09
0.035345,0.720715,1432.4114,1.3883e+09
0.035345,0.722829,1435.1089,1.3999e+09
0.035345,0.724940,1437.7997,1.4114e+09
0.035345,0.727049,1440.4836,1.4226e+09
0.035345,0.729156,1443.1630,1.4338e+09
0.035345,0.731261,1445.8337,1.4447e+09
0.035345,0.731707,1446.3999,1.4470e+09
0.035345,0.733656,1448.8726,1.4571e+09
0.035345,0.735756,1451.5316,1.4676e+09
0.035345,0.737854,1454.1844,1.4780e+09
0.035345,0.739950,1456.8313,1.4881e+09
0.035345,0.742045,1459.4724,1.4979e+09
0.035345,0.743854,1461.7515,1.5062e+09
0.035345,0.744429,1462.4749,1.5089e+09
0.035345,0.746519,1465.1038,1.5182e+09
0.035345,0.748608,1467.7271,1.5272e+09
0.035345,0.750695,1470.3450,1.5360e+09
0.035345,0.752780,1472.9575,1.5445e+09
0.035345,0.754864,1475.5648,1.5526e+09
0.035345,0.756166,1477.1912,1.5576e+09
0.035345,0.757237,1478.5290,1.5615e+09
0.035345,0.759318,1481.1251,1.5690e+09
0.035345,0.761397,1483.7162,1.5761e+09
0.035345,0.763476,1486.3024,1.5828e+09
0.035345,0.765553,1488.8838,1.5891e+09
0.035345,0.767556,1491.3696,1.5948e+09
0.035345,0.768526,1492.5735,1.5975e+09
0.035345,0.769993,1494.3907,1.6013e+09
0.035345,0.772067,1496.9576,1.6063e+09
0.035345,0.774140,1499.5203,1.6108e+09
0.035345,0.776213,1502.0787,1.6149e+09
0.035345,0.778284,1504.6320,1.6184e+09
0.035345,0.780089,1506.8547,1.6211e+09
0.035345,0.780961,1507.9279,1.6224e+09
0.035345,0.782713,1510.0806,1.6243e+09
0.035345,0.784780,1512.6206,1.6264e+09
0.035345,0.786846,1515.1533,1.6276e+09
0.035345,0.788910,1517.6829,1.6286e+09
0.035345,0.790973,1520.2041,1.6285e+09
0.035345,0.792514,1522.0891,1.6285e+09
0.035345,0.793447,1523.2272,1.6280e+09
0.035345,0.795378,1525.5829,1.6268e+09
0.035345,0.797435,1528.0887,1.6250e+09
0.035345,0.799489,1530.5893,1.6225e+09
0.035345,0.801542,1533.0838,1.6192e+09
0.035345,0.803593,1535.5746,1.6155e+09
0.035345,0.804839,1537.0850,1.6125e+09
0.035345,0.805955,1538.4377,1.6098e+09
0.035345,0.807975,1540.8845,1.6044e+09
0.035345,0.810021,1543.3593,1.5981e+09
0.035345,0.812066,1545.8289,1.5909e+09
0.035345,0.814109,1548.2952,1.5832e+09
0.035345,0.816130,1550.7303,1.5742e+09
0.035345,0.817102,1551.9021,1.5699e+09
0.035345,0.818476,1553.5552,1.5631e+09
0.035345,0.820515,1556.0085,1.5527e+09
0.035345,0.822553,1558.4567,1.5409e+09
0.035345,0.824590,1560.9021,1.5285e+09
0.035345,0.826627,1563.3446,1.5154e+09
0.035345,0.828589,1565.6948,1.5014e+09
0.035345,0.829363,1566.6215,1.4958e+09
0.035345,0.830982,1568.5592,1.4834e+09
0.035345,0.833017,1570.9931,1.4672e+09
0.035345,0.835052,1573.4245,1.4498e+09
0.035345,0.837086,1575.8542,1.4314e+09
0.035345,0.839121,1578.2829,1.4122e+09
0.035345,0.841020,1580.5483,1.3934e+09
0.035345,0.841630,1581.2761,1.3870e+09
0.035345,0.843476,1583.4762,1.3676e+09
0.035345,0.845512,1585.9034,1.3450e+09
0.035345,0.847550,1588.3313,1.3214e+09
0.035345,0.849588,1590.7605,1.2970e+09
0.035345,0.851629,1593.1915,1.2715e+09
0.035345,0.853436,1595.3456,1.2481e+09
0.035345,0.853955,1595.9645,1.2412e+09
0.035345,0.856000,1598.4020,1.2137e+09
0.035345,0.858047,1600.8438,1.1850e+09
0.035345,0.860097,1603.2908,1.1555e+09
0.035345,0.862150,1605.7438,1.1250e+09
0.035345,0.864206,1608.2041,1.0937e+09
0.035345,0.865832,1610.1523,1.0683e+09
0.035345,0.866554,1611.0175,1.0570e+09
0.035345,0.868620,1613.4975,1.0240e+09
0.035345,0.870690,1615.9887,9.9014e+08
0.035345,0.872766,1618.4928,9.5566e+08
0.035345,0.874847,1621.0111,9.2059e+08
0.035345,0.876934,1623.5453,8.8502e+08
0.035345,0.878139,1625.0127,8.6435e+08
0.035345,0.879321,1626.4554,8.4399e+08
0.035345,0.881424,1629.0319,8.0764e+08
0.035345,0.883533,1631.6309,7.7111e+08
0.035345,0.885651,1634.2539,7.3451e+08
0.035345,0.887776,1636.9065,6.9802e+08
0.035345,0.889790,1639.4364,6.6377e+08
0.035345,0.890583,1640.4387,6.5043e+08
0.035345,0.892355,1642.6893,6.2086e+08
0.035345,0.894509,1645.4503,5.8563e+08
0.035345,0.896673,1648.2521,5.5113e+08
0.035345,0.898846,1651.0994,5.1756e+08
0.035345,0.901006,1653.9682,4.8543e+08
0.035345,0.902519,1656.0023,4.6378e+08
0.035345,0.903529,1657.3706,4.4972e+08
0.035345,0.905734,1660.3943,4.2019e+08
0.035345,0.907948,1663.4840,3.9225e+08
0.035345,0.910172,1666.6483,3.6608e+08
0.035345,0.912407,1669.8896,3.4165e+08
0.035345,0.914344,1672.7606,3.2219e+08
0.035345,0.915199,1674.0419,3.1395e+08
0.035345,0.917226,1677.1332,2.9577e+08
0.035345,0.919495,1680.6685,2.7709e+08
0.035345,0.921775,1684.3208,2.6033e+08
0.035345,0.924064,1688.0831,2.4516e+08
0.035345,0.926162,1691.6388,2.3282e+08
0.035345,0.927219,1693.4443,2.2683e+08
0.035345,0.928986,1696.5512,2.1779e+08
0.035345,0.931297,1700.7009,2.0677e+08
0.035345,0.933615,1704.9971,1.9677e+08
0.035345,0.935939,1709.4448,1.8753e+08
0.035345,0.938133,1713.7645,1.7931e+08
0.035345,0.939318,1716.1468,1.7502e+08
0.035345,0.940932,1719.4543,1.6932e+08
0.035345,0.943274,1724.3824,1.6123e+08
0.035345,0.945623,1729.4824,1.5325e+08
0.035345,0.947977,1734.7522,1.4528e+08
0.035345,0.950234,1739.9582,1.3762e+08
0.035345,0.951473,1742.8842,1.3339e+08
0.035345,0.953033,1746.6346,1.2803e+08
0.035345,0.955406,1752.4864,1.1980e+08
0.035345,0.957784,1758.5296,1.1148e+08
0.035345,0.960167,1764.7710,1.0308e+08
0.035345,0.962471,1770.9788,9.4921e+07
0.035345,0.963669,1774.2743,9.0680e+07
0.035345,0.965290,1778.8105,8.4950e+07
0.035345,0.967693,1785.6827,7.6506e+07
0.035345,0.970104,1792.7374,6.8166e+07
0.035345,0.972521,1799.9593,5.9994e+07
0.035345,0.974871,1807.1013,5.2295e+07
0.035345,0.975895,1810.2438,4.9029e+07
0.035345,0.977715,1815.8671,4.3390e+07
0.035345,0.980153,1823.4517,3.6195e+07
0.035345,0.982596,1831.0738,2.9457e+07
0.035345,0.985043,1838.6847,2.3253e+07
0.035345,0.987443,1846.0920,1.7748e+07
0.035345,0.988135,1848.2125,1.6270e+07
0.035345,0.990285,1854.7439,1.2027e+07
0.035345,0.992732,1862.0597,7.8395e+06
0.035345,0.995169,1869.1998,4.4020e+06
0.035345,0.997594,1876.1533,1.7618e+06
0.035345,1.000000,1882.8817,-5.7605e+01
0.036648,0.000000,300.0000,-7.9180e+01
0.036648,0.002877,305.4971,3.0295e+02
0.036648,0.005624,310.9536,1.2636e+03
0.036648,0.008325,316.2818,2.8972e+03
0.036648,0.010993,321.5153,5.2267e+03
0.036648,0.012120,323.7177,6.3974e+03
0.036648,0.014014,327.4123,8.7076e+03
0.036648,0.016618,332.4791,1.2355e+04
0.036648,0.019213,337.5119,1.6803e+04
0.036648,0.021792,342.4968,2.2040e+04
0.036648,0.023858,346.4833,2.6784e+04
0.036648,0.025017,348.7147,2.9664e+04
0.036648,0.027259,353.0278,3.5790e+04
0.036648,0.029793,357.8924,4.3518e+04
0.036648,0.032315,362.7249,5.2101e+04
0.036648,0.034826,367.5290,6.1508e+04
0.036648,0.036369,370.4765,6.7939e+04
0.036648,0.037805,373.2196,7.3926e+04
0.036648,0.040164,377.7161,8.5216e+04
0.036648,0.042644,382.4399,9.7675e+04
0.036648,0.045115,387.1384,1.1149e+05
0.036648,0.047553,391.7666,1.2634e+05
0.036648,0.048816,394.1620,1.3464e+05
0.036648,0.050376,397.1182,1.4520e+05
0.036648,0.052824,401.7510,1.6309e+05
0.036648,0.055264,406.3642,1.8240e+05
0.036648,0.057697,410.9581,2.0320e+05
0.036648,0.059955,415.2136,2.2404e+05
0.036648,0.061219,417.5954,2.3655e+05
0.036648,0.062883,420.7277,2.5327e+05
0.036648,0.065298,425.2677,2.7966e+05
0.036648,0.067708,429.7917,3.0797e+05
0.036648,0.070112,434.2997,3.3824e+05
0.036648,0.072273,438.3473,3.6706e+05
0.036648,0.073521,440.6821,3.8500e+05
0.036648,0.075239,443.8960,4.0995e+05
0.036648,0.077629,448.3583,4.4771e+05
0.036648,0.080014,452.8073,4.8808e+05
0.036648,0.082395,457.2432,5.3069e+05
0.036648,0.084517,461.1929,5.7154e+05
0.036648,0.085749,463.4840,5.9619e+05
0.036648,0.087475,466.6889,6.3298e+05
0.036648,0.089844,471.0854,6.8561e+05
0.036648,0.092210,475.4703,7.4162e+05
0.036648,0.094572,479.8414,8.0257e+05
0.036648,0.096696,483.7697,8.5890e+05
0.036648,0.097927,486.0420,8.9512e+05
0.036648,0.099615,489.1580,9.4480e+05
0.036648,0.101968,493.4952,1.0189e+06
0.036648,0.104318,497.8235,1.0962e+06
0.036648,0.106666,502.1385,1.1813e+06
0.036648,0.108816,506.0896,1.2606e+06
0.036648,0.110071,508.3922,1.3108e+06
0.036648,0.111679,511.3414,1.3770e+06
0.036648,0.114019,515.6269,1.4790e+06
0.036648,0.116357,519.9029,1.5873e+06
0.036648,0.118692,524.1695,1.7024e+06
0.036648,0.120883,528.1656,1.8168e+06
0.036648,0.122194,530.5553,1.8880e+06
0.036648,0.123682,533.2666,1.9729e+06
0.036648,0.126012,537.5052,2.1115e+06
0.036648,0.128340,541.7352,2.2583e+06
0.036648,0.130667,545.9567,2.4137e+06
0.036648,0.132902,550.0085,2.5714e+06
0.036648,0.134306,552.5498,2.6745e+06
0.036648,0.135638,554.9607,2.7768e+06
0.036648,0.137960,559.1570,2.9615e+06
0.036648,0.140281,563.3458,3.1563e+06
0.036648,0.142600,567.5271,3.3614e+06
0.036648,0.144880,571.6314,3.5738e+06
0.036648,0.146415,574.3912,3.7250e+06
0.036648,0.147559,576.4474,3.8381e+06
0.036648,0.149875,580.6053,4.0803e+06
0.036648,0.152191,584.7564,4.3344e+06
0.036648,0.154505,588.9009,4.6008e+06
0.036648,0.156819,593.0389,4.8797e+06
0.036648,0.158519,596.0766,5.0914e+06
0.036648,0.159468,597.7698,5.2154e+06
0.036648,0.161767,601.8707,5.5204e+06
0.036648,0.164079,605.9887,5.8426e+06
0.036648,0.166391,610.1003,6.1806e+06
0.036648,0.168703,614.2063,6.5326e+06
0.036648,0.170529,617.4482,6.8191e+06
0.036648,0.171493,619.1557,6.9772e+06
0.036648,0.173647,622.9724,7.3345e+06
0.036648,0.175958,627.0612,7.7342e+06
0.036648,0.178268,631.1438,8.1529e+06
0.036648,0.180579,635.2217,8.5866e+06
0.036648,0.182521,638.6449,8.9608e+06
0.036648,0.183530,640.4215,9.1645e+06
0.036648,0.185524,643.9307,9.5674e+06
0.036648,0.187835,647.9926,1.0058e+07
0.036648,0.190147,652.0503,1.0564e+07
0.036648,0.192459,656.1044,1.1086e+07
0.036648,0.194501,659.6803,1.1564e+07
0.036648,0.195585,661.5757,1.1823e+07
0.036648,0.197408,664.7622,1.2270e+07
0.036648,0.199722,668.8024,1.2853e+07
0.036648,0.202037,672.8396,1.3453e+07
0.036648,0.204352,676.8722,1.4074e+07
0.036648,0.206479,680.5715,1.4665e+07
0.036648,0.207660,682.6234,1.4996e+07
0.036648,0.209310,685.4876,1.5472e+07
0.036648,0.211628,689.5104,1.6153e+07
0.036648,0.213948,693.5277,1.6862e+07
0.036648,0.216269,697.5430,1.7588e+07
0.036648,0.218465,701.3385,1.8290e+07
0.036648,0.219757,703.5690,1.8719e+07
0.036648,0.221239,706.1242,1.9212e+07
0.036648,0.223564,710.1304,2.0006e+07
0.036648,0.225890,714.1353,2.0817e+07
0.036648,0.228219,718.1357,2.1657e+07
0.036648,0.230468,721.9969,2.2487e+07
0.036648,0.231878,724.4153,2.3017e+07
0.036648,0.233205,726.6897,2.3520e+07
0.036648,0.235539,730.6836,2.4431e+07
0.036648,0.237874,734.6757,2.5363e+07
0.036648,0.240211,738.6677,2.6310e+07
0.036648,0.242501,742.5704,2.7274e+07
0.036648,0.244022,745.1627,2.7916e+07
0.036648,0.245218,747.1984,2.8438e+07
0.036648,0.247562,751.1852,2.9462e+07
0.036648,0.249908,755.1677,3.0523e+07
0.036648,0.252256,759.1508,3.1600e+07
0.036648,0.254575,763.0795,3.2689e+07
0.036648,0.256186,765.8061,3.3461e+07
0.036648,0.257287,767.6672,3.3997e+07
0.036648,0.259643,771.6474,3.5152e+07
0.036648,0.262001,775.6248,3.6342e+07
0.036648,0.264361,779.6019,3.7556e+07
0.036648,0.266703,783.5447,3.8781e+07
0.036648,0.268369,786.3442,3.9677e+07
0.036648,0.269420,788.1087,4.0246e+07
0.036648,0.271788,792.0846,4.1544e+07
0.036648,0.274160,796.0591,4.2875e+07
0.036648,0.276534,800.0299,4.4252e+07
0.036648,0.278898,803.9789,4.5648e+07
0.036648,0.280566,806.7663,4.6634e+07
0.036648,0.281623,808.5312,4.7258e+07
0.036648,0.284006,812.5063,4.8702e+07
0.036648,0.286392,816.4749,5.0214e+07
0.036648,0.288781,820.4484,5.1729e+07
0.036648,0.291171,824.4232,5.3244e+07
0.036648,0.292773,827.0801,5.4307e+07
0.036648,0.293903,828.9532,5.5064e+07
0.036648,0.296302,832.9272,5.6687e+07
0.036648,0.298704,836.8998,5.8355e+07
0.036648,0.301109,840.8728,6.0056e+07
0.036648,0.303517,844.8466,6.1790e+07
0.036648,0.304983,847.2631,6.2869e+07
0.036648,0.306265,849.3735,6.3826e+07
0.036648,0.308681,853.3490,6.5637e+07
0.036648,0.311099,857.3216,6.7511e+07
0.036648,0.313521,861.2967,6.9410e+07
0.036648,0.315946,865.2707,7.1361e+07
0.036648,0.317191,867.3104,7.2364e+07
0.036648,0.318714,869.8000,7.3636e+07
0.036648,0.321146,873.7769,7.5668e+07
0.036648,0.323582,877.7514,7.7768e+07
0.036648,0.326022,881.7297,7.9885e+07
0.036648,0.328464,885.7042,8.2087e+07
0.036648,0.329389,887.2083,8.2921e+07
0.036648,0.331252,890.2371,8.4629e+07
0.036648,0.333703,894.2145,8.6925e+07
0.036648,0.336156,898.1929,8.9268e+07
0.036648,0.338614,902.1718,9.1663e+07
0.036648,0.341074,906.1503,9.4122e+07
0.036648,0.341569,906.9499,9.4624e+07
0.036648,0.343883,910.6867,9.6969e+07
0.036648,0.346351,914.6654,9.9563e+07
0.036648,0.348823,918.6485,1.0217e+08
0.036648,0.351299,922.6277,1.0489e+08
0.036648,0.353424,926.0432,1.0723e+08
0.036648,0.354124,927.1655,1.0803e+08
0.036648,0.356608,931.1475,1.1087e+08
0.036648,0.359095,935.1312,1.1376e+08
0.036648,0.361585,939.1146,1.1673e+08
0.036648,0.364080,943.0986,1.1976e+08
0.036648,0.365678,945.6475,1.2174e+08
0.036648,0.366928,947.6424,1.2329e+08
0.036648,0.369428,951.6233,1.2649e+08
0.036648,0.371934,955.6106,1.2973e+08
0.036648,0.374444,959.5952,1.3309e+08
0.036648,0.376957,963.5837,1.3647e+08
0.036648,0.377986,965.2141,1.3790e+08
0.036648,0.379834,968.1396,1.4050e+08
0.036648,0.382346,972.1137,1.4404e+08
0.036648,0.384871,976.0999,1.4774e+08
0.036648,0.387399,980.0900,1.5146e+08
0.036648,0.389610,983.5710,1.5484e+08
0.036648,0.390650,985.2084,1.5642e+08
0.036648,0.392820,988.6227,1.5980e+08
0.036648,0.395360,992.6117,1.6384e+08
0.036648,0.397904,996.6020,1.6795e+08
0.036648,0.400452,1000.5918,1.7218e+08
0.036648,0.402139,1003.2328,1.7500e+08
0.036648,0.403540,1005.4219,1.7742e+08
0.036648,0.405914,1009.1291,1.8152e+08
0.036648,0.408473,1013.1191,1.8606e+08
0.036648,0.411035,1017.1111,1.9068e+08
0.036648,0.413484,1020.9189,1.9521e+08
0.036648,0.414799,1022.9617,1.9768e+08
0.036648,0.416530,1025.6505,2.0093e+08
0.036648,0.419104,1029.6397,2.0593e+08
0.036648,0.421682,1033.6328,2.1097e+08
0.036648,0.424263,1037.6225,2.1620e+08
0.036648,0.426321,1040.8012,2.2040e+08
0.036648,0.427586,1042.7539,2.2301e+08
0.036648,0.429799,1046.1615,2.2771e+08
0.036648,0.432391,1050.1553,2.3321e+08
0.036648,0.434988,1054.1433,2.3895e+08
0.036648,0.437516,1058.0264,2.4455e+08
0.036648,0.439161,1060.5454,2.4833e+08
0.036648,0.440556,1062.6816,2.5154e+08
0.036648,0.443164,1066.6742,2.5757e+08
0.036648,0.445775,1070.6618,2.6384e+08
0.036648,0.448390,1074.6536,2.7013e+08
0.036648,0.450747,1078.2427,2.7601e+08
0.036648,0.451756,1079.7784,2.7853e+08
0.036648,0.453997,1083.1879,2.8418e+08
0.036648,0.456623,1087.1742,2.9100e+08
0.036648,0.459252,1091.1616,2.9787e+08
0.036648,0.461880,1095.1396,3.0497e+08
0.036648,0.463516,1097.6153,3.0938e+08
0.036648,0.464873,1099.6643,3.1312e+08
0.036648,0.467495,1103.6206,3.2048e+08
0.036648,0.470113,1107.5677,3.2790e+08
0.036648,0.472726,1111.4984,3.3552e+08
0.036648,0.475334,1115.4189,3.4317e+08
0.036648,0.475816,1116.1419,3.4463e+08
0.036648,0.478297,1119.8621,3.5214e+08
0.036648,0.480891,1123.7481,3.6006e+08
0.036648,0.483477,1127.6138,3.6819e+08
0.036648,0.486056,1131.4677,3.7633e+08
0.036648,0.487696,1133.9115,3.8168e+08
0.036648,0.488986,1135.8336,3.8589e+08
0.036648,0.491549,1139.6517,3.9428e+08
0.036648,0.494105,1143.4489,4.0293e+08
0.036648,0.496655,1147.2359,4.1155e+08
0.036648,0.499198,1151.0012,4.2045e+08
0.036648,0.499978,1152.1562,4.2318e+08
0.036648,0.502087,1155.2791,4.3057e+08
0.036648,0.504615,1159.0106,4.3973e+08
0.036648,0.507136,1162.7315,4.4888e+08
0.036648,0.509651,1166.4340,4.5825e+08
0.036648,0.511723,1169.4820,4.6603e+08
0.036648,0.512734,1170.9696,4.6983e+08
0.036648,0.515009,1174.3090,4.7860e+08
0.036648,0.517503,1177.9659,4.8829e+08
0.036648,0.519991,1181.6085,4.9810e+08
0.036648,0.522473,1185.2351,5.0808e+08
0.036648,0.524103,1187.6170,5.1463e+08
0.036648,0.525443,1189.5711,5.2013e+08
0.036648,0.527761,1192.9486,5.2976e+08
0.036648,0.530223,1196.5342,5.3999e+08
0.036648,0.532679,1200.0994,5.5052e+08
0.036648,0.535129,1203.6561,5.6103e+08
0.036648,0.536459,1205.5836,5.6682e+08
0.036648,0.537984,1207.7896,5.7356e+08
0.036648,0.540352,1211.2149,5.8403e+08
0.036648,0.542783,1214.7261,5.9497e+08
0.036648,0.545209,1218.2236,6.0603e+08
0.036648,0.547627,1221.7072,6.1713e+08
0.036648,0.548783,1223.3694,6.2256e+08
0.036648,0.550379,1225.6631,6.3006e+08
0.036648,0.552788,1229.1235,6.4138e+08
0.036648,0.555190,1232.5640,6.5299e+08
0.036648,0.557587,1235.9963,6.6457e+08
0.036648,0.559894,1239.2927,6.7593e+08
0.036648,0.561093,1241.0041,6.8189e+08
0.036648,0.562697,1243.2929,6.8986e+08
0.036648,0.565077,1246.6851,7.0183e+08
0.036648,0.567452,1250.0626,7.1396e+08
0.036648,0.569821,1253.4321,7.2606e+08
0.036648,0.572085,1256.6408,7.3793e+08
0.036648,0.573313,1258.3807,7.4437e+08
0.036648,0.574873,1260.5922,7.5255e+08
0.036648,0.577227,1263.9193,7.6513e+08
0.036648,0.579575,1267.2362,7.7776e+08
0.036648,0.581918,1270.5420,7.9046e+08
0.036648,0.584193,1273.7432,8.0299e+08
0.036648,0.585458,1275.5241,8.0996e+08
0.036648,0.586915,1277.5745,8.1799e+08
0.036648,0.589243,1280.8398,8.3112e+08
0.036648,0.591567,1284.0985,8.4423e+08
0.036648,0.593885,1287.3434,8.5747e+08
0.036648,0.596199,1290.5770,8.7081e+08
0.036648,0.597544,1292.4567,8.7857e+08
0.036648,0.598841,1294.2670,8.8612e+08
0.036648,0.601134,1297.4597,8.9962e+08
0.036648,0.603434,1300.6623,9.1317e+08
0.036648,0.605728,1303.8495,9.2690e+08
0.036648,0.608019,1307.0278,9.4066e+08
0.036648,0.609560,1309.1668,9.4992e+08
0.036648,0.610760,1310.8262,9.5725e+08
0.036648,0.612904,1313.7918,9.7038e+08
0.036648,0.615181,1316.9405,9.8432e+08
0.036648,0.617454,1320.0724,9.9847e+08
0.036648,0.619722,1323.1978,1.0126e+09
0.036648,0.621491,1325.6341,1.0237e+09
0.036648,0.622628,1327.1950,1.0309e+09
0.036648,0.624560,1329.8480,1.0431e+09
0.036648,0.626816,1332.9441,1.0574e+09
0.036648,0.629067,1336.0243,1.0719e+09
0.036648,0.631314,1339.0987,1.0863e+09
0.036648,0.633332,1341.8564,1.0993e+09
0.036648,0.634460,1343.3956,1.1067e+09
0.036648,0.636108,1345.6422,1.1174e+09
0.036648,0.638343,1348.6856,1.1320e+09
0.036648,0.640574,1351.7193,1.1467e+09
0.036648,0.642801,1354.7425,1.1614e+09
0.036648,0.645024,1357.7567,1.1761e+09
0.036648,0.646280,1359.4575,1.1845e+09
0.036648,0.647593,1361.2343,1.1932e+09
0.036648,0.649769,1364.1754,1.2078e+09
0.036648,0.651981,1367.1617,1.2226e+09
0.036648,0.654189,1370.1377,1.2374e+09
0.036648,0.656393,1373.1048,1.2523e+09
0.036648,0.658092,1375.3887,1.2637e+09
0.036648,0.659197,1376.8728,1.2712e+09
0.036648,0.661098,1379.4241,1.2841e+09
0.036648,0.663292,1382.3646,1.2989e+09
0.036648,0.665482,1385.2958,1.3138e+09
0.036648,0.667668,1388.2155,1.3287e+09
0.036648,0.669812,1391.0771,1.3432e+09
0.036648,0.670785,1392.3755,1.3498e+09
0.036648,0.672336,1394.4405,1.3604e+09
0.036648,0.674512,1397.3361,1.3751e+09
0.036648,0.676686,1400.2263,1.3899e+09
0.036648,0.678856,1403.1031,1.4046e+09
0.036648,0.681023,1405.9758,1.4193e+09
0.036648,0.682587,1408.0473,1.4298e+09
0.036648,0.683682,1409.4933,1.4372e+09
0.036648,0.685648,1412.0914,1.4504e+09
0.036648,0.687806,1414.9397,1.4649e+09
0.036648,0.689960,1417.7785,1.4793e+09
0.036648,0.692111,1420.6086,1.4937e+09
0.036648,0.694260,1423.4312,1.5079e+09
0.036648,0.695095,1424.5275,1.5134e+09
0.036648,0.696714,1426.6505,1.5241e+09
0.036648,0.698847,1429.4440,1.5380e+09
0.036648,0.700987,1432.2418,1.5519e+09
0.036648,0.703124,1435.0360,1.5658e+09
0.036648,0.705258,1437.8175,1.5793e+09
0.036648,0.706974,1440.0536,1.5903e+09
0.036648,0.707825,1441.1637,1.5957e+09
0.036648,0.709815,1443.7501,1.6081e+09
0.036648,0.711941,1446.5115,1.6213e+09
0.036648,0.714065,1449.2667,1.6344e+09
0.036648,0.716186,1452.0125,1.6472e+09
0.036648,0.718304,1454.7552,1.6600e+09
0.036648,0.719421,1456.1978,1.6666e+09
0.036648,0.720715,1457.8695,1.6742e+09
0.036648,0.722829,1460.5947,1.6864e+09
0.036648,0.724940,1463.3133,1.6984e+09
0.036648,0.727049,1466.0255,1.7102e+09
0.036648,0.729156,1468.7311,1.7218e+09
0.036648,0.731261,1471.4304,1.7331e+09
0.036648,0.731707,1472.0019,1.7354e+09
0.036648,0.733656,1474.4978,1.7457e+09
0.036648,0.735756,1477.1832,1.7564e+09
0.036648,0.737854,1479.8619,1.7668e+09
0.036648,0.739950,1482.5343,1.7769e+09
0.036648,0.742045,1485.2008,1.7867e+09
0.036648,0.743854,1487.5015,1.7949e+09
0.036648,0.744429,1488.2316,1.7974e+09
0.036648,0.746519,1490.8850,1.8065e+09
0.036648,0.748608,1493.5327,1.8152e+09
0.036648,0.750695,1496.1745,1.8235e+09
0.036648,0.752780,1498.8107,1.8315e+09
0.036648,0.754864,1501.4413,1.8390e+09
0.036648,0.756166,1503.0815,1.8435e+09
0.036648,0.757237,1504.4314,1.8470e+09
0.036648,0.759318,1507.0500,1.8536e+09
0.036648,0.761397,1509.6634,1.8598e+09
0.036648,0.763476,1512.2714,1.8654e+09
0.036648,0.765553,1514.8741,1.8705e+09
0.036648,0.767556,1517.3800,1.8750e+09
0.036648,0.768526,1518.5932,1.8769e+09
0.036648,0.769993,1520.4255,1.8798e+09
0.036648,0.772067,1523.0127,1.8832e+09
0.036648,0.774140,1525.5952,1.8861e+09
0.036648,0.776213,1528.1731,1.8883e+09
0.036648,0.778284,1530.7465,1.8900e+09
0.036648,0.780089,1532.9852,1.8909e+09
0.036648,0.780961,1534.0653,1.8911e+09
0.036648,0.782713,1536.2350,1.8913e+09
0.036648,0.784780,1538.7919,1.8909e+09
0.036648,0.786846,1541.3430,1.8898e+09
0.036648,0.788910,1543.8884,1.8879e+09
0.036648,0.790973,1546.4276,1.8853e+09
0.036648,0.792514,1548.3241,1.8829e+09
0.036648,0.793447,1549.4697,1.8811e+09
0.036648,0.795378,1551.8406,1.8771e+09
0.036648,0.797435,1554.3618,1.8720e+09
0.036648,0.799489,1556.8763,1.8659e+09
0.036648,0.801542,1559.3867,1.8593e+09
0.036648,0.803593,1561.8901,1.8515e+09
0.036648,0.804839,1563.4102,1.8465e+09
0.036648,0.805955,1564.7708,1.8418e+09
0.036648,0.807975,1567.2300,1.8322e+09
0.036648,0.810021,1569.7179,1.8217e+09
0.036648,0.812066,1572.2010,1.8103e+09
0.036648,0.814109,1574.6782,1.7977e+09
0.036648,0.816130,1577.1267,1.7847e+09
0.036648,0.817102,1578.3028,1.7777e+09
0.036648,0.818476,1579.9644,1.7678e+09
0.036648,0.820515,1582.4281,1.7521e+09
0.036648,0.822553,1584.8885,1.7357e+09
0.036648,0.824590,1587.3438,1.7178e+09
0.036648,0.826627,1589.7962,1.6990e+09
0.036648,0.828589,1592.1571,1.6801e+09
0.036648,0.829363,1593.0867,1.6720e+09
0.036648,0.830982,1595.0324,1.6552e+09
0.036648,0.833017,1597.4753,1.6328e+09
0.036648,0.835052,1599.9162,1.6096e+09
0.036648,0.837086,1602.3551,1.5852e+09
0.036648,0.839121,1604.7923,1.5594e+09
0.036648,0.841020,1607.0657,1.5345e+09
0.036648,0.841630,1607.7962,1.5263e+09
0.036648,0.843476,1610.0041,1.5009e+09
0.036648,0.845512,1612.4400,1.4719e+09
0.036648,0.847550,1614.8765,1.4416e+09
0.036648,0.849588,1617.3143,1.4103e+09
0.036648,0.851629,1619.7543,1.3779e+09
0.036648,0.853436,1621.9165,1.3483e+09
0.036648,0.853955,1622.5377,1.3397e+09
0.036648,0.856000,1624.9849,1.3051e+09
0.036648,0.858047,1627.4367,1.2696e+09
0.036648,0.860097,1629.8941,1.2331e+09
0.036648,0.862150,1632.3583,1.1957e+09
0.036648,0.864206,1634.8307,1.1575e+09
0.036648,0.865832,1636.7887,1.1269e+09
0.036648,0.866554,1637.6596,1.1131e+09
0.036648,0.868620,1640.1543,1.0733e+09
0.036648,0.870690,1642.6616,1.0330e+09
0.036648,0.872766,1645.1831,9.9219e+08
0.036648,0.874847,1647.7206,9.5098e+08
0.036648,0.876934,1650.2772,9.0950e+08
0.036648,0.878139,1651.7588,8.8554e+08
0.036648,0.879321,1653.2170,8.6206e+08
0.036648,0.881424,1655.8209,8.2044e+08
0.036648,0.883533,1658.4527,7.7902e+08
0.036648,0.885651,1661.1127,7.3793e+08
0.036648,0.887776,1663.8058,6.9738e+08
0.036648,0.889790,1666.3798,6.5975e+08
0.036648,0.890583,1667.4005,6.4520e+08
0.036648,0.892355,1669.6957,6.1319e+08
0.036648,0.894509,1672.5172,5.7550e+08
0.036648,0.896673,1675.3875,5.3910e+08
0.036648,0.898846,1678.3121,5.0419e+08
0.036648,0.901006,1681.2664,4.7128e+08
0.036648,0.902519,1683.3640,4.4933e+08
0.036648,0.903529,1684.7787,4.3524e+08
0.036648,0.905734,1687.9125,4.0604e+08
0.036648,0.907948,1691.1250,3.7889e+08
0.036648,0.910172,1694.4231,3.5383e+08
0.036648,0.912407,1697.8144,3.3087e+08
0.036648,0.914344,1700.8266,3.1286e+08
0.036648,0.915199,1702.1740,3.0530e+08
0.036648,0.917226,1705.4305,2.8879e+08
0.036648,0.919495,1709.1721,2.7211e+08
0.036648,0.921775,1713.0372,2.5710e+08
0.036648,0.924064,1717.0341,2.4363e+08
0.036648,0.926162,1720.8069,2.3247e+08
0.036648,0.927219,1722.7625,2.2737e+08
0.036648,0.928986,1726.0721,2.1910e+08
0.036648,0.931297,1730.5113,2.0899e+08
0.036648,0.933615,1735.1265,1.9961e+08
0.036648,0.935939,1739.8963,1.9064e+08
0.036648,0.938133,1744.5484,1.8246e+08
0.036648,0.939318,1747.1165,1.7811e+08
0.036648,0.940932,1750.6837,1.7224e+08
0.036648,0.943274,1756.0018,1.6374e+08
0.036648,0.945623,1761.5087,1.5521e+08
0.036648,0.947977,1767.2118,1.4660e+08
0.036648,0.950234,1772.8510,1.3828e+08
0.036648,0.951473,1776.0205,1.3367e+08
0.036648,0.953033,1780.0828,1.2785e+08
0.036648,0.955406,1786.4216,1.1894e+08
0.036648,0.957784,1792.9668,1.0998e+08
0.036648,0.960167,1799.7189,1.0101e+08
0.036648,0.962471,1806.4229,9.2387e+07
0.036648,0.963669,1809.9791,8.7944e+07
0.036648,0.965290,1814.8529,8.1975e+07
0.036648,0.967693,1822.2139,7.3302e+07
0.036648,0.970104,1829.7279,6.4850e+07
0.036648,0.972521,1837.3716,5.6697e+07
0.036648,0.974871,1844.8749,4.9130e+07
0.036648,0.975895,1848.1589,4.5959e+07
0.036648,0.977715,1854.0050,4.0523e+07
0.036648,0.980153,1861.8353,3.3672e+07
0.036648,0.982596,1869.6379,2.7354e+07
0.036648,0.985043,1877.3773,2.1609e+07
0.036648,0.987443,1884.8735,1.6549e+07
0.036648,0.988135,1887.0153,1.5190e+07
0.036648,0.990285,1893.6028,1.1301e+07
0.036648,0.992732,1900.9743,7.4668e+06
0.036648,0.995169,1908.1766,4.2862e+06
0.036648,0.997594,1915.2069,1.7876e+06
0.036648,1.000000,1922.0292,-1.2461e+02
0.037947,0.000000,300.0000,1.6360e+02
0.037947,0.002877,305.6151,4.3868e+02
0.037947,0.005624,311.2201,1.8445e+03
0.037947,0.008325,316.6974,4.2177e+03
0.037947,0.010993,322.0809,7.5336e+03
0.037947,0.012120,324.3475,9.1695e+03
0.037947,0.014014,328.1478,1.2464e+04
0.037947,0.016618,333.3554,1.7862e+04
0.037947,0.019213,338.5291,2.4364e+04
0.037947,0.021792,343.6556,3.1891e+04
0.037947,0.023858,347.7548,3.8788e+04
0.037947,0.025017,350.0505,4.2841e+04
0.037947,0.027259,354.4857,5.1755e+04
0.037947,0.029793,359.4885,6.2971e+04
0.037947,0.032315,364.4586,7.5401e+04
0.037947,0.034826,369.4006,8.8861e+04
0.037947,0.036369,372.4332,9.7978e+04
0.037947,0.037805,375.2522,1.0711e+05
0.037947,0.040164,379.8784,1.2307e+05
0.037947,0.042644,384.7342,1.4156e+05
0.037947,0.045115,389.5650,1.6175e+05
0.037947,0.047553,394.3235,1.8345e+05
0.037947,0.048816,396.7868,1.9540e+05
0.037947,0.050376,399.8257,2.1102e+05
0.037947,0.052824,404.5890,2.3711e+05
0.037947,0.055264,409.3321,2.6529e+05
0.037947,0.057697,414.0554,2.9564e+05
0.037947,0.059955,418.4312,3.2590e+05
0.037947,0.061219,420.8795,3.4435e+05
0.037947,0.062883,424.0999,3.6881e+05
0.037947,0.065298,428.7670,4.0762e+05
0.037947,0.067708,433.4180,4.4919e+05
0.037947,0.070112,438.0526,4.9350e+05
0.037947,0.072273,442.2134,5.3605e+05
0.037947,0.073521,444.6136,5.6248e+05
0.037947,0.075239,447.9163,5.9999e+05
0.037947,0.077629,452.5035,6.5585e+05
0.037947,0.080014,457.0780,7.1462e+05
0.037947,0.082395,461.6361,7.7906e+05
0.037947,0.084517,465.6957,8.4006e+05
0.037947,0.085749,468.0499,8.7737e+05
0.037947,0.087475,471.3461,9.3041e+05
0.037947,0.089844,475.8628,1.0109e+06
0.037947,0.092210,480.3690,1.0954e+06
0.037947,0.094572,484.8625,1.1856e+06
0.037947,0.096696,488.8970,1.2733e+06
0.037947,0.097927,491.2334,1.3264e+06
0.037947,0.099615,494.4374,1.3992e+06
0.037947,0.101968,498.8945,1.5112e+06
0.037947,0.104318,503.3405,1.6307e+06
0.037947,0.106666,507.7755,1.7581e+06
0.037947,0.108816,511.8329,1.8820e+06
0.037947,0.110071,514.1983,1.9584e+06
0.037947,0.111679,517.2278,2.0595e+06
0.037947,0.114019,521.6302,2.2146e+06
0.037947,0.116357,526.0227,2.3795e+06
0.037947,0.118692,530.4053,2.5546e+06
0.037947,0.120883,534.5101,2.7284e+06
0.037947,0.122194,536.9639,2.8381e+06
0.037947,0.123682,539.7492,2.9662e+06
0.037947,0.126012,544.1025,3.1765e+06
0.037947,0.128340,548.4470,3.3987e+06
0.037947,0.130667,552.7825,3.6340e+06
0.037947,0.132902,556.9429,3.8741e+06
0.037947,0.134306,559.5519,4.0314e+06
0.037947,0.135638,562.0282,4.1842e+06
0.037947,0.137960,566.3368,4.4638e+06
0.037947,0.140281,570.6375,4.7579e+06
0.037947,0.142600,574.9305,5.0667e+06
0.037947,0.144880,579.1446,5.3848e+06
0.037947,0.146415,581.9784,5.6095e+06
0.037947,0.147559,584.0891,5.7795e+06
0.037947,0.149875,588.3580,6.1395e+06
0.037947,0.152191,592.6191,6.5184e+06
0.037947,0.154505,596.8735,6.9140e+06
0.037947,0.156819,601.1212,7.3262e+06
0.037947,0.158519,604.2387,7.6408e+06
0.037947,0.159468,605.9773,7.8209e+06
0.037947,0.161767,610.1860,8.2712e+06
0.037947,0.164079,614.4119,8.7464e+06
0.037947,0.166391,618.6320,9.2393e+06
0.037947,0.168703,622.8466,9.7500e+06
0.037947,0.170529,626.1723,1.0172e+07
0.037947,0.171493,627.9261,1.0395e+07
0.037947,0.173647,631.8410,1.0919e+07
0.037947,0.175958,636.0361,1.1499e+07
0.037947,0.178268,640.2265,1.2097e+07
0.037947,0.180579,644.4103,1.2721e+07
0.037947,0.182521,647.9208,1.3265e+07
0.037947,0.183530,649.7447,1.3551e+07
0.037947,0.185524,653.3436,1.4132e+07
0.037947,0.187835,657.5126,1.4822e+07
0.037947,0.190147,661.6741,1.5546e+07
0.037947,0.192459,665.8320,1.6288e+07
0.037947,0.194501,669.5009,1.6959e+07
0.037947,0.195585,671.4440,1.7329e+07
0.037947,0.197408,674.7128,1.7956e+07
0.037947,0.199722,678.8561,1.8776e+07
0.037947,0.202037,682.9967,1.9616e+07
0.037947,0.204352,687.1317,2.0487e+07
0.037947,0.206479,690.9255,2.1308e+07
0.037947,0.207660,693.0292,2.1772e+07
0.037947,0.209310,695.9671,2.2429e+07
0.037947,0.211628,700.0903,2.3380e+07
0.037947,0.213948,704.2100,2.4357e+07
0.037947,0.216269,708.3282,2.5352e+07
0.037947,0.218465,712.2168,2.6331e+07
0.037947,0.219757,714.5060,2.6907e+07
0.037947,0.221239,717.1238,2.7592e+07
0.037947,0.223564,721.2324,2.8671e+07
0.037947,0.225890,725.3348,2.9793e+07
0.037947,0.228219,729.4367,3.0932e+07
0.037947,0.230468,733.3943,3.2060e+07
0.037947,0.231878,735.8729,3.2780e+07
0.037947,0.233205,738.2024,3.3471e+07
0.037947,0.235539,742.2972,3.4696e+07
0.037947,0.237874,746.3877,3.5960e+07
0.037947,0.240211,750.4769,3.7248e+07
0.037947,0.242501,754.4781,3.8534e+07
0.037947,0.244022,757.1323,3.9410e+07
0.037947,0.245218,759.2190,4.0107e+07
0.037947,0.247562,763.3034,4.1484e+07
0.037947,0.249908,767.3843,4.2902e+07
0.037947,0.252256,771.4642,4.4347e+07
0.037947,0.254575,775.4895,4.5800e+07
0.037947,0.256186,778.2820,4.6834e+07
0.037947,0.257287,780.1884,4.7549e+07
0.037947,0.259643,784.2657,4.9087e+07
0.037947,0.262001,788.3390,5.0674e+07
0.037947,0.264361,792.4129,5.2286e+07
0.037947,0.266703,796.4498,5.3920e+07
0.037947,0.268369,799.3181,5.5100e+07
0.037947,0.269420,801.1243,5.5860e+07
0.037947,0.271788,805.1969,5.7572e+07
0.037947,0.274160,809.2648,5.9347e+07
0.037947,0.276534,813.3354,6.1136e+07
0.037947,0.278898,817.3802,6.2972e+07
0.037947,0.280566,820.2350,6.4270e+07
0.037947,0.281623,822.0383,6.5122e+07
0.037947,0.284006,826.1061,6.7042e+07
0.037947,0.286392,830.1725,6.9009e+07
0.037947,0.288781,834.2402,7.1006e+07
0.037947,0.291171,838.3014,7.3062e+07
0.037947,0.292773,841.0220,7.4450e+07
0.037947,0.293903,842.9405,7.5435e+07
0.037947,0.296302,847.0044,7.7594e+07
0.037947,0.298704,851.0716,7.9772e+07
0.037947,0.301109,855.1357,8.2019e+07
0.037947,0.303517,859.2019,8.4296e+07
0.037947,0.304983,861.6736,8.5719e+07
0.037947,0.306265,863.8343,8.6963e+07
0.037947,0.308681,867.8996,8.9358e+07
0.037947,0.311099,871.9657,9.1797e+07
0.037947,0.313521,876.0305,9.4303e+07
0.037947,0.315946,880.0970,9.6845e+07
0.037947,0.317191,882.1818,9.8175e+07
0.037947,0.318714,884.7287,9.9836e+07
0.037947,0.321146,888.7972,1.0249e+08
0.037947,0.323582,892.8611,1.0525e+08
0.037947,0.326022,896.9299,1.0801e+08
0.037947,0.328464,900.9937,1.1090e+08
0.037947,0.329389,902.5317,1.1199e+08
0.037947,0.331252,905.6295,1.1421e+08
0.037947,0.333703,909.6952,1.1723e+08
0.037947,0.336156,913.7640,1.2027e+08
0.037947,0.338614,917.8301,1.2342e+08
0.037947,0.341074,921.8991,1.2661e+08
0.037947,0.341569,922.7159,1.2727e+08
0.037947,0.343883,926.5335,1.3036e+08
0.037947,0.346351,930.6026,1.3371e+08
0.037947,0.348823,934.6709,1.3715e+08
0.037947,0.351299,938.7403,1.4066e+08
0.037947,0.353424,942.2277,1.4374e+08
0.037947,0.354124,943.3765,1.4476e+08
0.037947,0.356608,947.4460,1.4845e+08
0.037947,0.359095,951.5163,1.5221e+08
0.037947,0.361585,955.5862,1.5607e+08
0.037947,0.364080,959.6567,1.6001e+08
0.037947,0.365678,962.2624,1.6256e+08
0.037947,0.366928,964.2974,1.6462e+08
0.037947,0.369428,968.3659,1.6874e+08
0.037947,0.371934,972.4364,1.7298e+08
0.037947,0.374444,976.5084,1.7729e+08
0.037947,0.376957,980.5793,1.8173e+08
0.037947,0.377986,982.2448,1.8357e+08
0.037947,0.379834,985.2349,1.8689e+08
0.037947,0.382346,989.2900,1.9153e+08
0.037947,0.384871,993.3631,1.9625e+08
0.037947,0.387399,997.4344,2.0112e+08
0.037947,0.389610,1000.9902,2.0543e+08
0.037947,0.390650,1002.6628,2.0746e+08
0.037947,0.392820,1006.1460,2.1186e+08
0.037947,0.395360,1010.2193,2.1703e+08
0.037947,0.397904,1014.2910,2.2236e+08
0.037947,0.400452,1018.3640,2.2778e+08
0.037947,0.402139,1021.0588,2.3142e+08
0.037947,0.403540,1023.2926,2.3453e+08
0.037947,0.405914,1027.0759,2.3979e+08
0.037947,0.408473,1031.1472,2.4562e+08
0.037947,0.411035,1035.2197,2.5155e+08
0.037947,0.413484,1039.1054,2.5733e+08
0.037947,0.414799,1041.1887,2.6051e+08
0.037947,0.416530,1043.9307,2.6469e+08
0.037947,0.419104,1048.0015,2.7104e+08
0.037947,0.421682,1052.0722,2.7753e+08
0.037947,0.424263,1056.1436,2.8415e+08
0.037947,0.426321,1059.3830,2.8955e+08
0.037947,0.427586,1061.3745,2.9287e+08
0.037947,0.429799,1064.8513,2.9880e+08
0.037947,0.432391,1068.9198,3.0589e+08
0.037947,0.434988,1072.9898,3.1308e+08
0.037947,0.437516,1076.9442,3.2028e+08
0.037947,0.439161,1079.5164,3.2497e+08
0.037947,0.440556,1081.6937,3.2904e+08
0.037947,0.443164,1085.7594,3.3678e+08
0.037947,0.445775,1089.8280,3.4458e+08
0.037947,0.448390,1093.8913,3.5266e+08
0.037947,0.450747,1097.5544,3.5993e+08
0.037947,0.451756,1099.1171,3.6316e+08
0.037947,0.453997,1102.5880,3.7036e+08
0.037947,0.456623,1106.6544,3.7881e+08
0.037947,0.459252,1110.7112,3.8758e+08
0.037947,0.461880,1114.7684,3.9636e+08
0.037947,0.463516,1117.2864,4.0200e+08
0.037947,0.464873,1119.3725,4.0671e+08
0.037947,0.467495,1123.4062,4.1581e+08
0.037947,0.470113,1127.4215,4.2520e+08
0.037947,0.472726,1131.4275,4.3463e+08
0.037947,0.475334,1135.4159,4.4427e+08
0.037947,0.475816,1136.1525,4.4608e+08
0.037947,0.478297,1139.9427,4.5536e+08
0.037947,0.480891,1143.8960,4.6529e+08
0.037947,0.483477,1147.8330,4.7534e+08
0.037947,0.486056,1151.7540,4.8549e+08
0.037947,0.487696,1154.2419,4.9210e+08
0.037947,0.488986,1156.1987,4.9729e+08
0.037947,0.491549,1160.0836,5.0771e+08
0.037947,0.494105,1163.9478,5.1838e+08
0.037947,0.496655,1167.8017,5.2902e+08
0.037947,0.499198,1171.6319,5.4000e+08
0.037947,0.499978,1172.8068,5.4337e+08
0.037947,0.502087,1175.9836,5.5248e+08
0.037947,0.504615,1179.7797,5.6372e+08
0.037947,0.507136,1183.5634,5.7499e+08
0.037947,0.509651,1187.3307,5.8643e+08
0.037947,0.511723,1190.4289,5.9601e+08
0.037947,0.512734,1191.9411,6.0068e+08
0.037947,0.515009,1195.3397,6.1131e+08
0.037947,0.517503,1199.0553,6.2323e+08
0.037947,0.519991,1202.7617,6.3512e+08
0.037947,0.522473,1206.4463,6.4733e+08
0.037947,0.524103,1208.8657,6.5537e+08
0.037947,0.525443,1210.8548,6.6198e+08
0.037947,0.527761,1214.2877,6.7367e+08
0.037947,0.530223,1217.9285,6.8620e+08
0.037947,0.532679,1221.5570,6.9880e+08
0.037947,0.535129,1225.1666,7.1165e+08
0.037947,0.536459,1227.1261,7.1863e+08
0.037947,0.537984,1229.3726,7.2663e+08
0.037947,0.540352,1232.8477,7.3941e+08
0.037947,0.542783,1236.4164,7.5255e+08
0.037947,0.545209,1239.9699,7.6584e+08
0.037947,0.547627,1243.5053,7.7928e+08
0.037947,0.548783,1245.1967,7.8572e+08
0.037947,0.550379,1247.5282,7.9465e+08
0.037947,0.552788,1251.0362,8.0842e+08
0.037947,0.555190,1254.5357,8.2215e+08
0.037947,0.557587,1258.0178,8.3610e+08
0.037947,0.559894,1261.3653,8.4964e+08
0.037947,0.561093,1263.1054,8.5667e+08
0.037947,0.562697,1265.4284,8.6620e+08
0.037947,0.565077,1268.8691,8.8054e+08
0.037947,0.567452,1272.3020,8.9484e+08
0.037947,0.569821,1275.7164,9.0939e+08
0.037947,0.572085,1278.9765,9.2336e+08
0.037947,0.573313,1280.7442,9.3094e+08
0.037947,0.574873,1282.9858,9.4070e+08
0.037947,0.577227,1286.3618,9.5558e+08
0.037947,0.579575,1289.7305,9.7042e+08
0.037947,0.581918,1293.0806,9.8551e+08
0.037947,0.584193,1296.3306,1.0002e+09
0.037947,0.585458,1298.1386,1.0084e+09
0.037947,0.586915,1300.2150,1.0179e+09
0.037947,0.589243,1303.5287,1.0333e+09
0.037947,0.591567,1306.8358,1.0486e+09
0.037947,0.593885,1310.1247,1.0642e+09
0.037947,0.596199,1313.4050,1.0798e+09
0.037947,0.597544,1315.3119,1.0888e+09
0.037947,0.598841,1317.1462,1.0977e+09
0.037947,0.601134,1320.3839,1.1134e+09
0.037947,0.603434,1323.6315,1.1292e+09
0.037947,0.605728,1326.8623,1.1452e+09
0.037947,0.608019,1330.0842,1.1612e+09
0.037947,0.609560,1332.2525,1.1719e+09
0.037947,0.610760,1333.9366,1.1804e+09
0.037947,0.612904,1336.9445,1.1955e+09
0.037947,0.615181,1340.1319,1.2117e+09
0.037947,0.617454,1343.3086,1.2280e+09
0.037947,0.619722,1346.4750,1.2443e+09
0.037947,0.621491,1348.9428,1.2571e+09
0.037947,0.622628,1350.5256,1.2654e+09
0.037947,0.624560,1353.2146,1.2794e+09
0.037947,0.626816,1356.3478,1.2959e+09
0.037947,0.629067,1359.4709,1.3124e+09
0.037947,0.631314,1362.5840,1.3290e+09
0.037947,0.633332,1365.3762,1.3439e+09
0.037947,0.634460,1366.9345,1.3523e+09
0.037947,0.636108,1369.2103,1.3645e+09
0.037947,0.638343,1372.2915,1.3812e+09
0.037947,0.640574,1375.3633,1.3978e+09
0.037947,0.642801,1378.4253,1.4145e+09
0.037947,0.645024,1381.4773,1.4312e+09
0.037947,0.646280,1383.1979,1.4407e+09
0.037947,0.647593,1384.9976,1.4506e+09
0.037947,0.649769,1387.9745,1.4670e+09
0.037947,0.651981,1390.9969,1.4837e+09
0.037947,0.654189,1394.0101,1.5004e+09
0.037947,0.656393,1397.0128,1.5171e+09
0.037947,0.658092,1399.3237,1.5299e+09
0.037947,0.659197,1400.8258,1.5383e+09
0.037947,0.661098,1403.4073,1.5527e+09
0.037947,0.663292,1406.3825,1.5693e+09
0.037947,0.665482,1409.3483,1.5858e+09
0.037947,0.667668,1412.3042,1.6024e+09
0.037947,0.669812,1415.1982,1.6185e+09
0.037947,0.670785,1416.5103,1.6259e+09
0.037947,0.672336,1418.6002,1.6375e+09
0.037947,0.674512,1421.5300,1.6539e+09
0.037947,0.676686,1424.4504,1.6701e+09
0.037947,0.678856,1427.3617,1.6863e+09
0.037947,0.681023,1430.2651,1.7024e+09
0.037947,0.682587,1432.3599,1.7140e+09
0.037947,0.683682,1433.8224,1.7221e+09
0.037947,0.685648,1436.4494,1.7365e+09
0.037947,0.687806,1439.3264,1.7523e+09
0.037947,0.689960,1442.1949,1.7680e+09
0.037947,0.692111,1445.0557,1.7835e+09
0.037947,0.694260,1447.9088,1.7989e+09
0.037947,0.695095,1449.0158,1.8048e+09
0.037947,0.696714,1451.1623,1.8163e+09
0.037947,0.698847,1453.9858,1.8313e+09
0.037947,0.700987,1456.8132,1.8462e+09
0.037947,0.703124,1459.6332,1.8609e+09
0.037947,0.705258,1462.4458,1.8754e+09
0.037947,0.706974,1464.7041,1.8870e+09
0.037947,0.707825,1465.8238,1.8927e+09
0.037947,0.709815,1468.4378,1.9059e+09
0.037947,0.711941,1471.2258,1.9197e+09
0.037947,0.714065,1474.0066,1.9334e+09
0.037947,0.716186,1476.7805,1.9468e+09
0.037947,0.718304,1479.5473,1.9599e+09
0.037947,0.719421,1481.0034,1.9667e+09
0.037947,0.720715,1482.6910,1.9746e+09
0.037947,0.722829,1485.4418,1.9872e+09
0.037947,0.724940,1488.1853,1.9994e+09
0.037947,0.727049,1490.9221,2.0113e+09
0.037947,0.729156,1493.6521,2.0230e+09
0.037947,0.731261,1496.3755,2.0343e+09
0.037947,0.731707,1496.9521,2.0366e+09
0.037947,0.733656,1499.4700,2.0468e+09
0.037947,0.735756,1502.1788,2.0573e+09
0.037947,0.737854,1504.8803,2.0674e+09
0.037947,0.739950,1507.5754,2.0772e+09
0.037947,0.742045,1510.2641,2.0865e+09
0.037947,0.743854,1512.5840,2.0942e+09
0.037947,0.744429,1513.3199,2.0966e+09
0.037947,0.746519,1515.9950,2.1050e+09
0.037947,0.748608,1518.6639,2.1130e+09
0.037947,0.750695,1521.3267,2.1204e+09
0.037947,0.752780,1523.9836,2.1274e+09
0.037947,0.754864,1526.6339,2.1338e+09
0.037947,0.756166,1528.2863,2.1375e+09
0.037947,0.757237,1529.6466,2.1405e+09
0.037947,0.759318,1532.2843,2.1457e+09
0.037947,0.761397,1534.9163,2.1504e+09
0.037947,0.763476,1537.5428,2.1544e+09
0.037947,0.765553,1540.1638,2.1579e+09
0.037947,0.767556,1542.6871,2.1606e+09
0.037947,0.768526,1543.9090,2.1618e+09
0.037947,0.769993,1545.7528,2.1631e+09
0.037947,0.772067,1548.3571,2.1645e+09
0.037947,0.774140,1550.9562,2.1651e+09
0.037947,0.776213,1553.5504,2.1650e+09
0.037947,0.778284,1556.1397,2.1642e+09
0.037947,0.780089,1558.3922,2.1629e+09
0.037947,0.780961,1559.4786,2.1620e+09
0.037947,0.782713,1561.6607,2.1598e+09
0.037947,0.784780,1564.2322,2.1564e+09
0.037947,0.786846,1566.7976,2.1522e+09
0.037947,0.788910,1569.3567,2.1471e+09
0.037947,0.790973,1571.9094,2.1412e+09
0.037947,0.792514,1573.8154,2.1361e+09
0.037947,0.793447,1574.9673,2.1328e+09
0.037947,0.795378,1577.3497,2.1253e+09
0.037947,0.797435,1579.8830,2.1164e+09
0.037947,0.799489,1582.4102,2.1065e+09
0.037947,0.801542,1584.9310,2.0956e+09
0.037947,0.803593,1587.4458,2.0836e+09
0.037947,0.804839,1588.9718,2.0759e+09
0.037947,0.805955,1590.3375,2.0685e+09
0.037947,0.807975,1592.8070,2.0545e+09
0.037947,0.810021,1595.3043,2.0392e+09
0.037947,0.812066,1597.7961,2.0228e+09
0.037947,0.814109,1600.2824,2.0052e+09
0.037947,0.816130,1602.7373,1.9864e+09
0.037947,0.817102,1603.9186,1.9773e+09
0.037947,0.818476,1605.5844,1.9634e+09
0.037947,0.820515,1608.0564,1.9425e+09
0.037947,0.822553,1610.5223,1.9197e+09
0.037947,0.824590,1612.9850,1.8962e+09
0.037947,0.826627,1615.4439,1.8715e+09
0.037947,0.828589,1617.8095,1.8461e+09
0.037947,0.829363,1618.7420,1.8360e+09
0.037947,0.830982,1620.6919,1.8139e+09
0.037947,0.833017,1623.1407,1.7855e+09
0.037947,0.835052,1625.5861,1.7553e+09
0.037947,0.837086,1628.0297,1.7240e+09
0.037947,0.839121,1630.4719,1.6917e+09
0.037947,0.841020,1632.7495,1.6604e+09
0.037947,0.841630,1633.4814,1.6501e+09
0.037947,0.843476,1635.6932,1.6182e+09
0.037947,0.845512,1638.1334,1.5819e+09
0.037947,0.847550,1640.5743,1.5446e+09
0.037947,0.849588,1643.0168,1.5061e+09
0.037947,0.851629,1645.4614,1.4666e+09
0.037947,0.853436,1647.6280,1.4306e+09
0.037947,0.853955,1648.2505,1.4202e+09
0.037947,0.856000,1650.7030,1.3784e+09
0.037947,0.858047,1653.1607,1.3357e+09
0.037947,0.860097,1655.6249,1.2921e+09
0.037947,0.862150,1658.0967,1.2477e+09
0.037947,0.864206,1660.5775,1.2026e+09
0.037947,0.865832,1662.5438,1.1666e+09
0.037947,0.866554,1663.4177,1.1505e+09
0.037947,0.868620,1665.9241,1.1042e+09
0.037947,0.870690,1668.4448,1.0576e+09
0.037947,0.872766,1670.9818,1.0108e+09
0.037947,0.874847,1673.5372,9.6386e+08
0.037947,0.876934,1676.1137,9.1700e+08
0.037947,0.878139,1677.6090,8.9013e+08
0.037947,0.879321,1679.0814,8.6395e+08
0.037947,0.881424,1681.7130,8.1780e+08
0.037947,0.883533,1684.3777,7.7239e+08
0.037947,0.885651,1687.0742,7.2773e+08
0.037947,0.887776,1689.8113,6.8424e+08
0.037947,0.889790,1692.4311,6.4426e+08
0.037947,0.890583,1693.4718,6.2895e+08
0.037947,0.892355,1695.8155,5.9553e+08
0.037947,0.894509,1698.7016,5.5660e+08
0.037947,0.896673,1701.6465,5.1958e+08
0.037947,0.898846,1704.6561,4.8464e+08
0.037947,0.901006,1707.7054,4.5221e+08
0.037947,0.902519,1709.8760,4.3087e+08
0.037947,0.903529,1711.3420,4.1729e+08
0.037947,0.905734,1714.5988,3.8954e+08
0.037947,0.907948,1717.9462,3.6409e+08
0.037947,0.910172,1721.3960,3.4102e+08
0.037947,0.912407,1724.9553,3.2021e+08
0.037947,0.914344,1728.1215,3.0397e+08
0.037947,0.915199,1729.5486,2.9736e+08
0.037947,0.917226,1732.9820,2.8260e+08
0.037947,0.919495,1736.9477,2.6790e+08
0.037947,0.921775,1741.0556,2.5464e+08
0.037947,0.924064,1745.3131,2.4261e+08
0.037947,0.926162,1749.3422,2.3251e+08
0.037947,0.927219,1751.4290,2.2776e+08
0.037947,0.928986,1754.9733,2.2004e+08
0.037947,0.931297,1759.7374,2.1040e+08
0.037947,0.933615,1764.6899,2.0113e+08
0.037947,0.935939,1769.8325,1.9205e+08
0.037947,0.938133,1774.8374,1.8356e+08
0.037947,0.939318,1777.6072,1.7898e+08
0.037947,0.940932,1781.4639,1.7274e+08
0.037947,0.943274,1787.2153,1.6363e+08
0.037947,0.945623,1793.1772,1.5443e+08
0.037947,0.947977,1799.3508,1.4513e+08
0.037947,0.950234,1805.4533,1.3615e+08
0.037947,0.951473,1808.8869,1.3121e+08
0.037947,0.953033,1813.2868,1.2498e+08
0.037947,0.955406,1820.1434,1.1552e+08
0.037947,0.957784,1827.2100,1.0610e+08
0.037947,0.960167,1834.4820,9.6783e+07
0.037947,0.962471,1841.6824,8.7936e+07
0.037947,0.963669,1845.4775,8.3420e+07
0.037947,0.965290,1850.6710,7.7419e+07
0.037947,0.967693,1858.4637,6.8793e+07
0.037947,0.970104,1866.3648,6.0521e+07
0.037947,0.972521,1874.3371,5.2652e+07
0.037947,0.974871,1882.1016,4.5456e+07
0.037947,0.975895,1885.4812,4.2469e+07
0.037947,0.977715,1891.4722,3.7378e+07
0.037947,0.980153,1899.4434,3.1041e+07
0.037947,0.982596,1907.3430,2.5248e+07
0.037947,0.985043,1915.1492,2.0006e+07
0.037947,0.987443,1922.6936,1.5396e+07
0.037947,0.988135,1924.8474,1.4164e+07
0.037947,0.990285,1931.4712,1.0630e+07
0.037947,0.992732,1938.8875,7.1280e+06
0.037947,0.995169,1946.1494,4.1759e+06
0.037947,0.997594,1953.2523,1.8063e+06
0.037947,1.000000,1960.1592,-2.2360e+02
0.039244,0.000000,300.0000,-5.3695e+02
0.039244,0.002877,305.7335,6.0819e+02
0.039244,0.005624,311.4917,2.5480e+03
0.039244,0.008325,317.1214,5.8833e+03
0.039244,0.010993,322.6566,1.0457e+04
0.039244,0.012120,324.9842,1.2859e+04
0.039244,0.014014,328.8901,1.7441e+04
0.039244,0.016618,334.2417,2.5047e+04
0.039244,0.019213,339.5598,3.4117e+04
0.039244,0.021792,344.8294,4.4642e+04
0.039244,0.023858,349.0434,5.4259e+04
0.039244,0.025017,351.4029,6.0003e+04
0.039244,0.027259,355.9625,7.2441e+04
0.039244,0.029793,361.1075,8.7747e+04
0.039244,0.032315,366.2168,1.0509e+05
0.039244,0.034826,371.2943,1.2442e+05
0.039244,0.036369,374.4108,1.3726e+05
0.039244,0.037805,377.3088,1.4983e+05
0.039244,0.040164,382.0627,1.7234e+05
0.039244,0.042644,387.0528,1.9831e+05
0.039244,0.045115,392.0174,2.2661e+05
0.039244,0.047553,396.9076,2.5705e+05
0.039244,0.048816,399.4386,2.7400e+05
0.039244,0.050376,402.5618,2.9581e+05
0.039244,0.052824,407.4568,3.3241e+05
0.039244,0.055264,412.3312,3.7188e+05
0.039244,0.057697,417.1836,4.1513e+05
0.039244,0.059955,421.6786,4.5854e+05
0.039244,0.061219,424.1965,4.8336e+05
0.039244,0.062883,427.5030,5.1943e+05
0.039244,0.065298,432.2992,5.7390e+05
0.039244,0.067708,437.0789,6.3211e+05
0.039244,0.070112,441.8387,6.9648e+05
0.039244,0.072273,446.1128,7.5769e+05
0.039244,0.073521,448.5788,7.9530e+05
0.039244,0.075239,451.9727,8.4809e+05
0.039244,0.077629,456.6842,9.2894e+05
0.039244,0.080014,461.3818,1.0151e+06
0.039244,0.082395,466.0658,1.1059e+06
0.039244,0.084517,470.2340,1.1960e+06
0.039244,0.085749,472.6528,1.2491e+06
0.039244,0.087475,476.0378,1.3268e+06
0.039244,0.089844,480.6781,1.4425e+06
0.039244,0.092210,485.3054,1.5665e+06
0.039244,0.094572,489.9194,1.6993e+06
0.039244,0.096696,494.0627,1.8270e+06
0.039244,0.097927,496.4621,1.9043e+06
0.039244,0.099615,499.7494,2.0153e+06
0.039244,0.101968,504.3254,2.1795e+06
0.039244,0.104318,508.8897,2.3549e+06
0.039244,0.106666,513.4423,2.5422e+06
0.039244,0.108816,517.6067,2.7252e+06
0.039244,0.110071,520.0350,2.8370e+06
0.039244,0.111679,523.1450,2.9846e+06
0.039244,0.114019,527.6633,3.2130e+06
0.039244,0.116357,532.1711,3.4557e+06
0.039244,0.118692,536.6687,3.7132e+06
0.039244,0.120883,540.8808,3.9689e+06
0.039244,0.122194,543.4002,4.1259e+06
0.039244,0.123682,546.2573,4.3162e+06
0.039244,0.126012,550.7242,4.6239e+06
0.039244,0.128340,555.1819,4.9483e+06
0.039244,0.130667,559.6306,5.2898e+06
0.039244,0.132902,563.8994,5.6373e+06
0.039244,0.134306,566.5758,5.8664e+06
0.039244,0.135638,569.1164,6.0871e+06
0.039244,0.137960,573.5363,6.4918e+06
0.039244,0.140281,577.9481,6.9158e+06
0.039244,0.142600,582.3520,7.3591e+06
0.039244,0.144880,586.6749,7.8141e+06
0.039244,0.146415,589.5806,8.1391e+06
0.039244,0.147559,591.7456,8.3816e+06
0.039244,0.149875,596.1232,8.8979e+06
0.039244,0.152191,600.4938,9.4349e+06
0.039244,0.154505,604.8577,9.9926e+06
0.039244,0.156819,609.2131,1.0578e+07
0.039244,0.158519,612.4090,1.1026e+07
0.039244,0.159468,614.1917,1.1280e+07
0.039244,0.161767,618.5069,1.1915e+07
0.039244,0.164079,622.8412,1.2574e+07
0.039244,0.166391,627.1675,1.3266e+07
0.039244,0.168703,631.4870,1.3984e+07
0.039244,0.170529,634.8982,1.4563e+07
0.039244,0.171493,636.6939,1.4883e+07
0.039244,0.173647,640.7093,1.5600e+07
0.039244,0.175958,645.0083,1.6407e+07
0.039244,0.178268,649.3026,1.7236e+07
0.039244,0.180579,653.5923,1.8087e+07
0.039244,0.182521,657.1892,1.8837e+07
0.039244,0.183530,659.0588,1.9227e+07
0.039244,0.185524,662.7465,2.0025e+07
0.039244,0.187835,667.0188,2.0965e+07
0.039244,0.190147,671.2831,2.1950e+07
0.039244,0.192459,675.5436,2.2957e+07
0.039244,0.194501,679.3024,2.3867e+07
0.039244,0.195585,681.2940,2.4363e+07
0.039244,0.197408,684.6421,2.5213e+07
0.039244,0.199722,688.8876,2.6315e+07
0.039244,0.202037,693.1293,2.7444e+07
0.039244,0.204352,697.3644,2.8615e+07
0.039244,0.206479,701.2521,2.9704e+07
0.039244,0.207660,703.4055,3.0331e+07
0.039244,0.209310,706.4147,3.1206e+07
0.039244,0.211628,710.6374,3.2474e+07
0.039244,0.213948,714.8588,3.3759e+07
0.039244,0.216269,719.0730,3.5096e+07
0.039244,0.218465,723.0573,3.6377e+07
0.039244,0.219757,725.3991,3.7152e+07
0.039244,0.221239,728.0823,3.8040e+07
0.039244,0.223564,732.2864,3.9477e+07
0.039244,0.225890,736.4903,4.0931e+07
0.039244,0.228219,740.6875,4.2438e+07
0.039244,0.230468,744.7400,4.3912e+07
0.039244,0.231878,747.2762,4.4860e+07
0.039244,0.233205,749.6628,4.5752e+07
0.039244,0.235539,753.8523,4.7363e+07
0.039244,0.237874,758.0421,4.8993e+07
0.039244,0.240211,762.2255,5.0682e+07
0.039244,0.242501,766.3216,5.2348e+07
0.039244,0.244022,769.0369,5.3490e+07
0.039244,0.245218,771.1733,5.4388e+07
0.039244,0.247562,775.3521,5.6180e+07
0.039244,0.249908,779.5293,5.8006e+07
0.039244,0.252256,783.7033,5.9879e+07
0.039244,0.254575,787.8225,6.1752e+07
0.039244,0.256186,790.6792,6.3087e+07
0.039244,0.257287,792.6297,6.4009e+07
0.039244,0.259643,796.8015,6.5988e+07
0.039244,0.262001,800.9680,6.8034e+07
0.039244,0.264361,805.1362,7.0101e+07
0.039244,0.266703,809.2644,7.2209e+07
0.039244,0.268369,812.2000,7.3712e+07
0.039244,0.269420,814.0466,7.4692e+07
0.039244,0.271788,818.2104,7.6903e+07
0.039244,0.274160,822.3722,7.9165e+07
0.039244,0.276534,826.5343,8.1464e+07
0.039244,0.278898,830.6710,8.3811e+07
0.039244,0.280566,833.5884,8.5488e+07
0.039244,0.281623,835.4357,8.6549e+07
0.039244,0.284006,839.5925,8.9025e+07
0.039244,0.286392,843.7532,9.1514e+07
0.039244,0.288781,847.9082,9.4097e+07
0.039244,0.291171,852.0640,9.6686e+07
0.039244,0.292773,854.8420,9.8488e+07
0.039244,0.293903,856.8016,9.9760e+07
0.039244,0.296302,860.9596,1.0248e+08
0.039244,0.298704,865.1134,1.0529e+08
0.039244,0.301109,869.2704,1.0812e+08
0.039244,0.303517,873.4233,1.1105e+08
0.039244,0.304983,875.9521,1.1284e+08
0.039244,0.306265,878.1589,1.1444e+08
0.039244,0.308681,882.3124,1.1749e+08
0.039244,0.311099,886.4677,1.2060e+08
0.039244,0.313521,890.6205,1.2379e+08
0.039244,0.315946,894.7754,1.2703e+08
0.039244,0.317191,896.9038,1.2873e+08
0.039244,0.318714,899.5076,1.3083e+08
0.039244,0.321146,903.6621,1.3422e+08
0.039244,0.323582,907.8149,1.3771e+08
0.039244,0.326022,911.9693,1.4125e+08
0.039244,0.328464,916.1215,1.4489e+08
0.039244,0.329389,917.6929,1.4627e+08
0.039244,0.331252,920.8550,1.4912e+08
0.039244,0.333703,925.0080,1.5293e+08
0.039244,0.336156,929.1623,1.5681e+08
0.039244,0.338614,933.3146,1.6080e+08
0.039244,0.341074,937.4693,1.6484e+08
0.039244,0.341569,938.3032,1.6568e+08
0.039244,0.343883,942.2006,1.6960e+08
0.039244,0.346351,946.3554,1.7384e+08
0.039244,0.348823,950.5075,1.7821e+08
0.039244,0.351299,954.6628,1.8263e+08
0.039244,0.353424,958.2209,1.8656e+08
0.039244,0.354124,959.3930,1.8785e+08
0.039244,0.356608,963.5486,1.9248e+08
0.039244,0.359095,967.7002,1.9728e+08
0.039244,0.361585,971.8564,2.0211e+08
0.039244,0.364080,976.0069,2.0713e+08
0.039244,0.365678,978.6658,2.1035e+08
0.039244,0.366928,980.7452,2.1290e+08
0.039244,0.369428,984.8925,2.1816e+08
0.039244,0.371934,989.0492,2.2343e+08
0.039244,0.374444,993.1991,2.2894e+08
0.039244,0.376957,997.3546,2.3446e+08
0.039244,0.377986,999.0537,2.3678e+08
0.039244,0.379834,1002.0997,2.4102e+08
0.039244,0.382346,1006.2389,2.4679e+08
0.039244,0.384871,1010.3896,2.5279e+08
0.039244,0.387399,1014.5433,2.5885e+08
0.039244,0.389610,1018.1685,2.6428e+08
0.039244,0.390650,1019.8711,2.6688e+08
0.039244,0.392820,1023.4257,2.7232e+08
0.039244,0.395360,1027.5769,2.7884e+08
0.039244,0.397904,1031.7283,2.8549e+08
0.039244,0.400452,1035.8803,2.9226e+08
0.039244,0.402139,1038.6244,2.9687e+08
0.039244,0.403540,1040.9038,3.0069e+08
0.039244,0.405914,1044.7597,3.0727e+08
0.039244,0.408473,1048.9076,3.1456e+08
0.039244,0.411035,1053.0601,3.2189e+08
0.039244,0.413484,1057.0160,3.2917e+08
0.039244,0.414799,1059.1403,3.3308e+08
0.039244,0.416530,1061.9360,3.3823e+08
0.039244,0.419104,1066.0795,3.4621e+08
0.039244,0.421682,1070.2291,3.5420e+08
0.039244,0.424263,1074.3732,3.6248e+08
0.039244,0.426321,1077.6742,3.6913e+08
0.039244,0.427586,1079.7035,3.7322e+08
0.039244,0.429799,1083.2418,3.8062e+08
0.039244,0.432391,1087.3862,3.8935e+08
0.039244,0.434988,1091.5294,3.9827e+08
0.039244,0.437516,1095.5561,4.0713e+08
0.039244,0.439161,1098.1754,4.1290e+08
0.039244,0.440556,1100.3914,4.1794e+08
0.039244,0.443164,1104.5300,4.2746e+08
0.039244,0.445775,1108.6723,4.3705e+08
0.039244,0.448390,1112.8070,4.4698e+08
0.039244,0.450747,1116.5344,4.5594e+08
0.039244,0.451756,1118.1269,4.5983e+08
0.039244,0.453997,1121.6574,4.6869e+08
0.039244,0.456623,1125.7943,4.7907e+08
0.039244,0.459252,1129.9232,4.8976e+08
0.039244,0.461880,1134.0486,5.0055e+08
0.039244,0.463516,1136.6145,5.0731e+08
0.039244,0.464873,1138.7349,5.1310e+08
0.039244,0.467495,1142.8348,5.2428e+08
0.039244,0.470113,1146.9230,5.3559e+08
0.039244,0.472726,1150.9932,5.4716e+08
0.039244,0.475334,1155.0548,5.5872e+08
0.039244,0.475816,1155.8028,5.6093e+08
0.039244,0.478297,1159.6522,5.7232e+08
0.039244,0.480891,1163.6759,5.8423e+08
0.039244,0.483477,1167.6756,5.9647e+08
0.039244,0.486056,1171.6615,6.0874e+08
0.039244,0.487696,1174.1946,6.1660e+08
0.039244,0.488986,1176.1804,6.2295e+08
0.039244,0.491549,1180.1266,6.3559e+08
0.039244,0.494105,1184.0586,6.4829e+08
0.039244,0.496655,1187.9681,6.6130e+08
0.039244,0.499198,1191.8672,6.7427e+08
0.039244,0.499978,1193.0614,6.7830e+08
0.039244,0.502087,1196.2828,6.8943e+08
0.039244,0.504615,1200.1435,7.0276e+08
0.039244,0.507136,1203.9862,7.1629e+08
0.039244,0.509651,1207.8116,7.3000e+08
0.039244,0.511723,1210.9635,7.4129e+08
0.039244,0.512734,1212.4972,7.4693e+08
0.039244,0.515009,1215.9447,7.5974e+08
0.039244,0.517503,1219.7233,7.7377e+08
0.039244,0.519991,1223.4813,7.8808e+08
0.039244,0.522473,1227.2258,8.0248e+08
0.039244,0.524103,1229.6852,8.1194e+08
0.039244,0.525443,1231.7008,8.1990e+08
0.039244,0.527761,1235.1854,8.3376e+08
0.039244,0.530223,1238.8851,8.4848e+08
0.039244,0.532679,1242.5630,8.6352e+08
0.039244,0.535129,1246.2296,8.7860e+08
0.039244,0.536459,1248.2201,8.8679e+08
0.039244,0.537984,1250.4951,8.9637e+08
0.039244,0.540352,1254.0235,9.1135e+08
0.039244,0.542783,1257.6473,9.2674e+08
0.039244,0.545209,1261.2493,9.4245e+08
0.039244,0.547627,1264.8379,9.5818e+08
0.039244,0.548783,1266.5547,9.6570e+08
0.039244,0.550379,1268.9174,9.7625e+08
0.039244,0.552788,1272.4767,9.9232e+08
0.039244,0.555190,1276.0274,1.0083e+09
0.039244,0.557587,1279.5577,1.0247e+09
0.039244,0.559894,1282.9530,1.0404e+09
0.039244,0.561093,1284.7179,1.0486e+09
0.039244,0.562697,1287.0735,1.0597e+09
0.039244,0.565077,1290.5619,1.0764e+09
0.039244,0.567452,1294.0424,1.0931e+09
0.039244,0.569821,1297.5047,1.1099e+09
0.039244,0.572085,1300.8087,1.1261e+09
0.039244,0.573313,1302.6003,1.1349e+09
0.039244,0.574873,1304.8751,1.1462e+09
0.039244,0.577227,1308.2953,1.1634e+09
0.039244,0.579575,1311.7081,1.1806e+09
0.039244,0.581918,1315.1061,1.1979e+09
0.039244,0.584193,1318.3974,1.2149e+09
0.039244,0.585458,1320.2284,1.2243e+09
0.039244,0.586915,1322.3366,1.2352e+09
0.039244,0.589243,1325.6954,1.2528e+09
0.039244,0.591567,1329.0426,1.2705e+09
0.039244,0.593885,1332.3776,1.2883e+09
0.039244,0.596199,1335.7006,1.3061e+09
0.039244,0.597544,1337.6289,1.3165e+09
0.039244,0.598841,1339.4882,1.3266e+09
0.039244,0.601134,1342.7690,1.3445e+09
0.039244,0.603434,1346.0554,1.3626e+09
0.039244,0.605728,1349.3300,1.3807e+09
0.039244,0.608019,1352.5916,1.3989e+09
0.039244,0.609560,1354.7845,1.4112e+09
0.039244,0.610760,1356.4892,1.4208e+09
0.039244,0.612904,1359.5337,1.4380e+09
0.039244,0.615181,1362.7620,1.4563e+09
0.039244,0.617454,1365.9771,1.4747e+09
0.039244,0.619722,1369.1816,1.4931e+09
0.039244,0.621491,1371.6798,1.5076e+09
0.039244,0.622628,1373.2812,1.5169e+09
0.039244,0.624560,1376.0029,1.5327e+09
0.039244,0.626816,1379.1734,1.5512e+09
0.039244,0.629067,1382.3334,1.5698e+09
0.039244,0.631314,1385.4833,1.5883e+09
0.039244,0.633332,1388.3083,1.6050e+09
0.039244,0.634460,1389.8848,1.6144e+09
0.039244,0.636108,1392.1869,1.6281e+09
0.039244,0.638343,1395.3038,1.6466e+09
0.039244,0.640574,1398.4111,1.6652e+09
0.039244,0.642801,1401.5084,1.6838e+09
0.039244,0.645024,1404.5942,1.7023e+09
0.039244,0.646280,1406.3351,1.7128e+09
0.039244,0.647593,1408.1542,1.7238e+09
0.039244,0.649769,1411.1648,1.7419e+09
0.039244,0.651981,1414.2215,1.7604e+09
0.039244,0.654189,1417.2664,1.7788e+09
0.039244,0.656393,1420.3023,1.7972e+09
0.039244,0.658092,1422.6395,1.8113e+09
0.039244,0.659197,1424.1568,1.8205e+09
0.039244,0.661098,1426.7672,1.8363e+09
0.039244,0.663292,1429.7733,1.8545e+09
0.039244,0.665482,1432.7699,1.8726e+09
0.039244,0.667668,1435.7580,1.8906e+09
0.039244,0.669812,1438.6831,1.9082e+09
0.039244,0.670785,1440.0077,1.9162e+09
0.039244,0.672336,1442.1199,1.9288e+09
0.039244,0.674512,1445.0790,1.9465e+09
0.039244,0.676686,1448.0293,1.9641e+09
0.039244,0.678856,1450.9713,1.9816e+09
0.039244,0.681023,1453.9035,1.9989e+09
0.039244,0.682587,1456.0181,2.0114e+09
0.039244,0.683682,1457.4961,2.0200e+09
0.039244,0.685648,1460.1483,2.0355e+09
0.039244,0.687806,1463.0542,2.0524e+09
0.039244,0.689960,1465.9510,2.0690e+09
0.039244,0.692111,1468.8388,2.0855e+09
0.039244,0.694260,1471.7188,2.1018e+09
0.039244,0.695095,1472.8367,2.1081e+09
0.039244,0.696714,1475.0029,2.1202e+09
0.039244,0.698847,1477.8536,2.1360e+09
0.039244,0.700987,1480.7071,2.1516e+09
0.039244,0.703124,1483.5527,2.1670e+09
0.039244,0.705258,1486.3908,2.1821e+09
0.039244,0.706974,1488.6697,2.1941e+09
0.039244,0.707825,1489.7991,2.2000e+09
0.039244,0.709815,1492.4365,2.2136e+09
0.039244,0.711941,1495.2489,2.2278e+09
0.039244,0.714065,1498.0539,2.2418e+09
0.039244,0.716186,1500.8517,2.2554e+09
0.039244,0.718304,1503.6422,2.2688e+09
0.039244,0.719421,1505.1103,2.2756e+09
0.039244,0.720715,1506.8123,2.2835e+09
0.039244,0.722829,1509.5854,2.2960e+09
0.039244,0.724940,1512.3515,2.3082e+09
0.039244,0.727049,1515.1105,2.3200e+09
0.039244,0.729156,1517.8626,2.3314e+09
0.039244,0.731261,1520.6076,2.3424e+09
0.039244,0.731707,1521.1885,2.3446e+09
0.039244,0.733656,1523.7257,2.3543e+09
0.039244,0.735756,1526.4545,2.3642e+09
0.039244,0.737854,1529.1766,2.3737e+09
0.039244,0.739950,1531.8919,2.3827e+09
0.039244,0.742045,1534.6006,2.3913e+09
0.039244,0.743854,1536.9373,2.3982e+09
0.039244,0.744429,1537.6784,2.4003e+09
0.039244,0.746519,1540.3727,2.4077e+09
0.039244,0.748608,1543.0595,2.4144e+09
0.039244,0.750695,1545.7400,2.4206e+09
0.039244,0.752780,1548.4142,2.4261e+09
0.039244,0.754864,1551.0822,2.4311e+09
0.039244,0.756166,1552.7463,2.4339e+09
0.039244,0.757237,1554.1142,2.4359e+09
0.039244,0.759318,1556.7687,2.4394e+09
0.039244,0.761397,1559.4172,2.4422e+09
0.039244,0.763476,1562.0597,2.4444e+09
0.039244,0.765553,1564.6962,2.4457e+09
0.039244,0.767556,1567.2337,2.4462e+09
0.039244,0.768526,1568.4620,2.4462e+09
0.039244,0.769993,1570.3168,2.4459e+09
0.039244,0.772067,1572.9350,2.4447e+09
0.039244,0.774140,1575.5477,2.4427e+09
0.039244,0.776213,1578.1552,2.4398e+09
0.039244,0.778284,1580.7572,2.4360e+09
0.039244,0.780089,1583.0205,2.4319e+09
0.039244,0.780961,1584.1126,2.4298e+09
0.039244,0.782713,1586.3045,2.4247e+09
0.039244,0.784780,1588.8876,2.4179e+09
0.039244,0.786846,1591.4641,2.4102e+09
0.039244,0.788910,1594.0339,2.4014e+09
0.039244,0.790973,1596.5968,2.3915e+09
0.039244,0.792514,1598.5099,2.3834e+09
0.039244,0.793447,1599.6665,2.3783e+09
0.039244,0.795378,1602.0577,2.3669e+09
0.039244,0.797435,1604.5996,2.3536e+09
0.039244,0.799489,1607.1349,2.3391e+09
0.039244,0.801542,1609.6635,2.3235e+09
0.039244,0.803593,1612.1858,2.3067e+09
0.039244,0.804839,1613.7164,2.2959e+09
0.039244,0.805955,1615.0856,2.2858e+09
0.039244,0.807975,1617.5616,2.2666e+09
0.039244,0.810021,1620.0650,2.2460e+09
0.039244,0.812066,1622.5623,2.2241e+09
0.039244,0.814109,1625.0537,2.2008e+09
0.039244,0.816130,1627.5140,2.1765e+09
0.039244,0.817102,1628.6969,2.1645e+09
0.039244,0.818476,1630.3661,2.1467e+09
0.039244,0.820515,1632.8412,2.1194e+09
0.039244,0.822553,1635.3111,2.0906e+09
0.039244,0.824590,1637.7765,2.0606e+09
0.039244,0.826627,1640.2379,2.0292e+09
0.039244,0.828589,1642.6060,1.9976e+09
0.039244,0.829363,1643.5390,1.9848e+09
0.039244,0.830982,1645.4905,1.9574e+09
0.039244,0.833017,1647.9404,1.9218e+09
0.039244,0.835052,1650.3873,1.8847e+09
0.039244,0.837086,1652.8320,1.8464e+09
0.039244,0.839121,1655.2745,1.8066e+09
0.039244,0.841020,1657.5529,1.7687e+09
0.039244,0.841630,1658.2849,1.7561e+09
0.039244,0.843476,1660.4972,1.7177e+09
0.039244,0.845512,1662.9378,1.6741e+09
0.039244,0.847550,1665.3793,1.6293e+09
0.039244,0.849588,1667.8223,1.5834e+09
0.039244,0.851629,1670.2678,1.5364e+09
0.039244,0.853436,1672.4356,1.4940e+09
0.039244,0.853955,1673.0583,1.4817e+09
0.039244,0.856000,1675.5127,1.4327e+09
0.039244,0.858047,1677.9728,1.3829e+09
0.039244,0.860097,1680.4401,1.3323e+09
0.039244,0.862150,1682.9159,1.2811e+09
0.039244,0.864206,1685.4020,1.2294e+09
0.039244,0.865832,1687.3733,1.1883e+09
0.039244,0.866554,1688.2492,1.1701e+09
0.039244,0.868620,1690.7641,1.1177e+09
0.039244,0.870690,1693.2958,1.0654e+09
0.039244,0.872766,1695.8461,1.0131e+09
0.039244,0.874847,1698.4173,9.6120e+08
0.039244,0.876934,1701.0130,9.0977e+08
0.039244,0.878139,1702.5207,8.8048e+08
0.039244,0.879321,1704.0070,8.5210e+08
0.039244,0.881424,1706.6672,8.0246e+08
0.039244,0.883533,1709.3643,7.5408e+08
0.039244,0.885651,1712.1006,7.0709e+08
0.039244,0.887776,1714.8808,6.6170e+08
0.039244,0.889790,1717.5522,6.2069e+08
0.039244,0.890583,1718.6136,6.0504e+08
0.039244,0.892355,1721.0086,5.7122e+08
0.039244,0.894509,1723.9668,5.3239e+08
0.039244,0.896673,1726.9930,4.9596e+08
0.039244,0.898846,1730.0955,4.6212e+08
0.039244,0.901006,1733.2491,4.3121e+08
0.039244,0.902519,1735.4998,4.1114e+08
0.039244,0.903529,1737.0240,3.9852e+08
0.039244,0.905734,1740.4131,3.7286e+08
0.039244,0.907948,1743.9128,3.4981e+08
0.039244,0.910172,1747.5290,3.2912e+08
0.039244,0.912407,1751.2720,3.1063e+08
0.039244,0.914344,1754.6110,2.9628e+08
0.039244,0.915199,1756.1182,2.9044e+08
0.039244,0.917226,1759.7562,2.7745e+08
0.039244,0.919495,1763.9648,2.6436e+08
0.039244,0.921775,1768.3355,2.5240e+08
0.039244,0.924064,1772.8823,2.4137e+08
0.039244,0.926162,1777.2001,2.3187e+08
0.039244,0.927219,1779.4204,2.2725e+08
0.039244,0.928986,1783.2212,2.1970e+08
0.039244,0.931297,1788.3535,2.1005e+08
0.039244,0.933615,1793.6787,2.0051e+08
0.039244,0.935939,1799.2204,1.9098e+08
0.039244,0.938133,1804.6275,1.8197e+08
0.039244,0.939318,1807.6232,1.7707e+08
0.039244,0.940932,1811.7870,1.7038e+08
0.039244,0.943274,1818.0079,1.6060e+08
0.039244,0.945623,1824.4639,1.5074e+08
0.039244,0.947977,1831.1439,1.4083e+08
0.039244,0.950234,1837.7502,1.3134e+08
0.039244,0.951473,1841.4597,1.2615e+08
0.039244,0.953033,1846.2097,1.1964e+08
0.039244,0.955406,1853.5963,1.0986e+08
0.039244,0.957784,1861.1837,1.0025e+08
0.039244,0.960167,1868.9531,9.0849e+07
0.039244,0.962471,1876.5909,8.2072e+07
0.039244,0.963669,1880.5969,7.7638e+07
0.039244,0.965290,1886.0540,7.1798e+07
0.039244,0.967693,1894.1895,6.3505e+07
0.039244,0.970104,1902.3716,5.5663e+07
0.039244,0.972521,1910.5635,4.8298e+07
0.039244,0.974871,1918.4862,4.1637e+07
0.039244,0.975895,1921.9196,3.8884e+07
0.039244,0.977715,1927.9846,3.4231e+07
0.039244,0.980153,1936.0237,2.8474e+07
0.039244,0.982596,1943.9684,2.3228e+07
0.039244,0.985043,1951.8082,1.8480e+07
0.039244,0.987443,1959.3810,1.4319e+07
0.039244,0.988135,1961.5427,1.3208e+07
0.039244,0.990285,1968.1960,1.0002e+07
0.039244,0.992732,1975.6580,6.7906e+06
0.039244,0.995169,1982.9752,4.0613e+06
0.039244,0.997594,1990.1472,1.8094e+06
0.039244,1.000000,1997.1292,-3.7879e+02
0.040536,0.000000,300.0000,-9.1312e+01
0.040536,0.002877,305.8516,8.3703e+02
0.040536,0.005624,311.7646,3.4888e+03
0.040536,0.008325,317.5501,7.9269e+03
0.040536,0.010993,323.2344,1.4221e+04
0.040536,0.012120,325.6253,1.7484e+04
0.040536,0.014014,329.6375,2.3719e+04
0.040536,0.016618,335.1366,3.3898e+04
0.040536,0.019213,340.6002,4.6202e+04
0.040536,0.021792,346.0145,6.0435e+04
0.040536,0.023858,350.3459,7.3112e+04
0.040536,0.025017,352.7693,8.1067e+04
0.040536,0.027259,357.4544,9.7739e+04
0.040536,0.029793,362.7378,1.1887e+05
0.040536,0.032315,367.9861,1.4229e+05
0.040536,0.034826,373.2012,1.6854e+05
0.040536,0.036369,376.4026,1.8579e+05
0.040536,0.037805,379.3780,2.0321e+05
0.040536,0.040164,384.2608,2.3370e+05
0.040536,0.042644,389.3862,2.6884e+05
0.040536,0.045115,394.4849,3.0728e+05
0.040536,0.047553,399.5068,3.4879e+05
0.040536,0.048816,402.1068,3.7145e+05
0.040536,0.050376,405.3135,4.0149e+05
0.040536,0.052824,410.3397,4.5172e+05
0.040536,0.055264,415.3445,5.0602e+05
0.040536,0.057697,420.3284,5.6443e+05
0.040536,0.059955,424.9440,6.2377e+05
0.040536,0.061219,427.5279,6.5898e+05
0.040536,0.062883,430.9237,7.0786e+05
0.040536,0.065298,435.8473,7.8358e+05
0.040536,0.067708,440.7546,8.6388e+05
0.040536,0.070112,445.6411,9.5309e+05
0.040536,0.072273,450.0284,1.0386e+06
0.040536,0.073521,452.5598,1.0910e+06
0.040536,0.075239,456.0438,1.1644e+06
0.040536,0.077629,460.8794,1.2782e+06
0.040536,0.080014,465.7027,1.3970e+06
0.040536,0.082395,470.5087,1.5273e+06
0.040536,0.084517,474.7881,1.6521e+06
0.040536,0.085749,477.2698,1.7282e+06
0.040536,0.087475,480.7426,1.8394e+06
0.040536,0.089844,485.5037,2.0035e+06
0.040536,0.092210,490.2512,2.1797e+06
0.040536,0.094572,494.9848,2.3686e+06
0.040536,0.096696,499.2357,2.5495e+06
0.040536,0.097927,501.6962,2.6617e+06
0.040536,0.099615,505.0684,2.8194e+06
0.040536,0.101968,509.7624,3.0529e+06
0.040536,0.104318,514.4443,3.3021e+06
0.040536,0.106666,519.1140,3.5675e+06
0.040536,0.108816,523.3854,3.8268e+06
0.040536,0.110071,525.8752,3.9870e+06
0.040536,0.111679,529.0652,4.1950e+06
0.040536,0.114019,533.6984,4.5191e+06
0.040536,0.116357,538.3209,4.8629e+06
0.040536,0.118692,542.9325,5.2268e+06
0.040536,0.120883,547.2515,5.5869e+06
0.040536,0.122194,549.8342,5.8097e+06
0.040536,0.123682,552.7639,6.0756e+06
0.040536,0.126012,557.3438,6.5061e+06
0.040536,0.128340,561.9143,6.9584e+06
0.040536,0.130667,566.4734,7.4407e+06
0.040536,0.132902,570.8488,7.9268e+06
0.040536,0.134306,573.5940,8.2379e+06
0.040536,0.135638,576.1963,8.5520e+06
0.040536,0.137960,580.7273,9.1096e+06
0.040536,0.140281,585.2498,9.6919e+06
0.040536,0.142600,589.7616,1.0310e+07
0.040536,0.144880,594.1905,1.0941e+07
0.040536,0.146415,597.1703,1.1377e+07
0.040536,0.147559,599.3872,1.1717e+07
0.040536,0.149875,603.8747,1.2414e+07
0.040536,0.152191,608.3515,1.3153e+07
0.040536,0.154505,612.8214,1.3917e+07
0.040536,0.156819,617.2846,1.4707e+07
0.040536,0.158519,620.5583,1.5314e+07
0.040536,0.159468,622.3854,1.5654e+07
0.040536,0.161767,626.8047,1.6515e+07
0.040536,0.164079,631.2439,1.7407e+07
0.040536,0.166391,635.6763,1.8328e+07
0.040536,0.168703,640.0996,1.9293e+07
0.040536,0.170529,643.5929,2.0068e+07
0.040536,0.171493,645.4320,2.0495e+07
0.040536,0.173647,649.5443,2.1448e+07
0.040536,0.175958,653.9462,2.2521e+07
0.040536,0.178268,658.3437,2.3617e+07
0.040536,0.180579,662.7353,2.4747e+07
0.040536,0.182521,666.4184,2.5732e+07
0.040536,0.183530,668.3320,2.6249e+07
0.040536,0.185524,672.1083,2.7292e+07
0.040536,0.187835,676.4808,2.8533e+07
0.040536,0.190147,680.8464,2.9818e+07
0.040536,0.192459,685.2091,3.1123e+07
0.040536,0.194501,689.0539,3.2324e+07
0.040536,0.195585,691.0937,3.2961e+07
0.040536,0.197408,694.5201,3.4067e+07
0.040536,0.199722,698.8663,3.5488e+07
0.040536,0.202037,703.2045,3.6963e+07
0.040536,0.204352,707.5410,3.8458e+07
0.040536,0.206479,711.5165,3.9878e+07
0.040536,0.207660,713.7227,4.0667e+07
0.040536,0.209310,716.7994,4.1806e+07
0.040536,0.211628,721.1219,4.3418e+07
0.040536,0.213948,725.4372,4.5087e+07
0.040536,0.216269,729.7522,4.6771e+07
0.040536,0.218465,733.8252,4.8424e+07
0.040536,0.219757,736.2229,4.9396e+07
0.040536,0.221239,738.9655,5.0540e+07
0.040536,0.223564,743.2670,5.2358e+07
0.040536,0.225890,747.5641,5.4221e+07
0.040536,0.228219,751.8598,5.6110e+07
0.040536,0.230468,756.0017,5.7992e+07
0.040536,0.231878,758.5969,5.9180e+07
0.040536,0.233205,761.0377,6.0306e+07
0.040536,0.235539,765.3206,6.2346e+07
0.040536,0.237874,769.6039,6.4406e+07
0.040536,0.240211,773.8820,6.6525e+07
0.040536,0.242501,778.0687,6.8628e+07
0.040536,0.244022,780.8452,7.0058e+07
0.040536,0.245218,783.0298,7.1184e+07
0.040536,0.247562,787.3008,7.3437e+07
0.040536,0.249908,791.5712,7.5724e+07
0.040536,0.252256,795.8372,7.8073e+07
0.040536,0.254575,800.0473,8.0418e+07
0.040536,0.256186,802.9672,8.2086e+07
0.040536,0.257287,804.9602,8.3241e+07
0.040536,0.259643,809.2243,8.5711e+07
0.040536,0.262001,813.4811,8.8272e+07
0.040536,0.264361,817.7419,9.0840e+07
0.040536,0.266703,821.9581,9.3483e+07
0.040536,0.268369,824.9569,9.5364e+07
0.040536,0.269420,826.8460,9.6566e+07
0.040536,0.271788,831.0974,9.9341e+07
0.040536,0.274160,835.3516,1.0214e+08
0.040536,0.276534,839.6003,1.0503e+08
0.040536,0.278898,843.8291,1.0792e+08
0.040536,0.280566,846.8064,1.1003e+08
0.040536,0.281623,848.6916,1.1136e+08
0.040536,0.284006,852.9409,1.1441e+08
0.040536,0.286392,857.1859,1.1754e+08
0.040536,0.288781,861.4335,1.2071e+08
0.040536,0.291171,865.6724,1.2398e+08
0.040536,0.292773,868.5136,1.2617e+08
0.040536,0.293903,870.5142,1.2775e+08
0.040536,0.296302,874.7562,1.3117e+08
0.040536,0.298704,879.0009,1.3461e+08
0.040536,0.301109,883.2408,1.3818e+08
0.040536,0.303517,887.4847,1.4177e+08
0.040536,0.304983,890.0619,1.4403e+08
0.040536,0.306265,892.3149,1.4601e+08
0.040536,0.308681,896.5578,1.4976e+08
0.040536,0.311099,900.7953,1.5366e+08
0.040536,0.313521,905.0379,1.5756e+08
0.040536,0.315946,909.2735,1.6163e+08
0.040536,0.317191,911.4477,1.6372e+08
0.040536,0.318714,914.1068,1.6629e+08
0.040536,0.321146,918.3420,1.7055e+08
0.040536,0.323582,922.5830,1.7482e+08
0.040536,0.326022,926.8176,1.7926e+08
0.040536,0.328464,931.0567,1.8373e+08
0.040536,0.329389,932.6594,1.8544e+08
0.040536,0.331252,935.8827,1.8900e+08
0.040536,0.333703,940.1214,1.9368e+08
0.040536,0.336156,944.3563,1.9852e+08
0.040536,0.338614,948.5931,2.0342e+08
0.040536,0.341074,952.8285,2.0845e+08
0.040536,0.341569,953.6791,2.0948e+08
0.040536,0.343883,957.6548,2.1431e+08
0.040536,0.346351,961.8904,2.1956e+08
0.040536,0.348823,966.1247,2.2495e+08
0.040536,0.351299,970.3611,2.3041e+08
0.040536,0.353424,973.9886,2.3525e+08
0.040536,0.354124,975.1835,2.3685e+08
0.040536,0.356608,979.4204,2.4256e+08
0.040536,0.359095,983.6516,2.4848e+08
0.040536,0.361585,987.8889,2.5441e+08
0.040536,0.364080,992.1183,2.6061e+08
0.040536,0.365678,994.8273,2.6459e+08
0.040536,0.366928,996.9475,2.6770e+08
0.040536,0.369428,1001.1736,2.7417e+08
0.040536,0.371934,1005.4074,2.8070e+08
0.040536,0.374444,1009.6383,2.8741e+08
0.040536,0.376957,1013.8694,2.9425e+08
0.040536,0.377986,1015.6025,2.9705e+08
0.040536,0.379834,1018.7066,3.0223e+08
0.040536,0.382346,1022.9197,3.0937e+08
0.040536,0.384871,1027.1522,3.1662e+08
0.040536,0.387399,1031.3788,3.2413e+08
0.040536,0.389610,1035.0742,3.3070e+08
0.040536,0.390650,1036.8091,3.3386e+08
0.040536,0.392820,1040.4247,3.4060e+08
0.040536,0.395360,1044.6552,3.4849e+08
0.040536,0.397904,1048.8799,3.5666e+08
0.040536,0.400452,1053.1071,3.6492e+08
0.040536,0.402139,1055.9045,3.7044e+08
0.040536,0.403540,1058.2214,3.7519e+08
0.040536,0.405914,1062.1453,3.8322e+08
0.040536,0.408473,1066.3709,3.9200e+08
0.040536,0.411035,1070.5918,4.0105e+08
0.040536,0.413484,1074.6252,4.0971e+08
0.040536,0.414799,1076.7838,4.1453e+08
0.040536,0.416530,1079.6238,4.2091e+08
0.040536,0.419104,1083.8472,4.3040e+08
0.040536,0.421682,1088.0636,4.4022e+08
0.040536,0.424263,1092.2832,4.5014e+08
0.040536,0.426321,1095.6422,4.5816e+08
0.040536,0.427586,1097.7019,4.6322e+08
0.040536,0.429799,1101.3038,4.7208e+08
0.040536,0.432391,1105.5207,4.8258e+08
0.040536,0.434988,1109.7315,4.9341e+08
0.040536,0.437516,1113.8316,5.0395e+08
0.040536,0.439161,1116.4897,5.1104e+08
0.040536,0.440556,1118.7428,5.1710e+08
0.040536,0.443164,1122.9554,5.2841e+08
0.040536,0.445775,1127.1616,5.4007e+08
0.040536,0.448390,1131.3687,5.5187e+08
0.040536,0.450747,1135.1570,5.6264e+08
0.040536,0.451756,1136.7732,5.6737e+08
0.040536,0.453997,1140.3643,5.7788e+08
0.040536,0.456623,1144.5698,5.9027e+08
0.040536,0.459252,1148.7641,6.0308e+08
0.040536,0.461880,1152.9587,6.1589e+08
0.040536,0.463516,1155.5626,6.2404e+08
0.040536,0.464873,1157.7178,6.3090e+08
0.040536,0.467495,1161.8850,6.4416e+08
0.040536,0.470113,1166.0367,6.5766e+08
0.040536,0.472726,1170.1722,6.7136e+08
0.040536,0.475334,1174.2975,6.8509e+08
0.040536,0.475816,1175.0573,6.8771e+08
0.040536,0.478297,1178.9670,7.0119e+08
0.040536,0.480891,1183.0537,7.1529e+08
0.040536,0.483477,1187.1152,7.2974e+08
0.040536,0.486056,1191.1621,7.4426e+08
0.040536,0.487696,1193.7356,7.5349e+08
0.040536,0.488986,1195.7514,7.6098e+08
0.040536,0.491549,1199.7564,7.7590e+08
0.040536,0.494105,1203.7505,7.9078e+08
0.040536,0.496655,1207.7171,8.0611e+08
0.040536,0.499198,1211.6728,8.2141e+08
0.040536,0.499978,1212.8863,8.2610e+08
0.040536,0.502087,1216.1570,8.3909e+08
0.040536,0.504615,1220.0724,8.5480e+08
0.040536,0.507136,1223.9764,8.7049e+08
0.040536,0.509651,1227.8544,8.8660e+08
0.040536,0.511723,1231.0496,8.9988e+08
0.040536,0.512734,1232.6091,9.0636e+08
0.040536,0.515009,1236.1073,9.2125e+08
0.040536,0.517503,1239.9364,9.3772e+08
0.040536,0.519991,1243.7551,9.5417e+08
0.040536,0.522473,1247.5482,9.7104e+08
0.040536,0.524103,1250.0395,9.8212e+08
0.040536,0.525443,1252.0878,9.9123e+08
0.040536,0.527761,1255.6226,1.0073e+09
0.040536,0.530223,1259.3688,1.0245e+09
0.040536,0.532679,1263.1058,1.0416e+09
0.040536,0.535129,1266.8185,1.0592e+09
0.040536,0.536459,1268.8332,1.0688e+09
0.040536,0.537984,1271.1429,1.0797e+09
0.040536,0.540352,1274.7226,1.0969e+09
0.040536,0.542783,1278.3891,1.1148e+09
0.040536,0.545209,1282.0468,1.1327e+09
0.040536,0.547627,1285.6811,1.1508e+09
0.040536,0.548783,1287.4175,1.1596e+09
0.040536,0.550379,1289.8134,1.1716e+09
0.040536,0.552788,1293.4261,1.1899e+09
0.040536,0.555190,1297.0160,1.2085e+09
0.040536,0.557587,1300.5974,1.2270e+09
0.040536,0.559894,1304.0382,1.2450e+09
0.040536,0.561093,1305.8218,1.2545e+09
0.040536,0.562697,1308.2074,1.2672e+09
0.040536,0.565077,1311.7478,1.2860e+09
0.040536,0.567452,1315.2669,1.3051e+09
0.040536,0.569821,1318.7749,1.3242e+09
0.040536,0.572085,1322.1268,1.3425e+09
0.040536,0.573313,1323.9381,1.3525e+09
0.040536,0.574873,1326.2404,1.3653e+09
0.040536,0.577227,1329.7065,1.3848e+09
0.040536,0.579575,1333.1603,1.4043e+09
0.040536,0.581918,1336.6013,1.4238e+09
0.040536,0.584193,1339.9342,1.4430e+09
0.040536,0.585458,1341.7871,1.4537e+09
0.040536,0.586915,1343.9169,1.4661e+09
0.040536,0.589243,1347.3175,1.4859e+09
0.040536,0.591567,1350.7063,1.5058e+09
0.040536,0.593885,1354.0798,1.5258e+09
0.040536,0.596199,1357.4419,1.5458e+09
0.040536,0.597544,1359.3945,1.5575e+09
0.040536,0.598841,1361.2753,1.5688e+09
0.040536,0.601134,1364.5958,1.5888e+09
0.040536,0.603434,1367.9194,1.6091e+09
0.040536,0.605728,1371.2315,1.6293e+09
0.040536,0.608019,1374.5327,1.6496e+09
0.040536,0.609560,1376.7495,1.6633e+09
0.040536,0.610760,1378.4750,1.6740e+09
0.040536,0.612904,1381.5533,1.6931e+09
0.040536,0.615181,1384.8176,1.7135e+09
0.040536,0.617454,1388.0708,1.7339e+09
0.040536,0.619722,1391.3105,1.7544e+09
0.040536,0.621491,1393.8357,1.7703e+09
0.040536,0.622628,1395.4556,1.7806e+09
0.040536,0.624560,1398.2068,1.7981e+09
0.040536,0.626816,1401.4132,1.8186e+09
0.040536,0.629067,1404.6073,1.8390e+09
0.040536,0.631314,1407.7911,1.8595e+09
0.040536,0.633332,1410.6471,1.8778e+09
0.040536,0.634460,1412.2401,1.8881e+09
0.040536,0.636108,1414.5669,1.9031e+09
0.040536,0.638343,1417.7169,1.9235e+09
0.040536,0.640574,1420.8570,1.9438e+09
0.040536,0.642801,1423.9866,1.9641e+09
0.040536,0.645024,1427.1045,1.9844e+09
0.040536,0.646280,1428.8639,1.9958e+09
0.040536,0.647593,1430.7014,2.0077e+09
0.040536,0.649769,1433.7432,2.0275e+09
0.040536,0.651981,1436.8302,2.0475e+09
0.040536,0.654189,1439.9060,2.0675e+09
0.040536,0.656393,1442.9728,2.0874e+09
0.040536,0.658092,1445.3327,2.1027e+09
0.040536,0.659197,1446.8659,2.1126e+09
0.040536,0.661098,1449.5011,2.1296e+09
0.040536,0.663292,1452.5368,2.1492e+09
0.040536,0.665482,1455.5632,2.1686e+09
0.040536,0.667668,1458.5804,2.1879e+09
0.040536,0.669812,1461.5320,2.2068e+09
0.040536,0.670785,1462.8709,2.2153e+09
0.040536,0.672336,1465.0017,2.2288e+09
0.040536,0.674512,1467.9895,2.2477e+09
0.040536,0.676686,1470.9675,2.2664e+09
0.040536,0.678856,1473.9353,2.2849e+09
0.040536,0.681023,1476.8947,2.3032e+09
0.040536,0.682587,1479.0294,2.3164e+09
0.040536,0.683682,1480.5203,2.3255e+09
0.040536,0.685648,1483.1969,2.3418e+09
0.040536,0.687806,1486.1275,2.3594e+09
0.040536,0.689960,1489.0497,2.3769e+09
0.040536,0.692111,1491.9639,2.3941e+09
0.040536,0.694260,1494.8686,2.4111e+09
0.040536,0.695095,1495.9962,2.4176e+09
0.040536,0.696714,1498.1802,2.4301e+09
0.040536,0.698847,1501.0543,2.4464e+09
0.040536,0.700987,1503.9326,2.4625e+09
0.040536,0.703124,1506.8022,2.4783e+09
0.040536,0.705258,1509.6628,2.4937e+09
0.040536,0.706974,1511.9598,2.5059e+09
0.040536,0.707825,1513.0985,2.5119e+09
0.040536,0.709815,1515.7567,2.5257e+09
0.040536,0.711941,1518.5926,2.5401e+09
0.040536,0.714065,1521.4189,2.5540e+09
0.040536,0.716186,1524.2378,2.5676e+09
0.040536,0.718304,1527.0492,2.5807e+09
0.040536,0.719421,1528.5290,2.5875e+09
0.040536,0.720715,1530.2431,2.5953e+09
0.040536,0.722829,1533.0376,2.6075e+09
0.040536,0.724940,1535.8234,2.6192e+09
0.040536,0.727049,1538.6020,2.6305e+09
0.040536,0.729156,1541.3734,2.6413e+09
0.040536,0.731261,1544.1376,2.6517e+09
0.040536,0.731707,1544.7225,2.6537e+09
0.040536,0.733656,1547.2774,2.6628e+09
0.040536,0.735756,1550.0244,2.6718e+09
0.040536,0.737854,1552.7643,2.6803e+09
0.040536,0.739950,1555.4972,2.6883e+09
0.040536,0.742045,1558.2232,2.6956e+09
0.040536,0.743854,1560.5745,2.7015e+09
0.040536,0.744429,1561.3203,2.7032e+09
0.040536,0.746519,1564.0309,2.7092e+09
0.040536,0.748608,1566.7338,2.7144e+09
0.040536,0.750695,1569.4301,2.7189e+09
0.040536,0.752780,1572.1196,2.7228e+09
0.040536,0.754864,1574.8026,2.7258e+09
0.040536,0.756166,1576.4755,2.7274e+09
0.040536,0.757237,1577.8512,2.7284e+09
0.040536,0.759318,1580.5200,2.7298e+09
0.040536,0.761397,1583.1823,2.7305e+09
0.040536,0.763476,1585.8378,2.7301e+09
0.040536,0.765553,1588.4868,2.7289e+09
0.040536,0.767556,1591.0365,2.7269e+09
0.040536,0.768526,1592.2711,2.7257e+09
0.040536,0.769993,1594.1336,2.7233e+09
0.040536,0.772067,1596.7634,2.7192e+09
0.040536,0.774140,1599.3874,2.7141e+09
0.040536,0.776213,1602.0057,2.7080e+09
0.040536,0.778284,1604.6181,2.7009e+09
0.040536,0.780089,1606.8902,2.6938e+09
0.040536,0.780961,1607.9858,2.6900e+09
0.040536,0.782713,1610.1858,2.6819e+09
0.040536,0.784780,1612.7778,2.6713e+09
0.040536,0.786846,1615.3627,2.6596e+09
0.040536,0.788910,1617.9405,2.6467e+09
0.040536,0.790973,1620.5108,2.6325e+09
0.040536,0.792514,1622.4296,2.6212e+09
0.040536,0.793447,1623.5886,2.6140e+09
0.040536,0.795378,1625.9858,2.5982e+09
0.040536,0.797435,1628.5338,2.5801e+09
0.040536,0.799489,1631.0748,2.5608e+09
0.040536,0.801542,1633.6086,2.5401e+09
0.040536,0.803593,1636.1356,2.5181e+09
0.040536,0.804839,1637.6681,2.5040e+09
0.040536,0.805955,1639.0399,2.4910e+09
0.040536,0.807975,1641.5191,2.4663e+09
0.040536,0.810021,1644.0253,2.4399e+09
0.040536,0.812066,1646.5250,2.4121e+09
0.040536,0.814109,1649.0187,2.3829e+09
0.040536,0.816130,1651.4808,2.3525e+09
0.040536,0.817102,1652.6637,2.3373e+09
0.040536,0.818476,1654.3336,2.3153e+09
0.040536,0.820515,1656.8091,2.2815e+09
0.040536,0.822553,1659.2794,2.2463e+09
0.040536,0.824590,1661.7444,2.2094e+09
0.040536,0.826627,1664.2047,2.1711e+09
0.040536,0.828589,1666.5718,2.1329e+09
0.040536,0.829363,1667.5042,2.1174e+09
0.040536,0.830982,1669.4543,2.0843e+09
0.040536,0.833017,1671.9022,2.0415e+09
0.040536,0.835052,1674.3467,1.9972e+09
0.040536,0.837086,1676.7887,1.9516e+09
0.040536,0.839121,1679.2286,1.9045e+09
0.040536,0.841020,1681.5039,1.8595e+09
0.040536,0.841630,1682.2350,1.8448e+09
0.040536,0.843476,1684.4443,1.7995e+09
0.040536,0.845512,1686.8818,1.7485e+09
0.040536,0.847550,1689.3199,1.6963e+09
0.040536,0.849588,1691.7598,1.6430e+09
0.040536,0.851629,1694.2024,1.5888e+09
0.040536,0.853436,1696.3677,1.5400e+09
0.040536,0.853955,1696.9901,1.5258e+09
0.040536,0.856000,1699.4426,1.4697e+09
0.040536,0.858047,1701.9014,1.4130e+09
0.040536,0.860097,1704.3682,1.3558e+09
0.040536,0.862150,1706.8448,1.2981e+09
0.040536,0.864206,1709.3331,1.2402e+09
0.040536,0.865832,1711.3067,1.1945e+09
0.040536,0.866554,1712.1852,1.1742e+09
0.040536,0.868620,1714.7055,1.1164e+09
0.040536,0.870690,1717.2441,1.0590e+09
0.040536,0.872766,1719.8061,1.0022e+09
0.040536,0.874847,1722.3920,9.4610e+08
0.040536,0.876934,1725.0047,8.9098e+08
0.040536,0.878139,1726.5254,8.5989e+08
0.040536,0.879321,1728.0249,8.2989e+08
0.040536,0.881424,1730.7132,7.7783e+08
0.040536,0.883533,1733.4433,7.2759e+08
0.040536,0.885651,1736.2206,6.7942e+08
0.040536,0.887776,1739.0490,6.3345e+08
0.040536,0.889790,1741.7705,5.9228e+08
0.040536,0.890583,1742.8558,5.7682e+08
0.040536,0.892355,1745.3076,5.4360e+08
0.040536,0.894509,1748.3427,5.0590e+08
0.040536,0.896673,1751.4573,4.7106e+08
0.040536,0.898846,1754.6601,4.3916e+08
0.040536,0.901006,1757.9270,4.1048e+08
0.040536,0.902519,1760.2662,3.9211e+08
0.040536,0.903529,1761.8518,3.8060e+08
0.040536,0.905734,1765.3900,3.5753e+08
0.040536,0.907948,1769.0533,3.3695e+08
0.040536,0.910172,1772.8510,3.1863e+08
0.040536,0.912407,1776.7971,3.0233e+08
0.040536,0.914344,1780.3262,2.8963e+08
0.040536,0.915199,1781.9228,2.8443e+08
0.040536,0.917226,1785.7839,2.7279e+08
0.040536,0.919495,1790.2585,2.6082e+08
0.040536,0.921775,1794.9183,2.4964e+08
0.040536,0.924064,1799.7801,2.3902e+08
0.040536,0.926162,1804.3982,2.2963e+08
0.040536,0.927219,1806.7933,2.2500e+08
0.040536,0.928986,1810.8693,2.1728e+08
0.040536,0.931297,1816.3980,2.0726e+08
0.040536,0.933615,1822.1414,1.9721e+08
0.040536,0.935939,1828.1179,1.8708e+08
0.040536,0.938133,1833.9636,1.7746e+08
0.040536,0.939318,1837.2061,1.7223e+08
0.040536,0.940932,1841.7100,1.6510e+08
0.040536,0.943274,1848.4485,1.5474e+08
0.040536,0.945623,1855.4280,1.4436e+08
0.040536,0.947977,1862.6487,1.3402e+08
0.040536,0.950234,1869.7697,1.2423e+08
0.040536,0.951473,1873.7587,1.1892e+08
0.040536,0.953033,1878.8564,1.1232e+08
0.040536,0.955406,1886.7552,1.0251e+08
0.040536,0.957784,1894.8190,9.2993e+07
0.040536,0.960167,1903.0085,8.3840e+07
0.040536,0.962471,1910.9957,7.5402e+07
0.040536,0.963669,1915.1627,7.1193e+07
0.040536,0.965290,1920.8110,6.5680e+07
0.040536,0.967693,1929.1766,5.7943e+07
0.040536,0.970104,1937.5300,5.0699e+07
0.040536,0.972521,1945.8409,4.3963e+07
0.040536,0.974871,1953.8406,3.7902e+07
0.040536,0.975895,1957.2956,3.5422e+07
0.040536,0.977715,1963.3908,3.1229e+07
0.040536,0.980153,1971.4575,2.6043e+07
0.040536,0.982596,1979.4218,2.1320e+07
0.040536,0.985043,1987.2797,1.7059e+07
0.040536,0.987443,1994.8765,1.3306e+07
0.040536,0.988135,1997.0461,1.2301e+07
0.040536,0.990285,2003.7289,9.3909e+06
0.040536,0.992732,2011.2360,6.4530e+06
0.040536,0.995169,2018.6083,3.9256e+06
0.040536,0.997594,2025.8461,1.7876e+06
0.040536,1.000000,2032.8916,-6.0731e+02
0.041825,0.000000,300.0000,-6.9538e+02
0.041825,0.002877,305.9689,1.1058e+03
0.041825,0.005624,312.0389,4.5694e+03
0.041825,0.008325,317.9778,1.0473e+04
0.041825,0.010993,323.8135,1.8794e+04
0.041825,0.012120,326.2691,2.3021e+04
0.041825,0.014014,330.3887,3.1254e+04
0.041825,0.016618,336.0347,4.4741e+04
0.041825,0.019213,341.6463,6.0734e+04
0.041825,0.021792,347.2075,7.9174e+04
0.041825,0.023858,351.6532,9.6174e+04
0.041825,0.025017,354.1412,1.0659e+05
0.041825,0.027259,358.9512,1.2842e+05
0.041825,0.029793,364.3750,1.5615e+05
0.041825,0.032315,369.7618,1.8716e+05
0.041825,0.034826,375.1157,2.2142e+05
0.041825,0.036369,378.4012,2.4439e+05
0.041825,0.037805,381.4568,2.6666e+05
0.041825,0.040164,386.4686,3.0673e+05
0.041825,0.042644,391.7291,3.5303e+05
0.041825,0.045115,396.9620,4.0381e+05
0.041825,0.047553,402.1156,4.5879e+05
0.041825,0.048816,404.7834,4.8915e+05
0.041825,0.050376,408.0746,5.2863e+05
0.041825,0.052824,413.2323,5.9544e+05
0.041825,0.055264,418.3679,6.6768e+05
0.041825,0.057697,423.4822,7.4525e+05
0.041825,0.059955,428.2173,8.2533e+05
0.041825,0.061219,430.8692,8.7160e+05
0.041825,0.062883,434.3524,9.3824e+05
0.041825,0.065298,439.4044,1.0393e+06
0.041825,0.067708,444.4377,1.1488e+06
0.041825,0.070112,449.4502,1.2700e+06
0.041825,0.072273,453.9529,1.3826e+06
0.041825,0.073521,456.5494,1.4543e+06
0.041825,0.075239,460.1212,1.5575e+06
0.041825,0.077629,465.0822,1.7108e+06
0.041825,0.080014,470.0272,1.8763e+06
0.041825,0.082395,474.9554,2.0549e+06
0.041825,0.084517,479.3431,2.2267e+06
0.041825,0.085749,481.8871,2.3326e+06
0.041825,0.087475,485.4476,2.4861e+06
0.041825,0.089844,490.3288,2.7121e+06
0.041825,0.092210,495.1959,2.9547e+06
0.041825,0.094572,500.0484,3.2148e+06
0.041825,0.096696,504.4058,3.4641e+06
0.041825,0.097927,506.9276,3.6191e+06
0.041825,0.099615,510.3844,3.8356e+06
0.041825,0.101968,515.1954,4.1564e+06
0.041825,0.104318,519.9935,4.4995e+06
0.041825,0.106666,524.7784,4.8663e+06
0.041825,0.108816,529.1550,5.2235e+06
0.041825,0.110071,531.7076,5.4382e+06
0.041825,0.111679,534.9745,5.7290e+06
0.041825,0.114019,539.7220,6.1713e+06
0.041825,0.116357,544.4584,6.6385e+06
0.041825,0.118692,549.1837,7.1310e+06
0.041825,0.120883,553.6084,7.6188e+06
0.041825,0.122194,556.2527,7.9272e+06
0.041825,0.123682,559.2548,8.2821e+06
0.041825,0.126012,563.9450,8.8688e+06
0.041825,0.128340,568.6253,9.4833e+06
0.041825,0.130667,573.2961,1.0125e+07
0.041825,0.132902,577.7776,1.0774e+07
0.041825,0.134306,580.5868,1.1202e+07
0.041825,0.135638,583.2532,1.1614e+07
0.041825,0.137960,587.8920,1.2363e+07
0.041825,0.140281,592.5224,1.3140e+07
0.041825,0.142600,597.1434,1.3952e+07
0.041825,0.144880,601.6769,1.4793e+07
0.041825,0.146415,604.7277,1.5368e+07
0.041825,0.147559,606.9967,1.5819e+07
0.041825,0.149875,611.5902,1.6739e+07
0.041825,0.152191,616.1733,1.7706e+07
0.041825,0.154505,620.7482,1.8709e+07
0.041825,0.156819,625.3164,1.9741e+07
0.041825,0.158519,628.6665,2.0534e+07
0.041825,0.159468,630.5363,2.0977e+07
0.041825,0.161767,635.0589,2.2096e+07
0.041825,0.164079,639.6021,2.3249e+07
0.041825,0.166391,644.1364,2.4449e+07
0.041825,0.168703,648.6628,2.5690e+07
0.041825,0.170529,652.2371,2.6688e+07
0.041825,0.171493,654.1192,2.7232e+07
0.041825,0.173647,658.3244,2.8469e+07
0.041825,0.175958,662.8287,2.9835e+07
0.041825,0.178268,667.3285,3.1227e+07
0.041825,0.180579,671.8177,3.2685e+07
0.041825,0.182521,675.5875,3.3921e+07
0.041825,0.183530,677.5431,3.4589e+07
0.041825,0.185524,681.4059,3.5908e+07
0.041825,0.187835,685.8760,3.7490e+07
0.041825,0.190147,690.3434,3.9093e+07
0.041825,0.192459,694.8008,4.0765e+07
0.041825,0.194501,698.7352,4.2256e+07
0.041825,0.195585,700.8183,4.3073e+07
0.041825,0.197408,704.3235,4.4448e+07
0.041825,0.199722,708.7644,4.6246e+07
0.041825,0.202037,713.2033,4.8066e+07
0.041825,0.204352,717.6325,4.9958e+07
0.041825,0.206479,721.6998,5.1705e+07
0.041825,0.207660,723.9513,5.2710e+07
0.041825,0.209310,727.0977,5.4116e+07
0.041825,0.211628,731.5144,5.6128e+07
0.041825,0.213948,735.9268,5.8183e+07
0.041825,0.216269,740.3335,6.0290e+07
0.041825,0.218465,744.4989,6.2310e+07
0.041825,0.219757,746.9475,6.3523e+07
0.041825,0.221239,749.7493,6.4938e+07
0.041825,0.223564,754.1468,6.7164e+07
0.041825,0.225890,758.5352,6.9470e+07
0.041825,0.228219,762.9246,7.1792e+07
0.041825,0.230468,767.1554,7.4106e+07
0.041825,0.231878,769.8077,7.5556e+07
0.041825,0.233205,772.2988,7.6954e+07
0.041825,0.235539,776.6750,7.9444e+07
0.041825,0.237874,781.0490,8.1975e+07
0.041825,0.240211,785.4192,8.4561e+07
0.041825,0.242501,789.6946,8.7138e+07
0.041825,0.244022,792.5302,8.8883e+07
0.041825,0.245218,794.7613,9.0257e+07
0.041825,0.247562,799.1225,9.3009e+07
0.041825,0.249908,803.4828,9.5802e+07
0.041825,0.252256,807.8389,9.8663e+07
0.041825,0.254575,812.1367,1.0153e+08
0.041825,0.256186,815.1190,1.0355e+08
0.041825,0.257287,817.1530,1.0496e+08
0.041825,0.259643,821.5047,1.0798e+08
0.041825,0.262001,825.8514,1.1108e+08
0.041825,0.264361,830.1988,1.1422e+08
0.041825,0.266703,834.5041,1.1742e+08
0.041825,0.268369,837.5631,1.1972e+08
0.041825,0.269420,839.4919,1.2117e+08
0.041825,0.271788,843.8312,1.2454e+08
0.041825,0.274160,848.1717,1.2795e+08
0.041825,0.276534,852.5083,1.3145e+08
0.041825,0.278898,856.8215,1.3498e+08
0.041825,0.280566,859.8627,1.3750e+08
0.041825,0.281623,861.7843,1.3915e+08
0.041825,0.284006,866.1187,1.4285e+08
0.041825,0.286392,870.4507,1.4664e+08
0.041825,0.288781,874.7816,1.5051e+08
0.041825,0.291171,879.1083,1.5444e+08
0.041825,0.292773,882.0028,1.5714e+08
0.041825,0.293903,884.0446,1.5905e+08
0.041825,0.296302,888.3735,1.6316e+08
0.041825,0.298704,892.6993,1.6739e+08
0.041825,0.301109,897.0275,1.7165e+08
0.041825,0.303517,901.3501,1.7607e+08
0.041825,0.304983,903.9822,1.7876e+08
0.041825,0.306265,906.2806,1.8114e+08
0.041825,0.308681,910.6015,1.8577e+08
0.041825,0.311099,914.9282,1.9040e+08
0.041825,0.313521,919.2464,1.9523e+08
0.041825,0.315946,923.5701,2.0008e+08
0.041825,0.317191,925.7855,2.0263e+08
0.041825,0.318714,928.4912,2.0581e+08
0.041825,0.321146,932.8132,2.1089e+08
0.041825,0.323582,937.1313,2.1613e+08
0.041825,0.326022,941.4503,2.2145e+08
0.041825,0.328464,945.7690,2.2688e+08
0.041825,0.329389,947.4001,2.2899e+08
0.041825,0.331252,950.6878,2.3325e+08
0.041825,0.333703,955.0066,2.3892e+08
0.041825,0.336156,959.3208,2.4477e+08
0.041825,0.338614,963.6407,2.5065e+08
0.041825,0.341074,967.9516,2.5679e+08
0.041825,0.341569,968.8187,2.5803e+08
0.041825,0.343883,972.8715,2.6380e+08
0.041825,0.346351,977.1824,2.7022e+08
0.041825,0.348823,981.4976,2.7667e+08
0.041825,0.351299,985.8098,2.8331e+08
0.041825,0.353424,989.5054,2.8912e+08
0.041825,0.354124,990.7228,2.9103e+08
0.041825,0.356608,995.0357,2.9795e+08
0.041825,0.359095,999.3452,3.0506e+08
0.041825,0.361585,1003.6596,3.1221e+08
0.041825,0.364080,1007.9654,3.1967e+08
0.041825,0.365678,1010.7236,3.2445e+08
0.041825,0.366928,1012.8824,3.2819e+08
0.041825,0.369428,1017.1838,3.3598e+08
0.041825,0.371934,1021.4933,3.4382e+08
0.041825,0.374444,1025.8000,3.5187e+08
0.041825,0.376957,1030.1054,3.6009e+08
0.041825,0.377986,1031.8689,3.6346e+08
0.041825,0.379834,1035.0295,3.6963e+08
0.041825,0.382346,1039.3152,3.7823e+08
0.041825,0.384871,1043.6239,3.8686e+08
0.041825,0.387399,1047.9225,3.9589e+08
0.041825,0.389610,1051.6803,4.0380e+08
0.041825,0.390650,1053.4479,4.0751e+08
0.041825,0.392820,1057.1257,4.1557e+08
0.041825,0.395360,1061.4262,4.2506e+08
0.041825,0.397904,1065.7273,4.3470e+08
0.041825,0.400452,1070.0230,4.4464e+08
0.041825,0.402139,1072.8680,4.5122e+08
0.041825,0.403540,1075.2287,4.5676e+08
0.041825,0.405914,1079.2148,4.6642e+08
0.041825,0.408473,1083.5124,4.7684e+08
0.041825,0.411035,1087.8046,4.8758e+08
0.041825,0.413484,1091.9005,4.9799e+08
0.041825,0.414799,1094.1000,5.0358e+08
0.041825,0.416530,1096.9880,5.1111e+08
0.041825,0.419104,1101.2753,5.2252e+08
0.041825,0.421682,1105.5688,5.3393e+08
0.041825,0.424263,1109.8512,5.4584e+08
0.041825,0.426321,1113.2644,5.5533e+08
0.041825,0.427586,1115.3626,5.6117e+08
0.041825,0.429799,1119.0196,5.7172e+08
0.041825,0.432391,1123.3018,5.8418e+08
0.041825,0.434988,1127.5855,5.9678e+08
0.041825,0.437516,1131.7431,6.0943e+08
0.041825,0.439161,1134.4476,6.1765e+08
0.041825,0.440556,1136.7414,6.2463e+08
0.041825,0.443164,1141.0169,6.3804e+08
0.041825,0.445775,1145.2907,6.5168e+08
0.041825,0.448390,1149.5630,6.6554e+08
0.041825,0.450747,1153.4086,6.7820e+08
0.041825,0.451756,1155.0511,6.8371e+08
0.041825,0.453997,1158.6987,6.9598e+08
0.041825,0.456623,1162.9653,7.1058e+08
0.041825,0.459252,1167.2266,7.2545e+08
0.041825,0.461880,1171.4808,7.4053e+08
0.041825,0.463516,1174.1259,7.4999e+08
0.041825,0.464873,1176.3144,7.5795e+08
0.041825,0.467495,1180.5424,7.7346e+08
0.041825,0.470113,1184.7564,7.8914e+08
0.041825,0.472726,1188.9543,8.0505e+08
0.041825,0.475334,1193.1351,8.2116e+08
0.041825,0.475816,1193.9078,8.2414e+08
0.041825,0.478297,1197.8769,8.3971e+08
0.041825,0.480891,1202.0189,8.5618e+08
0.041825,0.483477,1206.1425,8.7281e+08
0.041825,0.486056,1210.2472,8.8961e+08
0.041825,0.487696,1212.8493,9.0053e+08
0.041825,0.488986,1214.8952,9.0914e+08
0.041825,0.491549,1218.9606,9.2624e+08
0.041825,0.494105,1223.0056,9.4358e+08
0.041825,0.496655,1227.0303,9.6114e+08
0.041825,0.499198,1231.0444,9.7865e+08
0.041825,0.499978,1232.2721,9.8413e+08
0.041825,0.502087,1235.5859,9.9912e+08
0.041825,0.504615,1239.5575,1.0171e+09
0.041825,0.507136,1243.5115,1.0352e+09
0.041825,0.509651,1247.4437,1.0536e+09
0.041825,0.511723,1250.6837,1.0688e+09
0.041825,0.512734,1252.2650,1.0762e+09
0.041825,0.515009,1255.8070,1.0933e+09
0.041825,0.517503,1259.6883,1.1120e+09
0.041825,0.519991,1263.5566,1.1309e+09
0.041825,0.522473,1267.4000,1.1501e+09
0.041825,0.524103,1269.9243,1.1627e+09
0.041825,0.525443,1271.9998,1.1730e+09
0.041825,0.527761,1275.5800,1.1913e+09
0.041825,0.530223,1279.3745,1.2109e+09
0.041825,0.532679,1283.1598,1.2304e+09
0.041825,0.535129,1286.9202,1.2503e+09
0.041825,0.536459,1288.9602,1.2611e+09
0.041825,0.537984,1291.2989,1.2735e+09
0.041825,0.540352,1294.9257,1.2929e+09
0.041825,0.542783,1298.6369,1.3132e+09
0.041825,0.545209,1302.3391,1.3334e+09
0.041825,0.547627,1306.0213,1.3538e+09
0.041825,0.548783,1307.7781,1.3637e+09
0.041825,0.550379,1310.2024,1.3773e+09
0.041825,0.552788,1313.8601,1.3979e+09
0.041825,0.555190,1317.4948,1.4187e+09
0.041825,0.557587,1321.1171,1.4396e+09
0.041825,0.559894,1324.6037,1.4597e+09
0.041825,0.561093,1326.4103,1.4703e+09
0.041825,0.562697,1328.8252,1.4845e+09
0.041825,0.565077,1332.4032,1.5057e+09
0.041825,0.567452,1335.9679,1.5270e+09
0.041825,0.569821,1339.5178,1.5483e+09
0.041825,0.572085,1342.9029,1.5689e+09
0.041825,0.573313,1344.7377,1.5801e+09
0.041825,0.574873,1347.0649,1.5944e+09
0.041825,0.577227,1350.5727,1.6160e+09
0.041825,0.579575,1354.0653,1.6377e+09
0.041825,0.581918,1357.5440,1.6595e+09
0.041825,0.584193,1360.9164,1.6807e+09
0.041825,0.585458,1362.7888,1.6926e+09
0.041825,0.586915,1364.9447,1.7063e+09
0.041825,0.589243,1368.3818,1.7283e+09
0.041825,0.591567,1371.8073,1.7503e+09
0.041825,0.593885,1375.2203,1.7723e+09
0.041825,0.596199,1378.6185,1.7945e+09
0.041825,0.597544,1380.5924,1.8074e+09
0.041825,0.598841,1382.4930,1.8198e+09
0.041825,0.601134,1385.8494,1.8419e+09
0.041825,0.603434,1389.2101,1.8642e+09
0.041825,0.605728,1392.5567,1.8864e+09
0.041825,0.608019,1395.8924,1.9087e+09
0.041825,0.609560,1398.1336,1.9237e+09
0.041825,0.610760,1399.8773,1.9354e+09
0.041825,0.612904,1402.9879,1.9564e+09
0.041825,0.615181,1406.2857,1.9787e+09
0.041825,0.617454,1409.5726,2.0010e+09
0.041825,0.619722,1412.8460,2.0233e+09
0.041825,0.621491,1415.3967,2.0407e+09
0.041825,0.622628,1417.0333,2.0519e+09
0.041825,0.624560,1419.8122,2.0709e+09
0.041825,0.626816,1423.0512,2.0932e+09
0.041825,0.629067,1426.2770,2.1154e+09
0.041825,0.631314,1429.4926,2.1375e+09
0.041825,0.633332,1432.3765,2.1574e+09
0.041825,0.634460,1433.9855,2.1685e+09
0.041825,0.636108,1436.3347,2.1848e+09
0.041825,0.638343,1439.5155,2.2067e+09
0.041825,0.640574,1442.6864,2.2287e+09
0.041825,0.642801,1445.8450,2.2505e+09
0.041825,0.645024,1448.9929,2.2723e+09
0.041825,0.646280,1450.7688,2.2845e+09
0.041825,0.647593,1452.6241,2.2973e+09
0.041825,0.649769,1455.6947,2.3185e+09
0.041825,0.651981,1458.8092,2.3399e+09
0.041825,0.654189,1461.9141,2.3613e+09
0.041825,0.656393,1465.0098,2.3825e+09
0.041825,0.658092,1467.3896,2.3987e+09
0.041825,0.659197,1468.9376,2.4093e+09
0.041825,0.661098,1471.5956,2.4274e+09
0.041825,0.663292,1474.6593,2.4481e+09
0.041825,0.665482,1477.7125,2.4687e+09
0.041825,0.667668,1480.7547,2.4891e+09
0.041825,0.669812,1483.7330,2.5090e+09
0.041825,0.670785,1485.0823,2.5179e+09
0.041825,0.672336,1487.2334,2.5322e+09
0.041825,0.674512,1490.2457,2.5519e+09
0.041825,0.676686,1493.2481,2.5715e+09
0.041825,0.678856,1496.2420,2.5909e+09
0.041825,0.681023,1499.2262,2.6100e+09
0.041825,0.682587,1501.3772,2.6236e+09
0.041825,0.683682,1502.8809,2.6331e+09
0.041825,0.685648,1505.5785,2.6500e+09
0.041825,0.687806,1508.5340,2.6683e+09
0.041825,0.689960,1511.4793,2.6863e+09
0.041825,0.692111,1514.4152,2.7039e+09
0.041825,0.694260,1517.3431,2.7213e+09
0.041825,0.695095,1518.4789,2.7280e+09
0.041825,0.696714,1520.6811,2.7408e+09
0.041825,0.698847,1523.5767,2.7574e+09
0.041825,0.700987,1526.4757,2.7736e+09
0.041825,0.703124,1529.3668,2.7895e+09
0.041825,0.705258,1532.2498,2.8051e+09
0.041825,0.706974,1534.5622,2.8172e+09
0.041825,0.707825,1535.7100,2.8232e+09
0.041825,0.709815,1538.3862,2.8368e+09
0.041825,0.711941,1541.2415,2.8510e+09
0.041825,0.714065,1544.0891,2.8648e+09
0.041825,0.716186,1546.9269,2.8780e+09
0.041825,0.718304,1549.7568,2.8908e+09
0.041825,0.719421,1551.2473,2.8974e+09
0.041825,0.720715,1552.9717,2.9047e+09
0.041825,0.722829,1555.7846,2.9164e+09
0.041825,0.724940,1558.5892,2.9275e+09
0.041825,0.727049,1561.3850,2.9380e+09
0.041825,0.729156,1564.1733,2.9479e+09
0.041825,0.731261,1566.9542,2.9573e+09
0.041825,0.731707,1567.5428,2.9592e+09
0.041825,0.733656,1570.1130,2.9672e+09
0.041825,0.735756,1572.8766,2.9751e+09
0.041825,0.737854,1575.6321,2.9824e+09
0.041825,0.739950,1578.3803,2.9889e+09
0.041825,0.742045,1581.1213,2.9948e+09
0.041825,0.743854,1583.4857,2.9994e+09
0.041825,0.744429,1584.2351,3.0006e+09
0.041825,0.746519,1586.9603,3.0050e+09
0.041825,0.748608,1589.6769,3.0083e+09
0.041825,0.750695,1592.3866,3.0109e+09
0.041825,0.752780,1595.0893,3.0127e+09
0.041825,0.754864,1597.7850,3.0136e+09
0.041825,0.756166,1599.4656,3.0138e+09
0.041825,0.757237,1600.8476,3.0136e+09
0.041825,0.759318,1603.5283,3.0126e+09
0.041825,0.761397,1606.2022,3.0107e+09
0.041825,0.763476,1608.8684,3.0077e+09
0.041825,0.765553,1611.5281,3.0037e+09
0.041825,0.767556,1614.0876,2.9988e+09
0.041825,0.768526,1615.3273,2.9963e+09
0.041825,0.769993,1617.1962,2.9916e+09
0.041825,0.772067,1619.8354,2.9843e+09
0.041825,0.774140,1622.4683,2.9758e+09
0.041825,0.776213,1625.0949,2.9662e+09
0.041825,0.778284,1627.7154,2.9555e+09
0.041825,0.780089,1629.9941,2.9451e+09
0.041825,0.780961,1631.0924,2.9397e+09
0.041825,0.782713,1633.2985,2.9282e+09
0.041825,0.784780,1635.8969,2.9135e+09
0.041825,0.786846,1638.4878,2.8975e+09
0.041825,0.788910,1641.0711,2.8802e+09
0.041825,0.790973,1643.6464,2.8615e+09
0.041825,0.792514,1645.5689,2.8467e+09
0.041825,0.793447,1646.7294,2.8372e+09
0.041825,0.795378,1649.1303,2.8168e+09
0.041825,0.797435,1651.6816,2.7937e+09
0.041825,0.799489,1654.2255,2.7692e+09
0.041825,0.801542,1656.7616,2.7431e+09
0.041825,0.803593,1659.2904,2.7156e+09
0.041825,0.804839,1660.8240,2.6981e+09
0.041825,0.805955,1662.1967,2.6821e+09
0.041825,0.807975,1664.6766,2.6517e+09
0.041825,0.810021,1667.1828,2.6193e+09
0.041825,0.812066,1669.6821,2.5853e+09
0.041825,0.814109,1672.1748,2.5498e+09
0.041825,0.816130,1674.6355,2.5132e+09
0.041825,0.817102,1675.8177,2.4949e+09
0.041825,0.818476,1677.4864,2.4686e+09
0.041825,0.820515,1679.9593,2.4280e+09
0.041825,0.822553,1682.4265,2.3860e+09
0.041825,0.824590,1684.8883,2.3424e+09
0.041825,0.826627,1687.3445,2.2970e+09
0.041825,0.828589,1689.7072,2.2519e+09
0.041825,0.829363,1690.6380,2.2338e+09
0.041825,0.830982,1692.5841,2.1950e+09
0.041825,0.833017,1695.0266,2.1449e+09
0.041825,0.835052,1697.4655,2.0933e+09
0.041825,0.837086,1699.9014,2.0403e+09
0.041825,0.839121,1702.3350,1.9859e+09
0.041825,0.841020,1704.6042,1.9339e+09
0.041825,0.841630,1705.3333,1.9169e+09
0.041825,0.843476,1707.5364,1.8650e+09
0.041825,0.845512,1709.9670,1.8067e+09
0.041825,0.847550,1712.3983,1.7472e+09
0.041825,0.849588,1714.8314,1.6868e+09
0.041825,0.851629,1717.2674,1.6254e+09
0.041825,0.853436,1719.4273,1.5705e+09
0.041825,0.853955,1720.0480,1.5546e+09
0.041825,0.856000,1722.4947,1.4918e+09
0.041825,0.858047,1724.9486,1.4286e+09
0.041825,0.860097,1727.4120,1.3651e+09
0.041825,0.862150,1729.8858,1.3016e+09
0.041825,0.864206,1732.3725,1.2381e+09
0.041825,0.865832,1734.3466,1.1882e+09
0.041825,0.866554,1735.2244,1.1662e+09
0.041825,0.868620,1737.7481,1.1037e+09
0.041825,0.870690,1740.2934,1.0420e+09
0.041825,0.872766,1742.8625,9.8139e+08
0.041825,0.874847,1745.4598,9.2207e+08
0.041825,0.876934,1748.0906,8.6443e+08
0.041825,0.878139,1749.6219,8.3203e+08
0.041825,0.879321,1751.1336,8.0095e+08
0.041825,0.881424,1753.8481,7.4744e+08
0.041825,0.883533,1756.6130,6.9652e+08
0.041825,0.885651,1759.4306,6.4815e+08
0.041825,0.887776,1762.3082,6.0259e+08
0.041825,0.889790,1765.0850,5.6234e+08
0.041825,0.890583,1766.1920,5.4724e+08
0.041825,0.892355,1768.7030,5.1533e+08
0.041825,0.894509,1771.8182,4.7948e+08
0.041825,0.896673,1775.0288,4.4696e+08
0.041825,0.898846,1778.3381,4.1748e+08
0.041825,0.901006,1781.7269,3.9138e+08
0.041825,0.902519,1784.1599,3.7481e+08
0.041825,0.903529,1785.8113,3.6448e+08
0.041825,0.905734,1789.5084,3.4393e+08
0.041825,0.907948,1793.3497,3.2569e+08
0.041825,0.910172,1797.3442,3.0943e+08
0.041825,0.912407,1801.5073,2.9485e+08
0.041825,0.914344,1805.2462,2.8340e+08
0.041825,0.915199,1806.9318,2.7858e+08
0.041825,0.917226,1811.0379,2.6780e+08
0.041825,0.919495,1815.8004,2.5642e+08
0.041825,0.921775,1820.7843,2.4551e+08
0.041825,0.924064,1825.9953,2.3487e+08
0.041825,0.926162,1830.9464,2.2524e+08
0.041825,0.927219,1833.5082,2.2042e+08
0.041825,0.928986,1837.9097,2.1235e+08
0.041825,0.931297,1843.8570,2.0177e+08
0.041825,0.933615,1850.0602,1.9110e+08
0.041825,0.935939,1856.5234,1.8036e+08
0.041825,0.938133,1862.8457,1.7018e+08
0.041825,0.939318,1866.3478,1.6469e+08
0.041825,0.940932,1871.2214,1.5722e+08
0.041825,0.943274,1878.4987,1.4645e+08
0.041825,0.945623,1886.0248,1.3578e+08
0.041825,0.947977,1893.7881,1.2528e+08
0.041825,0.950234,1901.4116,1.1546e+08
0.041825,0.951473,1905.6650,1.1020e+08
0.041825,0.953033,1911.0839,1.0370e+08
0.041825,0.955406,1919.4238,9.4159e+07
0.041825,0.957784,1927.8648,8.5042e+07
0.041825,0.960167,1936.3703,7.6396e+07
0.041825,0.962471,1944.6006,6.8524e+07
0.041825,0.963669,1948.8702,6.4624e+07
0.041825,0.965290,1954.6344,5.9552e+07
0.041825,0.967693,1963.1256,5.2491e+07
0.041825,0.970104,1971.5632,4.5909e+07
0.041825,0.972521,1979.9236,3.9834e+07
0.041825,0.974871,1987.9484,3.4399e+07
0.041825,0.975895,1991.4120,3.2169e+07
0.041825,0.977715,1997.5167,2.8412e+07
0.041825,0.980153,2005.5934,2.3760e+07
0.041825,0.982596,2013.5688,1.9536e+07
0.041825,0.985043,2021.4449,1.5710e+07
0.041825,0.987443,2029.0627,1.2337e+07
0.041825,0.988135,2031.2428,1.1421e+07
0.041825,0.990285,2037.9585,8.7786e+06
0.041825,0.992732,2045.5101,6.0986e+06
0.041825,0.995169,2052.9355,3.7624e+06
0.041825,0.997594,2060.2358,1.7385e+06
0.041825,1.000000,2067.3339,-9.6125e+02
0.043111,0.000000,300.0000,-2.1543e+02
0.043111,0.002877,306.0838,1.4174e+03
0.043111,0.005624,312.3104,5.8427e+03
0.043111,0.008325,318.4031,1.3399e+04
0.043111,0.010993,324.3914,2.3987e+04
0.043111,0.012120,326.9102,2.9503e+04
0.043111,0.014014,331.1380,3.9956e+04
0.043111,0.016618,336.9331,5.6934e+04
0.043111,0.019213,342.6918,7.7224e+04
0.043111,0.021792,348.3956,1.0103e+05
0.043111,0.023858,352.9567,1.2261e+05
0.043111,0.025017,355.5087,1.3593e+05
0.043111,0.027259,360.4430,1.6367e+05
0.043111,0.029793,366.0060,1.9922e+05
0.043111,0.032315,371.5315,2.3865e+05
0.043111,0.034826,377.0230,2.8234e+05
0.043111,0.036369,380.3927,3.1170e+05
0.043111,0.037805,383.5266,3.4010e+05
0.043111,0.040164,388.6663,3.9149e+05
0.043111,0.042644,394.0608,4.5093e+05
0.043111,0.045115,399.4267,5.1620e+05
0.043111,0.047553,404.7114,5.8690e+05
0.043111,0.048816,407.4482,6.2476e+05
0.043111,0.050376,410.8213,6.7702e+05
0.043111,0.052824,416.1100,7.6284e+05
0.043111,0.055264,421.3763,8.5517e+05
0.043111,0.057697,426.6167,9.5893e+05
0.043111,0.059955,431.4713,1.0628e+06
0.043111,0.061219,434.1890,1.1241e+06
0.043111,0.062883,437.7611,1.2090e+06
0.043111,0.065298,442.9385,1.3427e+06
0.043111,0.067708,448.0979,1.4864e+06
0.043111,0.070112,453.2364,1.6443e+06
0.043111,0.072273,457.8479,1.7987e+06
0.043111,0.073521,460.5082,1.8940e+06
0.043111,0.075239,464.1678,2.0313e+06
0.043111,0.077629,469.2503,2.2357e+06
0.043111,0.080014,474.3159,2.4569e+06
0.043111,0.082395,479.3641,2.6959e+06
0.043111,0.084517,483.8585,2.9257e+06
0.043111,0.085749,486.4650,3.0650e+06
0.043111,0.087475,490.1112,3.2714e+06
0.043111,0.089844,495.1103,3.5737e+06
0.043111,0.092210,500.0945,3.8986e+06
0.043111,0.094572,505.0634,4.2469e+06
0.043111,0.096696,509.5247,4.5818e+06
0.043111,0.097927,512.1088,4.7812e+06
0.043111,0.099615,515.6465,5.0754e+06
0.043111,0.101968,520.5718,5.5043e+06
0.043111,0.104318,525.4838,5.9606e+06
0.043111,0.106666,530.3827,6.4447e+06
0.043111,0.108816,534.8641,6.9117e+06
0.043111,0.110071,537.4749,7.2045e+06
0.043111,0.111679,540.8207,7.5800e+06
0.043111,0.114019,545.6790,8.1658e+06
0.043111,0.116357,550.5256,8.7836e+06
0.043111,0.118692,555.3607,9.4329e+06
0.043111,0.120883,559.8890,1.0070e+07
0.043111,0.122194,562.5947,1.0473e+07
0.043111,0.123682,565.6673,1.0933e+07
0.043111,0.126012,570.4656,1.1699e+07
0.043111,0.128340,575.2535,1.2500e+07
0.043111,0.130667,580.0316,1.3334e+07
0.043111,0.132902,584.6166,1.4171e+07
0.043111,0.134306,587.4897,1.4725e+07
0.043111,0.135638,590.2172,1.5256e+07
0.043111,0.137960,594.9617,1.6220e+07
0.043111,0.140281,599.6977,1.7216e+07
0.043111,0.142600,604.4229,1.8260e+07
0.043111,0.144880,609.0591,1.9333e+07
0.043111,0.146415,612.1790,2.0065e+07
0.043111,0.147559,614.4993,2.0638e+07
0.043111,0.149875,619.1960,2.1808e+07
0.043111,0.152191,623.8810,2.3038e+07
0.043111,0.154505,628.5593,2.4300e+07
0.043111,0.156819,633.2286,2.5606e+07
0.043111,0.158519,636.6535,2.6603e+07
0.043111,0.159468,638.5636,2.7168e+07
0.043111,0.161767,643.1881,2.8562e+07
0.043111,0.164079,647.8309,3.0011e+07
0.043111,0.166391,652.4643,3.1515e+07
0.043111,0.168703,657.0927,3.3046e+07
0.043111,0.170529,660.7419,3.4310e+07
0.043111,0.171493,662.6665,3.4977e+07
0.043111,0.173647,666.9632,3.6513e+07
0.043111,0.175958,671.5677,3.8191e+07
0.043111,0.178268,676.1612,3.9939e+07
0.043111,0.180579,680.7514,4.1711e+07
0.043111,0.182521,684.5993,4.3255e+07
0.043111,0.183530,686.5996,4.4058e+07
0.043111,0.185524,690.5435,4.5691e+07
0.043111,0.187835,695.1121,4.7613e+07
0.043111,0.190147,699.6712,4.9602e+07
0.043111,0.192459,704.2283,5.1611e+07
0.043111,0.194501,708.2423,5.3457e+07
0.043111,0.195585,710.3718,5.4437e+07
0.043111,0.197408,713.9504,5.6116e+07
0.043111,0.199722,718.4858,5.8295e+07
0.043111,0.202037,723.0158,6.0521e+07
0.043111,0.204352,727.5412,6.2790e+07
0.043111,0.206479,731.6904,6.4927e+07
0.043111,0.207660,733.9907,6.6129e+07
0.043111,0.209310,737.2053,6.7809e+07
0.043111,0.211628,741.7110,7.0255e+07
0.043111,0.213948,746.2175,7.2712e+07
0.043111,0.216269,750.7133,7.5262e+07
0.043111,0.218465,754.9664,7.7678e+07
0.043111,0.219757,757.4629,7.9152e+07
0.043111,0.221239,760.3236,8.0840e+07
0.043111,0.223564,764.8099,8.3520e+07
0.043111,0.225890,769.2894,8.6271e+07
0.043111,0.228219,773.7674,8.9057e+07
0.043111,0.230468,778.0851,9.1816e+07
0.043111,0.231878,780.7918,9.3545e+07
0.043111,0.233205,783.3322,9.5223e+07
0.043111,0.235539,787.7973,9.8191e+07
0.043111,0.237874,792.2592,1.0121e+08
0.043111,0.240211,796.7172,1.0430e+08
0.043111,0.242501,801.0785,1.0736e+08
0.043111,0.244022,803.9704,1.0945e+08
0.043111,0.245218,806.2458,1.1108e+08
0.043111,0.247562,810.6945,1.1435e+08
0.043111,0.249908,815.1403,1.1768e+08
0.043111,0.252256,819.5839,1.2107e+08
0.043111,0.254575,823.9648,1.2449e+08
0.043111,0.256186,827.0085,1.2687e+08
0.043111,0.257287,829.0814,1.2856e+08
0.043111,0.259643,833.5164,1.3217e+08
0.043111,0.262001,837.9505,1.3583e+08
0.043111,0.264361,842.3799,1.3959e+08
0.043111,0.266703,846.7721,1.4335e+08
0.043111,0.268369,849.8881,1.4611e+08
0.043111,0.269420,851.8528,1.4785e+08
0.043111,0.271788,856.2798,1.5180e+08
0.043111,0.274160,860.6999,1.5589e+08
0.043111,0.276534,865.1245,1.5999e+08
0.043111,0.278898,869.5158,1.6423e+08
0.043111,0.280566,872.6153,1.6722e+08
0.043111,0.281623,874.5778,1.6912e+08
0.043111,0.284006,878.9897,1.7357e+08
0.043111,0.286392,883.4068,1.7803e+08
0.043111,0.288781,887.8172,1.8265e+08
0.043111,0.291171,892.2257,1.8731e+08
0.043111,0.292773,895.1772,1.9048e+08
0.043111,0.293903,897.2543,1.9278e+08
0.043111,0.296302,901.6637,1.9767e+08
0.043111,0.298704,906.0717,2.0265e+08
0.043111,0.301109,910.4768,2.0777e+08
0.043111,0.303517,914.8846,2.1293e+08
0.043111,0.304983,917.5608,2.1619e+08
0.043111,0.306265,919.9002,2.1903e+08
0.043111,0.308681,924.3073,2.2441e+08
0.043111,0.311099,928.7052,2.3003e+08
0.043111,0.313521,933.1089,2.3565e+08
0.043111,0.315946,937.5063,2.4148e+08
0.043111,0.317191,939.7615,2.4451e+08
0.043111,0.318714,942.5204,2.4820e+08
0.043111,0.321146,946.9176,2.5427e+08
0.043111,0.323582,951.3143,2.6046e+08
0.043111,0.326022,955.7125,2.6674e+08
0.043111,0.328464,960.1048,2.7324e+08
0.043111,0.329389,961.7670,2.7570e+08
0.043111,0.331252,965.1163,2.8068e+08
0.043111,0.333703,969.5056,2.8750e+08
0.043111,0.336156,973.9011,2.9433e+08
0.043111,0.338614,978.2906,3.0140e+08
0.043111,0.341074,982.6816,3.0857e+08
0.043111,0.341569,983.5648,3.1002e+08
0.043111,0.343883,987.6844,3.1693e+08
0.043111,0.346351,992.0723,3.2446e+08
0.043111,0.348823,996.4643,3.3205e+08
0.043111,0.351299,1000.8474,3.3996e+08
0.043111,0.353424,1004.6096,3.4675e+08
0.043111,0.354124,1005.8490,3.4898e+08
0.043111,0.356608,1010.2309,3.5724e+08
0.043111,0.359095,1014.6169,3.6556e+08
0.043111,0.361585,1019.0009,3.7407e+08
0.043111,0.364080,1023.3817,3.8280e+08
0.043111,0.365678,1026.1880,3.8840e+08
0.043111,0.366928,1028.3810,3.9285e+08
0.043111,0.369428,1032.7543,4.0201e+08
0.043111,0.371934,1037.1375,4.1119e+08
0.043111,0.374444,1041.5134,4.2070e+08
0.043111,0.376957,1045.8911,4.3033e+08
0.043111,0.377986,1047.6842,4.3428e+08
0.043111,0.379834,1050.8952,4.4156e+08
0.043111,0.382346,1055.2515,4.5162e+08
0.043111,0.384871,1059.6312,4.6174e+08
0.043111,0.387399,1063.9987,4.7233e+08
0.043111,0.389610,1067.8172,4.8159e+08
0.043111,0.390650,1069.6134,4.8594e+08
0.043111,0.392820,1073.3504,4.9535e+08
0.043111,0.395360,1077.7190,5.0647e+08
0.043111,0.397904,1082.0902,5.1770e+08
0.043111,0.400452,1086.4526,5.2933e+08
0.043111,0.402139,1089.3417,5.3704e+08
0.043111,0.403540,1091.7416,5.4344e+08
0.043111,0.405914,1095.7894,5.5472e+08
0.043111,0.408473,1100.1522,5.6691e+08
0.043111,0.411035,1104.5144,5.7932e+08
0.043111,0.413484,1108.6710,5.9149e+08
0.043111,0.414799,1110.9032,5.9803e+08
0.043111,0.416530,1113.8410,6.0663e+08
0.043111,0.419104,1118.1904,6.1996e+08
0.043111,0.421682,1122.5461,6.3331e+08
0.043111,0.424263,1126.9010,6.4688e+08
0.043111,0.426321,1130.3659,6.5788e+08
0.043111,0.427586,1132.4913,6.6478e+08
0.043111,0.429799,1136.2071,6.7686e+08
0.043111,0.432391,1140.5532,6.9127e+08
0.043111,0.434988,1144.8967,7.0595e+08
0.043111,0.437516,1149.1190,7.2044e+08
0.043111,0.439161,1151.8628,7.2994e+08
0.043111,0.440556,1154.1852,7.3814e+08
0.043111,0.443164,1158.5240,7.5356e+08
0.043111,0.445775,1162.8605,7.6924e+08
0.043111,0.448390,1167.1932,7.8522e+08
0.043111,0.450747,1171.0927,7.9981e+08
0.043111,0.451756,1172.7597,8.0609e+08
0.043111,0.453997,1176.4580,8.2022e+08
0.043111,0.456623,1180.7850,8.3696e+08
0.043111,0.459252,1185.1080,8.5394e+08
0.043111,0.461880,1189.4209,8.7123e+08
0.043111,0.463516,1192.1016,8.8210e+08
0.043111,0.464873,1194.3213,8.9117e+08
0.043111,0.467495,1198.6073,9.0890e+08
0.043111,0.470113,1202.8790,9.2682e+08
0.043111,0.472726,1207.1353,9.4492e+08
0.043111,0.475334,1211.3724,9.6329e+08
0.043111,0.475816,1212.1558,9.6669e+08
0.043111,0.478297,1216.1780,9.8442e+08
0.043111,0.480891,1220.3755,1.0031e+09
0.043111,0.483477,1224.5542,1.0220e+09
0.043111,0.486056,1228.7132,1.0411e+09
0.043111,0.487696,1231.3525,1.0534e+09
0.043111,0.488986,1233.4275,1.0631e+09
0.043111,0.491549,1237.5398,1.0827e+09
0.043111,0.494105,1241.6365,1.1023e+09
0.043111,0.496655,1245.7217,1.1219e+09
0.043111,0.499198,1249.7760,1.1420e+09
0.043111,0.499978,1251.0197,1.1482e+09
0.043111,0.502087,1254.3826,1.1649e+09
0.043111,0.504615,1258.4039,1.1852e+09
0.043111,0.507136,1262.4034,1.2057e+09
0.043111,0.509651,1266.3925,1.2262e+09
0.043111,0.511723,1269.6686,1.2434e+09
0.043111,0.512734,1271.2645,1.2519e+09
0.043111,0.515009,1274.8557,1.2709e+09
0.043111,0.517503,1278.7902,1.2918e+09
0.043111,0.519991,1282.6962,1.3132e+09
0.043111,0.522473,1286.5926,1.3345e+09
0.043111,0.524103,1289.1518,1.3485e+09
0.043111,0.525443,1291.2461,1.3603e+09
0.043111,0.527761,1294.8681,1.3807e+09
0.043111,0.530223,1298.7136,1.4024e+09
0.043111,0.532679,1302.5376,1.4244e+09
0.043111,0.535129,1306.3447,1.4465e+09
0.043111,0.536459,1308.4114,1.4585e+09
0.043111,0.537984,1310.7807,1.4722e+09
0.043111,0.540352,1314.4416,1.4940e+09
0.043111,0.542783,1318.2001,1.5164e+09
0.043111,0.545209,1321.9490,1.5388e+09
0.043111,0.547627,1325.6718,1.5615e+09
0.043111,0.548783,1327.4520,1.5723e+09
0.043111,0.550379,1329.9031,1.5875e+09
0.043111,0.552788,1333.5985,1.6103e+09
0.043111,0.555190,1337.2781,1.6333e+09
0.043111,0.557587,1340.9407,1.6564e+09
0.043111,0.559894,1344.4612,1.6787e+09
0.043111,0.561093,1346.2881,1.6904e+09
0.043111,0.562697,1348.7308,1.7060e+09
0.043111,0.565077,1352.3475,1.7294e+09
0.043111,0.567452,1355.9502,1.7528e+09
0.043111,0.569821,1359.5393,1.7763e+09
0.043111,0.572085,1362.9612,1.7989e+09
0.043111,0.573313,1364.8152,1.8111e+09
0.043111,0.574873,1367.1674,1.8268e+09
0.043111,0.577227,1370.7120,1.8505e+09
0.043111,0.579575,1374.2428,1.8743e+09
0.043111,0.581918,1377.7575,1.8981e+09
0.043111,0.584193,1381.1648,1.9214e+09
0.043111,0.585458,1383.0571,1.9343e+09
0.043111,0.586915,1385.2355,1.9492e+09
0.043111,0.589243,1388.7080,1.9732e+09
0.043111,0.591567,1392.1684,1.9972e+09
0.043111,0.593885,1395.6164,2.0213e+09
0.043111,0.596199,1399.0488,2.0453e+09
0.043111,0.597544,1401.0429,2.0593e+09
0.043111,0.598841,1402.9624,2.0729e+09
0.043111,0.601134,1406.3526,2.0968e+09
0.043111,0.603434,1409.7461,2.1209e+09
0.043111,0.605728,1413.1260,2.1450e+09
0.043111,0.608019,1416.4948,2.1691e+09
0.043111,0.609560,1418.7572,2.1854e+09
0.043111,0.610760,1420.5182,2.1980e+09
0.043111,0.612904,1423.6584,2.2206e+09
0.043111,0.615181,1426.9886,2.2447e+09
0.043111,0.617454,1430.3064,2.2687e+09
0.043111,0.619722,1433.6104,2.2927e+09
0.043111,0.621491,1436.1864,2.3114e+09
0.043111,0.622628,1437.8374,2.3234e+09
0.043111,0.624560,1440.6435,2.3438e+09
0.043111,0.626816,1443.9105,2.3676e+09
0.043111,0.629067,1447.1669,2.3914e+09
0.043111,0.631314,1450.4131,2.4151e+09
0.043111,0.633332,1453.3211,2.4363e+09
0.043111,0.634460,1454.9462,2.4482e+09
0.043111,0.636108,1457.3155,2.4655e+09
0.043111,0.638343,1460.5260,2.4889e+09
0.043111,0.640574,1463.7236,2.5122e+09
0.043111,0.642801,1466.9099,2.5354e+09
0.043111,0.645024,1470.0868,2.5584e+09
0.043111,0.646280,1471.8763,2.5714e+09
0.043111,0.647593,1473.7491,2.5850e+09
0.043111,0.649769,1476.8443,2.6073e+09
0.043111,0.651981,1479.9869,2.6300e+09
0.043111,0.654189,1483.1184,2.6525e+09
0.043111,0.656393,1486.2381,2.6747e+09
0.043111,0.658092,1488.6400,2.6919e+09
0.043111,0.659197,1490.1989,2.7029e+09
0.043111,0.661098,1492.8811,2.7219e+09
0.043111,0.663292,1495.9681,2.7436e+09
0.043111,0.665482,1499.0456,2.7651e+09
0.043111,0.667668,1502.1141,2.7864e+09
0.043111,0.669812,1505.1149,2.8070e+09
0.043111,0.670785,1506.4762,2.8164e+09
0.043111,0.672336,1508.6420,2.8311e+09
0.043111,0.674512,1511.6788,2.8516e+09
0.043111,0.676686,1514.7051,2.8718e+09
0.043111,0.678856,1517.7205,2.8918e+09
0.043111,0.681023,1520.7274,2.9114e+09
0.043111,0.682587,1522.8952,2.9255e+09
0.043111,0.683682,1524.4104,2.9352e+09
0.043111,0.685648,1527.1277,2.9525e+09
0.043111,0.687806,1530.1038,2.9711e+09
0.043111,0.689960,1533.0714,2.9894e+09
0.043111,0.692111,1536.0288,3.0074e+09
0.043111,0.694260,1538.9765,3.0249e+09
0.043111,0.695095,1540.1210,3.0316e+09
0.043111,0.696714,1542.3374,3.0445e+09
0.043111,0.698847,1545.2544,3.0612e+09
0.043111,0.700987,1548.1728,3.0774e+09
0.043111,0.703124,1551.0828,3.0932e+09
0.043111,0.705258,1553.9846,3.1086e+09
0.043111,0.706974,1556.3131,3.1206e+09
0.043111,0.707825,1557.4684,3.1265e+09
0.043111,0.709815,1560.1617,3.1398e+09
0.043111,0.711941,1563.0347,3.1535e+09
0.043111,0.714065,1565.8998,3.1668e+09
0.043111,0.716186,1568.7561,3.1796e+09
0.043111,0.718304,1571.6028,3.1916e+09
0.043111,0.719421,1573.1023,3.1979e+09
0.043111,0.720715,1574.8367,3.2047e+09
0.043111,0.722829,1577.6659,3.2156e+09
0.043111,0.724940,1580.4873,3.2259e+09
0.043111,0.727049,1583.2986,3.2354e+09
0.043111,0.729156,1586.1022,3.2442e+09
0.043111,0.731261,1588.8981,3.2524e+09
0.043111,0.731707,1589.4900,3.2540e+09
0.043111,0.733656,1592.0738,3.2609e+09
0.043111,0.735756,1594.8520,3.2675e+09
0.043111,0.737854,1597.6214,3.2732e+09
0.043111,0.739950,1600.3832,3.2782e+09
0.043111,0.742045,1603.1375,3.2825e+09
0.043111,0.743854,1605.5131,3.2855e+09
0.043111,0.744429,1606.2661,3.2862e+09
0.043111,0.746519,1609.0037,3.2887e+09
0.043111,0.748608,1611.7324,3.2900e+09
0.043111,0.750695,1614.4538,3.2905e+09
0.043111,0.752780,1617.1679,3.2901e+09
0.043111,0.754864,1619.8747,3.2887e+09
0.043111,0.756166,1621.5617,3.2873e+09
0.043111,0.757237,1622.9494,3.2859e+09
0.043111,0.759318,1625.6403,3.2823e+09
0.043111,0.761397,1628.3233,3.2776e+09
0.043111,0.763476,1630.9989,3.2717e+09
0.043111,0.765553,1633.6675,3.2648e+09
0.043111,0.767556,1636.2352,3.2570e+09
0.043111,0.768526,1637.4784,3.2529e+09
0.043111,0.769993,1639.3531,3.2460e+09
0.043111,0.772067,1641.9999,3.2353e+09
0.043111,0.774140,1644.6398,3.2234e+09
0.043111,0.776213,1647.2732,3.2101e+09
0.043111,0.778284,1649.8998,3.1956e+09
0.043111,0.780089,1652.1835,3.1819e+09
0.043111,0.780961,1653.2838,3.1746e+09
0.043111,0.782713,1655.4943,3.1598e+09
0.043111,0.784780,1658.0974,3.1409e+09
0.043111,0.786846,1660.6924,3.1205e+09
0.043111,0.788910,1663.2793,3.0987e+09
0.043111,0.790973,1665.8577,3.0753e+09
0.043111,0.792514,1667.7815,3.0568e+09
0.043111,0.793447,1668.9434,3.0452e+09
0.043111,0.795378,1671.3461,3.0201e+09
0.043111,0.797435,1673.8988,2.9919e+09
0.043111,0.799489,1676.4435,2.9621e+09
0.043111,0.801542,1678.9799,2.9307e+09
0.043111,0.803593,1681.5084,2.8976e+09
0.043111,0.804839,1683.0418,2.8767e+09
0.043111,0.805955,1684.4136,2.8575e+09
0.043111,0.807975,1686.8924,2.8214e+09
0.043111,0.810021,1689.3967,2.7831e+09
0.043111,0.812066,1691.8933,2.7430e+09
0.043111,0.814109,1694.3827,2.7012e+09
0.043111,0.816130,1696.8397,2.6582e+09
0.043111,0.817102,1698.0202,2.6370e+09
0.043111,0.818476,1699.6859,2.6063e+09
0.043111,0.820515,1702.1538,2.5591e+09
0.043111,0.822553,1704.6154,2.5103e+09
0.043111,0.824590,1707.0712,2.4599e+09
0.043111,0.826627,1709.5209,2.4077e+09
0.043111,0.828589,1711.8768,2.3558e+09
0.043111,0.829363,1712.8048,2.3350e+09
0.043111,0.830982,1714.7448,2.2906e+09
0.043111,0.833017,1717.1790,2.2334e+09
0.043111,0.835052,1719.6094,2.1747e+09
0.043111,0.837086,1722.0363,2.1145e+09
0.043111,0.839121,1724.4606,2.0530e+09
0.043111,0.841020,1726.7207,1.9944e+09
0.043111,0.841630,1727.4468,1.9753e+09
0.043111,0.843476,1729.6409,1.9170e+09
0.043111,0.845512,1732.0613,1.8516e+09
0.043111,0.847550,1734.4824,1.7852e+09
0.043111,0.849588,1736.9053,1.7180e+09
0.043111,0.851629,1739.3312,1.6500e+09
0.043111,0.853436,1741.4824,1.5894e+09
0.043111,0.853955,1742.1006,1.5719e+09
0.043111,0.856000,1744.5380,1.5029e+09
0.043111,0.858047,1746.9833,1.4338e+09
0.043111,0.860097,1749.4384,1.3646e+09
0.043111,0.862150,1751.9061,1.2958e+09
0.043111,0.864206,1754.3880,1.2275e+09
0.043111,0.865832,1756.3591,1.1740e+09
0.043111,0.866554,1757.2366,1.1505e+09
0.043111,0.868620,1759.7585,1.0840e+09
0.043111,0.870690,1762.3060,1.0189e+09
0.043111,0.872766,1764.8799,9.5536e+08
0.043111,0.874847,1767.4861,8.9371e+08
0.043111,0.876934,1770.1292,8.3424e+08
0.043111,0.878139,1771.6703,8.0110e+08
0.043111,0.879321,1773.1935,7.6948e+08
0.043111,0.881424,1775.9336,7.1552e+08
0.043111,0.883533,1778.7276,6.6450e+08
0.043111,0.885651,1781.5836,6.1670e+08
0.043111,0.887776,1784.5088,5.7227e+08
0.043111,0.889790,1787.3399,5.3350e+08
0.043111,0.890583,1788.4729,5.1918e+08
0.043111,0.892355,1791.0415,4.8889e+08
0.043111,0.894509,1794.2391,4.5532e+08
0.043111,0.896673,1797.5444,4.2521e+08
0.043111,0.898846,1800.9655,3.9832e+08
0.043111,0.901006,1804.4775,3.7465e+08
0.043111,0.902519,1807.0076,3.5975e+08
0.043111,0.903529,1808.7283,3.5049e+08
0.043111,0.905734,1812.5908,3.3210e+08
0.043111,0.907948,1816.6152,3.1570e+08
0.043111,0.910172,1820.8179,3.0098e+08
0.043111,0.912407,1825.2124,2.8759e+08
0.043111,0.914344,1829.1657,2.7682e+08
0.043111,0.915199,1830.9570,2.7227e+08
0.043111,0.917226,1835.3181,2.6183e+08
0.043111,0.919495,1840.3955,2.5057e+08
0.043111,0.921775,1845.7304,2.3951e+08
0.043111,0.924064,1851.2963,2.2852e+08
0.043111,0.926162,1856.6260,2.1846e+08
0.043111,0.927219,1859.3836,2.1339e+08
0.043111,0.928986,1864.1083,2.0488e+08
0.043111,0.931297,1870.5259,1.9371e+08
0.043111,0.933615,1877.2223,1.8249e+08
0.043111,0.935939,1884.1935,1.7124e+08
0.043111,0.938133,1891.0208,1.6068e+08
0.043111,0.939318,1894.8009,1.5502e+08
0.043111,0.940932,1900.0513,1.4738e+08
0.043111,0.943274,1907.8722,1.3645e+08
0.043111,0.945623,1915.9327,1.2578e+08
0.043111,0.947977,1924.2006,1.1541e+08
0.043111,0.950234,1932.2739,1.0586e+08
0.043111,0.951473,1936.7515,1.0078e+08
0.043111,0.953033,1942.4236,9.4574e+07
0.043111,0.955406,1951.0926,8.5561e+07
0.043111,0.957784,1959.7989,7.7060e+07
0.043111,0.960167,1968.5058,6.9077e+07
0.043111,0.962471,1976.8753,6.1877e+07
0.043111,0.963669,1981.1991,5.8332e+07
0.043111,0.965290,1987.0178,5.3745e+07
0.043111,0.967693,1995.5665,4.7355e+07
0.043111,0.970104,2004.0312,4.1457e+07
0.043111,0.972521,2012.4066,3.6012e+07
0.043111,0.974871,2020.4373,3.1150e+07
0.043111,0.975895,2023.9013,2.9157e+07
0.043111,0.977715,2030.0090,2.5795e+07
0.043111,0.980153,2038.0965,2.1634e+07
0.043111,0.982596,2046.0869,1.7852e+07
0.043111,0.985043,2053.9799,1.4427e+07
0.043111,0.987443,2061.6297,1.1374e+07
0.043111,0.988135,2063.8187,1.0551e+07
0.043111,0.990285,2070.5681,8.1608e+06
0.043111,0.992732,2078.1652,5.7193e+06
0.043111,0.995169,2085.6418,3.5664e+06
0.043111,0.997594,2093.0014,1.6658e+06
0.043111,1.000000,2100.1450,-1.3620e+03
0.044393,0.000000,300.0000,1.1319e+02
0.044393,0.002877,306.1951,1.7575e+03
0.044393,0.005624,312.5759,7.3257e+03
0.044393,0.008325,318.8222,1.6703e+04
0.044393,0.010993,324.9622,2.9811e+04
0.044393,0.012120,327.5452,3.6591e+04
0.044393,0.014014,331.8804,4.9510e+04
0.044393,0.016618,337.8222,7.0503e+04
0.044393,0.019213,343.7246,9.5744e+04
0.044393,0.021792,349.5708,1.2527e+05
0.044393,0.023858,354.2458,1.5193e+05
0.044393,0.025017,356.8612,1.6852e+05
0.044393,0.027259,361.9182,2.0287e+05
0.044393,0.029793,367.6197,2.4672e+05
0.044393,0.032315,373.2819,2.9572e+05
0.044393,0.034826,378.9088,3.5007e+05
0.044393,0.036369,382.3625,3.8596e+05
0.044393,0.037805,385.5719,4.2234e+05
0.044393,0.040164,390.8379,4.8636e+05
0.044393,0.042644,396.3647,5.6047e+05
0.044393,0.045115,401.8623,6.4173e+05
0.044393,0.047553,407.2767,7.2937e+05
0.044393,0.048816,410.0777,7.7943e+05
0.044393,0.050376,413.5359,8.4171e+05
0.044393,0.052824,418.9512,9.5153e+05
0.044393,0.055264,424.3426,1.0713e+06
0.044393,0.057697,429.7115,1.2000e+06
0.044393,0.059955,434.6827,1.3320e+06
0.044393,0.061219,437.4665,1.4088e+06
0.044393,0.062883,441.1238,1.5183e+06
0.044393,0.065298,446.4243,1.6910e+06
0.044393,0.067708,451.7046,1.8788e+06
0.044393,0.070112,456.9641,2.0830e+06
0.044393,0.072273,461.6841,2.2824e+06
0.044393,0.073521,464.4074,2.4046e+06
0.044393,0.075239,468.1534,2.5806e+06
0.044393,0.077629,473.3544,2.8460e+06
0.044393,0.080014,478.5378,3.1332e+06
0.044393,0.082395,483.7031,3.4434e+06
0.044393,0.084517,488.3020,3.7395e+06
0.044393,0.085749,490.9672,3.9253e+06
0.044393,0.087475,494.6978,4.1917e+06
0.044393,0.089844,499.8121,4.5826e+06
0.044393,0.092210,504.9109,5.0014e+06
0.044393,0.094572,509.9936,5.4507e+06
0.044393,0.096696,514.5558,5.8851e+06
0.044393,0.097927,517.1976,6.1471e+06
0.044393,0.099615,520.8167,6.5209e+06
0.044393,0.101968,525.8530,7.0742e+06
0.044393,0.104318,530.8755,7.6613e+06
0.044393,0.106666,535.8843,8.2827e+06
0.044393,0.108816,540.4661,8.8810e+06
0.044393,0.110071,543.1354,9.2534e+06
0.044393,0.111679,546.5558,9.7333e+06
0.044393,0.114019,551.5223,1.0478e+07
0.044393,0.116357,556.4763,1.1264e+07
0.044393,0.118692,561.4184,1.2086e+07
0.044393,0.120883,566.0470,1.2890e+07
0.044393,0.122194,568.8115,1.3402e+07
0.044393,0.123682,571.9513,1.3983e+07
0.044393,0.126012,576.8545,1.4948e+07
0.044393,0.128340,581.7474,1.5951e+07
0.044393,0.130667,586.6303,1.6990e+07
0.044393,0.132902,591.3127,1.8049e+07
0.044393,0.134306,594.2498,1.8727e+07
0.044393,0.135638,597.0348,1.9398e+07
0.044393,0.137960,601.8827,2.0588e+07
0.044393,0.140281,606.7199,2.1828e+07
0.044393,0.142600,611.5450,2.3128e+07
0.044393,0.144880,616.2820,2.4439e+07
0.044393,0.146415,619.4658,2.5359e+07
0.044393,0.147559,621.8382,2.6045e+07
0.044393,0.149875,626.6316,2.7503e+07
0.044393,0.152191,631.4180,2.8994e+07
0.044393,0.154505,636.1942,3.0541e+07
0.044393,0.156819,640.9600,3.2147e+07
0.044393,0.158519,644.4591,3.3344e+07
0.044393,0.159468,646.4092,3.4031e+07
0.044393,0.161767,651.1286,3.5735e+07
0.044393,0.164079,655.8673,3.7497e+07
0.044393,0.166391,660.5995,3.9297e+07
0.044393,0.168703,665.3195,4.1175e+07
0.044393,0.170529,669.0485,4.2667e+07
0.044393,0.171493,671.0101,4.3488e+07
0.044393,0.173647,675.3955,4.5332e+07
0.044393,0.175958,680.0919,4.7362e+07
0.044393,0.178268,684.7827,4.9431e+07
0.044393,0.180579,689.4625,5.1576e+07
0.044393,0.182521,693.3924,5.3393e+07
0.044393,0.183530,695.4310,5.4366e+07
0.044393,0.185524,699.4545,5.6312e+07
0.044393,0.187835,704.1144,5.8604e+07
0.044393,0.190147,708.7664,6.0957e+07
0.044393,0.192459,713.4118,6.3361e+07
0.044393,0.194501,717.5089,6.5525e+07
0.044393,0.195585,719.6822,6.6675e+07
0.044393,0.197408,723.3286,6.8684e+07
0.044393,0.199722,727.9571,7.1235e+07
0.044393,0.202037,732.5738,7.3879e+07
0.044393,0.204352,737.1910,7.6533e+07
0.044393,0.206479,741.4192,7.9064e+07
0.044393,0.207660,743.7657,8.0469e+07
0.044393,0.209310,747.0418,8.2454e+07
0.044393,0.211628,751.6362,8.5318e+07
0.044393,0.213948,756.2291,8.8211e+07
0.044393,0.216269,760.8133,9.1185e+07
0.044393,0.218465,765.1477,9.4023e+07
0.044393,0.219757,767.6928,9.5742e+07
0.044393,0.221239,770.6091,9.7711e+07
0.044393,0.223564,775.1810,1.0085e+08
0.044393,0.225890,779.7467,1.0406e+08
0.044393,0.228219,784.3099,1.0731e+08
0.044393,0.230468,788.7097,1.1053e+08
0.044393,0.231878,791.4680,1.1254e+08
0.044393,0.233205,794.0567,1.1450e+08
0.044393,0.235539,798.6056,1.1796e+08
0.044393,0.237874,803.1525,1.2147e+08
0.044393,0.240211,807.6932,1.2507e+08
0.044393,0.242501,812.1376,1.2862e+08
0.044393,0.244022,815.0825,1.3105e+08
0.044393,0.245218,817.3996,1.3296e+08
0.044393,0.247562,821.9330,1.3675e+08
0.044393,0.249908,826.4593,1.4064e+08
0.044393,0.252256,830.9876,1.4456e+08
0.044393,0.254575,835.4468,1.4856e+08
0.044393,0.256186,838.5451,1.5134e+08
0.044393,0.257287,840.6603,1.5325e+08
0.044393,0.259643,845.1734,1.5747e+08
0.044393,0.262001,849.6911,1.6170e+08
0.044393,0.264361,854.1988,1.6609e+08
0.044393,0.266703,858.6708,1.7046e+08
0.044393,0.268369,861.8449,1.7365e+08
0.044393,0.269420,863.8433,1.7569e+08
0.044393,0.271788,868.3494,1.8029e+08
0.044393,0.274160,872.8504,1.8502e+08
0.044393,0.276534,877.3503,1.8983e+08
0.044393,0.278898,881.8250,1.9469e+08
0.044393,0.280566,884.9760,1.9822e+08
0.044393,0.281623,886.9712,2.0045e+08
0.044393,0.284006,891.4678,2.0554e+08
0.044393,0.286392,895.9572,2.1081e+08
0.044393,0.288781,900.4521,2.1608e+08
0.044393,0.291171,904.9323,2.2157e+08
0.044393,0.292773,907.9348,2.2526e+08
0.044393,0.293903,910.0529,2.2787e+08
0.044393,0.296302,914.5357,2.3360e+08
0.044393,0.298704,919.0208,2.3938e+08
0.044393,0.301109,923.5035,2.4530e+08
0.044393,0.303517,927.9831,2.5137e+08
0.044393,0.304983,930.7107,2.5506e+08
0.044393,0.306265,933.0904,2.5837e+08
0.044393,0.308681,937.5659,2.6474e+08
0.044393,0.311099,942.0473,2.7111e+08
0.044393,0.313521,946.5186,2.7777e+08
0.044393,0.315946,950.9946,2.8446e+08
0.044393,0.317191,953.2911,2.8792e+08
0.044393,0.318714,956.0906,2.9232e+08
0.044393,0.321146,960.5626,2.9935e+08
0.044393,0.323582,965.0353,3.0649e+08
0.044393,0.326022,969.5017,3.1388e+08
0.044393,0.328464,973.9743,3.2127e+08
0.044393,0.329389,975.6619,3.2417e+08
0.044393,0.331252,979.0599,3.3008e+08
0.044393,0.333703,983.5284,3.3785e+08
0.044393,0.336156,987.9918,3.4586e+08
0.044393,0.338614,992.4545,3.5402e+08
0.044393,0.341074,996.9201,3.6227e+08
0.044393,0.341569,997.8153,3.6400e+08
0.044393,0.343883,1001.9993,3.7205e+08
0.044393,0.346351,1006.4640,3.8064e+08
0.044393,0.348823,1010.9186,3.8961e+08
0.044393,0.351299,1015.3772,3.9863e+08
0.044393,0.353424,1019.1992,4.0650e+08
0.044393,0.354124,1020.4546,4.0917e+08
0.044393,0.356608,1024.9085,4.1866e+08
0.044393,0.359095,1029.3673,4.2819e+08
0.044393,0.361585,1033.8148,4.3815e+08
0.044393,0.364080,1038.2686,4.4812e+08
0.044393,0.365678,1041.1173,4.5462e+08
0.044393,0.366928,1043.3406,4.5985e+08
0.044393,0.369428,1047.7855,4.7031e+08
0.044393,0.371934,1052.2362,4.8091e+08
0.044393,0.374444,1056.6780,4.9190e+08
0.044393,0.376957,1061.1262,5.0290e+08
0.044393,0.377986,1062.9458,5.0747e+08
0.044393,0.379834,1066.2023,5.1593e+08
0.044393,0.382346,1070.6275,5.2743e+08
0.044393,0.384871,1075.0699,5.3916e+08
0.044393,0.387399,1079.5051,5.5125e+08
0.044393,0.389610,1083.3828,5.6183e+08
0.044393,0.390650,1085.2053,5.6685e+08
0.044393,0.392820,1088.9958,5.7769e+08
0.044393,0.395360,1093.4308,5.9039e+08
0.044393,0.397904,1097.8645,6.0331e+08
0.044393,0.400452,1102.2918,6.1660e+08
0.044393,0.402139,1105.2240,6.2540e+08
0.044393,0.403540,1107.6588,6.3273e+08
0.044393,0.405914,1111.7644,6.4563e+08
0.044393,0.408473,1116.1908,6.5955e+08
0.044393,0.411035,1120.6175,6.7367e+08
0.044393,0.413484,1124.8378,6.8743e+08
0.044393,0.414799,1127.0990,6.9497e+08
0.044393,0.416530,1130.0753,7.0489e+08
0.044393,0.419104,1134.4909,7.1992e+08
0.044393,0.421682,1138.9053,7.3520e+08
0.044393,0.424263,1143.3188,7.5072e+08
0.044393,0.426321,1146.8314,7.6324e+08
0.044393,0.427586,1148.9868,7.7105e+08
0.044393,0.429799,1152.7538,7.8477e+08
0.044393,0.432391,1157.1587,8.0115e+08
0.044393,0.434988,1161.5619,8.1778e+08
0.044393,0.437516,1165.8423,8.3418e+08
0.044393,0.439161,1168.6217,8.4498e+08
0.044393,0.440556,1170.9773,8.5420e+08
0.044393,0.443164,1175.3738,8.7166e+08
0.044393,0.445775,1179.7667,8.8943e+08
0.044393,0.448390,1184.1578,9.0744e+08
0.044393,0.450747,1188.1101,9.2386e+08
0.044393,0.451756,1189.7977,9.3099e+08
0.044393,0.453997,1193.5463,9.4686e+08
0.044393,0.456623,1197.9286,9.6575e+08
0.044393,0.459252,1202.3058,9.8492e+08
0.044393,0.461880,1206.6757,1.0043e+09
0.044393,0.463516,1209.3915,1.0165e+09
0.044393,0.464873,1211.6397,1.0267e+09
0.044393,0.467495,1215.9816,1.0465e+09
0.044393,0.470113,1220.3056,1.0667e+09
0.044393,0.472726,1224.6141,1.0870e+09
0.044393,0.475334,1228.9060,1.1075e+09
0.044393,0.475816,1229.6981,1.1114e+09
0.044393,0.478297,1233.7726,1.1311e+09
0.044393,0.480891,1238.0216,1.1521e+09
0.044393,0.483477,1242.2503,1.1732e+09
0.044393,0.486056,1246.4600,1.1945e+09
0.044393,0.487696,1249.1328,1.2081e+09
0.044393,0.488986,1251.2331,1.2189e+09
0.044393,0.491549,1255.3992,1.2406e+09
0.044393,0.494105,1259.5407,1.2626e+09
0.044393,0.496655,1263.6679,1.2846e+09
0.044393,0.499198,1267.7832,1.3065e+09
0.044393,0.499978,1269.0392,1.3135e+09
0.044393,0.502087,1272.4351,1.3322e+09
0.044393,0.504615,1276.5050,1.3546e+09
0.044393,0.507136,1280.5560,1.3772e+09
0.044393,0.509651,1284.5829,1.4001e+09
0.044393,0.511723,1287.9009,1.4190e+09
0.044393,0.512734,1289.5203,1.4282e+09
0.044393,0.515009,1293.1489,1.4494e+09
0.044393,0.517503,1297.1210,1.4727e+09
0.044393,0.519991,1301.0831,1.4959e+09
0.044393,0.522473,1305.0171,1.5196e+09
0.044393,0.524103,1307.5988,1.5351e+09
0.044393,0.525443,1309.7214,1.5480e+09
0.044393,0.527761,1313.3920,1.5702e+09
0.044393,0.530223,1317.2700,1.5943e+09
0.044393,0.532679,1321.1386,1.6183e+09
0.044393,0.535129,1324.9947,1.6424e+09
0.044393,0.536459,1327.0812,1.6556e+09
0.044393,0.537984,1329.4730,1.6708e+09
0.044393,0.540352,1333.1776,1.6945e+09
0.044393,0.542783,1336.9768,1.7191e+09
0.044393,0.545209,1340.7606,1.7437e+09
0.044393,0.547627,1344.5225,1.7684e+09
0.044393,0.548783,1346.3219,1.7803e+09
0.044393,0.550379,1348.7985,1.7967e+09
0.044393,0.552788,1352.5331,1.8216e+09
0.044393,0.555190,1356.2495,1.8467e+09
0.044393,0.557587,1359.9505,1.8718e+09
0.044393,0.559894,1363.5080,1.8961e+09
0.044393,0.561093,1365.3526,1.9088e+09
0.044393,0.562697,1367.8197,1.9258e+09
0.044393,0.565077,1371.4731,1.9511e+09
0.044393,0.567452,1375.1130,1.9765e+09
0.044393,0.569821,1378.7372,2.0020e+09
0.044393,0.572085,1382.1928,2.0264e+09
0.044393,0.573313,1384.0654,2.0397e+09
0.044393,0.574873,1386.4413,2.0566e+09
0.044393,0.577227,1390.0213,2.0823e+09
0.044393,0.579575,1393.5845,2.1079e+09
0.044393,0.581918,1397.1347,2.1336e+09
0.044393,0.584193,1400.5750,2.1587e+09
0.044393,0.585458,1402.4852,2.1726e+09
0.044393,0.586915,1404.6827,2.1887e+09
0.044393,0.589243,1408.1895,2.2145e+09
0.044393,0.591567,1411.6841,2.2403e+09
0.044393,0.593885,1415.1615,2.2661e+09
0.044393,0.596199,1418.6274,2.2919e+09
0.044393,0.597544,1420.6390,2.3069e+09
0.044393,0.598841,1422.5787,2.3214e+09
0.044393,0.601134,1425.9978,2.3471e+09
0.044393,0.603434,1429.4225,2.3728e+09
0.044393,0.605728,1432.8353,2.3986e+09
0.044393,0.608019,1436.2320,2.4243e+09
0.044393,0.609560,1438.5166,2.4416e+09
0.044393,0.610760,1440.2908,2.4551e+09
0.044393,0.612904,1443.4617,2.4792e+09
0.044393,0.615181,1446.8196,2.5047e+09
0.044393,0.617454,1450.1658,2.5303e+09
0.044393,0.619722,1453.5013,2.5557e+09
0.044393,0.621491,1456.0967,2.5756e+09
0.044393,0.622628,1457.7637,2.5883e+09
0.044393,0.624560,1460.5916,2.6099e+09
0.044393,0.626816,1463.8892,2.6351e+09
0.044393,0.629067,1467.1721,2.6602e+09
0.044393,0.631314,1470.4439,2.6852e+09
0.044393,0.633332,1473.3789,2.7076e+09
0.044393,0.634460,1475.0154,2.7201e+09
0.044393,0.636108,1477.4055,2.7383e+09
0.044393,0.638343,1480.6409,2.7629e+09
0.044393,0.640574,1483.8664,2.7874e+09
0.044393,0.642801,1487.0780,2.8118e+09
0.044393,0.645024,1490.2791,2.8359e+09
0.044393,0.646280,1492.0842,2.8495e+09
0.044393,0.647593,1493.9714,2.8637e+09
0.044393,0.649769,1497.0915,2.8871e+09
0.044393,0.651981,1500.2577,2.9107e+09
0.044393,0.654189,1503.4140,2.9341e+09
0.044393,0.656393,1506.5581,2.9573e+09
0.044393,0.658092,1508.9771,2.9750e+09
0.044393,0.659197,1510.5486,2.9865e+09
0.044393,0.661098,1513.2502,3.0062e+09
0.044393,0.663292,1516.3617,3.0286e+09
0.044393,0.665482,1519.4612,3.0508e+09
0.044393,0.667668,1522.5518,3.0728e+09
0.044393,0.669812,1525.5756,3.0940e+09
0.044393,0.670785,1526.9456,3.1036e+09
0.044393,0.672336,1529.1276,3.1187e+09
0.044393,0.674512,1532.1857,3.1398e+09
0.044393,0.676686,1535.2341,3.1605e+09
0.044393,0.678856,1538.2702,3.1808e+09
0.044393,0.681023,1541.2976,3.2008e+09
0.044393,0.682587,1543.4807,3.2151e+09
0.044393,0.683682,1545.0058,3.2250e+09
0.044393,0.685648,1547.7417,3.2424e+09
0.044393,0.687806,1550.7375,3.2612e+09
0.044393,0.689960,1553.7247,3.2797e+09
0.044393,0.692111,1556.7015,3.2977e+09
0.044393,0.694260,1559.6681,3.3152e+09
0.044393,0.695095,1560.8200,3.3219e+09
0.044393,0.696714,1563.0505,3.3347e+09
0.044393,0.698847,1565.9859,3.3513e+09
0.044393,0.700987,1568.9222,3.3672e+09
0.044393,0.703124,1571.8500,3.3828e+09
0.044393,0.705258,1574.7695,3.3979e+09
0.044393,0.706974,1577.1114,3.4095e+09
0.044393,0.707825,1578.2740,3.4153e+09
0.044393,0.709815,1580.9826,3.4281e+09
0.044393,0.711941,1583.8724,3.4413e+09
0.044393,0.714065,1586.7541,3.4540e+09
0.044393,0.716186,1589.6255,3.4660e+09
0.044393,0.718304,1592.4880,3.4773e+09
0.044393,0.719421,1593.9956,3.4831e+09
0.044393,0.720715,1595.7395,3.4894e+09
0.044393,0.722829,1598.5840,3.4994e+09
0.044393,0.724940,1601.4189,3.5085e+09
0.044393,0.727049,1604.2448,3.5169e+09
0.044393,0.729156,1607.0627,3.5246e+09
0.044393,0.731261,1609.8727,3.5316e+09
0.044393,0.731707,1610.4671,3.5328e+09
0.044393,0.733656,1613.0633,3.5384e+09
0.044393,0.735756,1615.8534,3.5434e+09
0.044393,0.737854,1618.6357,3.5477e+09
0.044393,0.739950,1621.4101,3.5510e+09
0.044393,0.742045,1624.1767,3.5536e+09
0.044393,0.743854,1626.5609,3.5548e+09
0.044393,0.744429,1627.3180,3.5552e+09
0.044393,0.746519,1630.0655,3.5555e+09
0.044393,0.748608,1632.8053,3.5548e+09
0.044393,0.750695,1635.5374,3.5532e+09
0.044393,0.752780,1638.2618,3.5506e+09
0.044393,0.754864,1640.9784,3.5469e+09
0.044393,0.756166,1642.6702,3.5437e+09
0.044393,0.757237,1644.0631,3.5411e+09
0.044393,0.759318,1646.7618,3.5348e+09
0.044393,0.761397,1649.4530,3.5273e+09
0.044393,0.763476,1652.1368,3.5186e+09
0.044393,0.765553,1654.8132,3.5088e+09
0.044393,0.767556,1657.3881,3.4981e+09
0.044393,0.768526,1658.6334,3.4923e+09
0.044393,0.769993,1660.5136,3.4833e+09
0.044393,0.772067,1663.1666,3.4693e+09
0.044393,0.774140,1665.8124,3.4539e+09
0.044393,0.776213,1668.4504,3.4370e+09
0.044393,0.778284,1671.0814,3.4186e+09
0.044393,0.780089,1673.3682,3.4014e+09
0.044393,0.780961,1674.4715,3.3928e+09
0.044393,0.782713,1676.6844,3.3744e+09
0.044393,0.784780,1679.2904,3.3513e+09
0.044393,0.786846,1681.8880,3.3266e+09
0.044393,0.788910,1684.4769,3.3004e+09
0.044393,0.790973,1687.0569,3.2725e+09
0.044393,0.792514,1688.9816,3.2505e+09
0.044393,0.793447,1690.1447,3.2369e+09
0.044393,0.795378,1692.5476,3.2073e+09
0.044393,0.797435,1695.1004,3.1742e+09
0.044393,0.799489,1697.6445,3.1393e+09
0.044393,0.801542,1700.1795,3.1026e+09
0.044393,0.803593,1702.7060,3.0642e+09
0.044393,0.804839,1704.2379,3.0400e+09
0.044393,0.805955,1705.6078,3.0176e+09
0.044393,0.807975,1708.0834,2.9759e+09
0.044393,0.810021,1710.5843,2.9319e+09
0.044393,0.812066,1713.0771,2.8861e+09
0.044393,0.814109,1715.5617,2.8383e+09
0.044393,0.816130,1718.0129,2.7893e+09
0.044393,0.817102,1719.1907,2.7651e+09
0.044393,0.818476,1720.8518,2.7301e+09
0.044393,0.820515,1723.3134,2.6768e+09
0.044393,0.822553,1725.7672,2.6215e+09
0.044393,0.824590,1728.2147,2.5645e+09
0.044393,0.826627,1730.6562,2.5059e+09
0.044393,0.828589,1733.0029,2.4477e+09
0.044393,0.829363,1733.9272,2.4243e+09
0.044393,0.830982,1735.8594,2.3747e+09
0.044393,0.833017,1738.2830,2.3107e+09
0.044393,0.835052,1740.7025,2.2453e+09
0.044393,0.837086,1743.1177,2.1784e+09
0.044393,0.839121,1745.5300,2.1102e+09
0.044393,0.841020,1747.7784,2.0453e+09
0.044393,0.841630,1748.5008,2.0242e+09
0.044393,0.843476,1750.6832,1.9599e+09
0.044393,0.845512,1753.0904,1.8880e+09
0.044393,0.847550,1755.4980,1.8153e+09
0.044393,0.849588,1757.9073,1.7418e+09
0.044393,0.851629,1760.3197,1.6677e+09
0.044393,0.853436,1762.4590,1.6019e+09
0.044393,0.853955,1763.0738,1.5829e+09
0.044393,0.856000,1765.4981,1.5083e+09
0.044393,0.858047,1767.9308,1.4339e+09
0.044393,0.860097,1770.3740,1.3597e+09
0.044393,0.862150,1772.8300,1.2862e+09
0.044393,0.864206,1775.3029,1.2137e+09
0.044393,0.865832,1777.2675,1.1572e+09
0.044393,0.866554,1778.1418,1.1323e+09
0.044393,0.868620,1780.6595,1.0627e+09
0.044393,0.870690,1783.2024,9.9472e+08
0.044393,0.872766,1785.7760,9.2889e+08
0.044393,0.874847,1788.3858,8.6555e+08
0.044393,0.876934,1791.0362,8.0490e+08
0.044393,0.878139,1792.5834,7.7130e+08
0.044393,0.879321,1794.1143,7.3942e+08
0.044393,0.881424,1796.8723,6.8539e+08
0.044393,0.883533,1799.6932,6.3497e+08
0.044393,0.885651,1802.5827,5.8817e+08
0.044393,0.887776,1805.5498,5.4511e+08
0.044393,0.889790,1808.4302,5.0802e+08
0.044393,0.890583,1809.5830,4.9432e+08
0.044393,0.892355,1812.2054,4.6571e+08
0.044393,0.894509,1815.4821,4.3443e+08
0.044393,0.896673,1818.8774,4.0656e+08
0.044393,0.898846,1822.4042,3.8189e+08
0.044393,0.901006,1826.0379,3.6032e+08
0.044393,0.902519,1828.6624,3.4677e+08
0.044393,0.903529,1830.4536,3.3837e+08
0.044393,0.905734,1834.4781,3.2156e+08
0.044393,0.907948,1838.6896,3.0648e+08
0.044393,0.910172,1843.1027,2.9272e+08
0.044393,0.912407,1847.7311,2.7994e+08
0.044393,0.914344,1851.9134,2.6948e+08
0.044393,0.915199,1853.8104,2.6497e+08
0.044393,0.917226,1858.4364,2.5452e+08
0.044393,0.919495,1863.8475,2.4302e+08
0.044393,0.921775,1869.5332,2.3158e+08
0.044393,0.924064,1875.5025,2.2009e+08
0.044393,0.926162,1881.2135,2.0953e+08
0.044393,0.927219,1884.1743,2.0421e+08
0.044393,0.928986,1889.2594,1.9530e+08
0.044393,0.931297,1896.1645,1.8364e+08
0.044393,0.933615,1903.3713,1.7201e+08
0.044393,0.935939,1910.8778,1.6047e+08
0.044393,0.938133,1918.2104,1.4974e+08
0.044393,0.939318,1922.2638,1.4404e+08
0.044393,0.940932,1927.8802,1.3640e+08
0.044393,0.943274,1936.2160,1.2560e+08
0.044393,0.945623,1944.7548,1.1520e+08
0.044393,0.947977,1953.4541,1.0524e+08
0.044393,0.950234,1961.8716,9.6167e+07
0.044393,0.951473,1966.5126,9.1402e+07
0.044393,0.953033,1972.3645,8.5614e+07
0.044393,0.955406,1981.2526,7.7277e+07
0.044393,0.957784,1990.1178,6.9486e+07
0.044393,0.960167,1998.9325,6.2226e+07
0.044393,0.962471,2007.3688,5.5707e+07
0.044393,0.963669,2011.7158,5.2506e+07
0.044393,0.965290,2017.5578,4.8374e+07
0.044393,0.967693,2026.1229,4.2648e+07
0.044393,0.970104,2034.5967,3.7358e+07
0.044393,0.972521,2042.9714,3.2496e+07
0.044393,0.974871,2051.0069,2.8137e+07
0.044393,0.975895,2054.4757,2.6352e+07
0.044393,0.977715,2060.5932,2.3341e+07
0.044393,0.980153,2068.6935,1.9623e+07
0.044393,0.982596,2076.6989,1.6245e+07
0.044393,0.985043,2084.6226,1.3155e+07
0.044393,0.987443,2092.3049,1.0414e+07
0.044393,0.988135,2094.5033,9.6759e+06
0.044393,0.990285,2101.2898,7.5162e+06
0.044393,0.992732,2108.9326,5.3003e+06
0.044393,0.995169,2116.4620,3.3231e+06
0.044393,0.997594,2123.8774,1.5614e+06
0.044393,1.000000,2131.0501,-1.9031e+03
0.045672,0.000000,300.0000,2.7478e+01
0.045672,0.002877,306.3007,2.0844e+03
0.045672,0.005624,312.8337,8.8724e+03
0.045672,0.008325,319.2311,2.0223e+04
0.045672,0.010993,325.5207,3.6003e+04
0.045672,0.012120,328.1666,4.4157e+04
0.045672,0.014014,332.6076,5.9604e+04
0.045672,0.016618,338.6914,8.5120e+04
0.045672,0.019213,344.7352,1.1558e+05
0.045672,0.021792,350.7215,1.5106e+05
0.045672,0.023858,355.5074,1.8337e+05
0.045672,0.025017,358.1858,2.0308e+05
0.045672,0.027259,363.3624,2.4475e+05
0.045672,0.029793,369.1995,2.9737e+05
0.045672,0.032315,374.9962,3.5608e+05
0.045672,0.034826,380.7559,4.2146e+05
0.045672,0.036369,384.2890,4.6611e+05
0.045672,0.037805,387.5752,5.0903e+05
0.045672,0.040164,392.9649,5.8613e+05
0.045672,0.042644,398.6200,6.7666e+05
0.045672,0.045115,404.2444,7.7652e+05
0.045672,0.047553,409.7832,8.8494e+05
0.045672,0.048816,412.6507,9.4401e+05
0.045672,0.050376,416.1861,1.0238e+06
0.045672,0.052824,421.7288,1.1551e+06
0.045672,0.055264,427.2427,1.3043e+06
0.045672,0.057697,432.7347,1.4632e+06
0.045672,0.059955,437.8197,1.6268e+06
0.045672,0.061219,440.6645,1.7265e+06
0.045672,0.062883,444.4039,1.8638e+06
0.045672,0.065298,449.8238,2.0790e+06
0.045672,0.067708,455.2225,2.3138e+06
0.045672,0.070112,460.5995,2.5696e+06
0.045672,0.072273,465.4243,2.8204e+06
0.045672,0.073521,468.2072,2.9760e+06
0.045672,0.075239,472.0357,3.1984e+06
0.045672,0.077629,477.3515,3.5323e+06
0.045672,0.080014,482.6488,3.8936e+06
0.045672,0.082395,487.9271,4.2837e+06
0.045672,0.084517,492.6264,4.6561e+06
0.045672,0.085749,495.3496,4.8887e+06
0.045672,0.087475,499.1612,5.2236e+06
0.045672,0.089844,504.3862,5.7136e+06
0.045672,0.092210,509.5951,6.2378e+06
0.045672,0.094572,514.7864,6.8020e+06
0.045672,0.096696,519.4463,7.3445e+06
0.045672,0.097927,522.1451,7.6685e+06
0.045672,0.099615,525.8405,8.1380e+06
0.045672,0.101968,530.9839,8.8256e+06
0.045672,0.104318,536.1131,9.5530e+06
0.045672,0.106666,541.2280,1.0320e+07
0.045672,0.108816,545.9051,1.1065e+07
0.045672,0.110071,548.6310,1.1522e+07
0.045672,0.111679,552.1218,1.2120e+07
0.045672,0.114019,557.1920,1.3037e+07
0.045672,0.116357,562.2498,1.3996e+07
0.045672,0.118692,567.2956,1.4996e+07
0.045672,0.120883,572.0169,1.5996e+07
0.045672,0.122194,574.8407,1.6605e+07
0.045672,0.123682,578.0426,1.7330e+07
0.045672,0.126012,583.0478,1.8494e+07
0.045672,0.128340,588.0420,1.9702e+07
0.045672,0.130667,593.0210,2.0983e+07
0.045672,0.132902,597.7997,2.2253e+07
0.045672,0.134306,600.7955,2.3076e+07
0.045672,0.135638,603.6390,2.3869e+07
0.045672,0.137960,608.5826,2.5314e+07
0.045672,0.140281,613.5158,2.6809e+07
0.045672,0.142600,618.4408,2.8343e+07
0.045672,0.144880,623.2691,2.9932e+07
0.045672,0.146415,626.5187,3.1012e+07
0.045672,0.147559,628.9346,3.1854e+07
0.045672,0.149875,633.8270,3.3559e+07
0.045672,0.152191,638.7043,3.5355e+07
0.045672,0.154505,643.5749,3.7186e+07
0.045672,0.156819,648.4353,3.9075e+07
0.045672,0.158519,652.0005,4.0505e+07
0.045672,0.159468,653.9881,4.1320e+07
0.045672,0.161767,658.8020,4.3308e+07
0.045672,0.164079,663.6311,4.5390e+07
0.045672,0.166391,668.4532,4.7515e+07
0.045672,0.168703,673.2666,4.9696e+07
0.045672,0.170529,677.0638,5.1467e+07
0.045672,0.171493,679.0641,5.2418e+07
0.045672,0.173647,683.5361,5.4550e+07
0.045672,0.175958,688.3196,5.6934e+07
0.045672,0.178268,693.0994,5.9344e+07
0.045672,0.180579,697.8683,6.1832e+07
0.045672,0.182521,701.8712,6.3949e+07
0.045672,0.183530,703.9476,6.5082e+07
0.045672,0.185524,708.0490,6.7318e+07
0.045672,0.187835,712.7939,6.9987e+07
0.045672,0.190147,717.5351,7.2688e+07
0.045672,0.192459,722.2648,7.5478e+07
0.045672,0.194501,726.4397,7.7960e+07
0.045672,0.195585,728.6505,7.9305e+07
0.045672,0.197408,732.3655,8.1607e+07
0.045672,0.199722,737.0791,8.4542e+07
0.045672,0.202037,741.7806,8.7578e+07
0.045672,0.204352,746.4814,9.0632e+07
0.045672,0.206479,750.7874,9.3527e+07
0.045672,0.207660,753.1771,9.5133e+07
0.045672,0.209310,756.5117,9.7415e+07
0.045672,0.211628,761.1897,1.0069e+08
0.045672,0.213948,765.8653,1.0400e+08
0.045672,0.216269,770.5320,1.0740e+08
0.045672,0.218465,774.9443,1.1064e+08
0.045672,0.219757,777.5346,1.1260e+08
0.045672,0.221239,780.5028,1.1485e+08
0.045672,0.223564,785.1567,1.1842e+08
0.045672,0.225890,789.8026,1.2209e+08
0.045672,0.228219,794.4477,1.2579e+08
0.045672,0.230468,798.9239,1.2946e+08
0.045672,0.231878,801.7300,1.3177e+08
0.045672,0.233205,804.3662,1.3397e+08
0.045672,0.235539,808.9931,1.3793e+08
0.045672,0.237874,813.6216,1.4191e+08
0.045672,0.240211,818.2391,1.4602e+08
0.045672,0.242501,822.7626,1.5005e+08
0.045672,0.244022,825.7576,1.5283e+08
0.045672,0.245218,828.1134,1.5501e+08
0.045672,0.247562,832.7270,1.5930e+08
0.045672,0.249908,837.3292,1.6375e+08
0.045672,0.252256,841.9344,1.6821e+08
0.045672,0.254575,846.4710,1.7275e+08
0.045672,0.256186,849.6197,1.7593e+08
0.045672,0.257287,851.7709,1.7811e+08
0.045672,0.259643,856.3629,1.8289e+08
0.045672,0.262001,860.9531,1.8775e+08
0.045672,0.264361,865.5416,1.9268e+08
0.045672,0.266703,870.0842,1.9771e+08
0.045672,0.268369,873.3152,2.0129e+08
0.045672,0.269420,875.3483,2.0360e+08
0.045672,0.271788,879.9245,2.0890e+08
0.045672,0.274160,884.5059,2.1421e+08
0.045672,0.276534,889.0758,2.1975e+08
0.045672,0.278898,893.6252,2.2527e+08
0.045672,0.280566,896.8305,2.2925e+08
0.045672,0.281623,898.8558,2.3183e+08
0.045672,0.284006,903.4243,2.3765e+08
0.045672,0.286392,907.9905,2.4360e+08
0.045672,0.288781,912.5521,2.4970e+08
0.045672,0.291171,917.1138,2.5582e+08
0.045672,0.292773,920.1601,2.6010e+08
0.045672,0.293903,922.3091,2.6312e+08
0.045672,0.296302,926.8711,2.6953e+08
0.045672,0.298704,931.4232,2.7620e+08
0.045672,0.301109,935.9785,2.8293e+08
0.045672,0.303517,940.5311,2.8981e+08
0.045672,0.304983,943.2972,2.9410e+08
0.045672,0.306265,945.7153,2.9786e+08
0.045672,0.308681,950.2677,3.0500e+08
0.045672,0.311099,954.8111,3.1242e+08
0.045672,0.313521,959.3607,3.1985e+08
0.045672,0.315946,963.9017,3.2757e+08
0.045672,0.317191,966.2304,3.3157e+08
0.045672,0.318714,969.0792,3.3647e+08
0.045672,0.321146,973.6208,3.4447e+08
0.045672,0.323582,978.1584,3.5268e+08
0.045672,0.326022,982.7021,3.6091e+08
0.045672,0.328464,987.2328,3.6954e+08
0.045672,0.329389,988.9475,3.7281e+08
0.045672,0.331252,992.4037,3.7939e+08
0.045672,0.333703,996.9354,3.8833e+08
0.045672,0.336156,1001.4671,3.9742e+08
0.045672,0.338614,1006.0016,4.0661e+08
0.045672,0.341074,1010.5261,4.1616e+08
0.045672,0.341569,1011.4362,4.1809e+08
0.045672,0.343883,1015.6899,4.2707e+08
0.045672,0.346351,1020.2125,4.3703e+08
0.045672,0.348823,1024.7378,4.4709e+08
0.045672,0.351299,1029.2636,4.5731e+08
0.045672,0.353424,1033.1360,4.6637e+08
0.045672,0.354124,1034.4116,4.6935e+08
0.045672,0.356608,1038.9374,4.7994e+08
0.045672,0.359095,1043.4512,4.9099e+08
0.045672,0.361585,1047.9694,5.0212e+08
0.045672,0.364080,1052.4867,5.1344e+08
0.045672,0.365678,1055.3718,5.2090e+08
0.045672,0.366928,1057.6298,5.2675e+08
0.045672,0.369428,1062.1442,5.3843e+08
0.045672,0.371934,1066.6493,5.5065e+08
0.045672,0.374444,1071.1594,5.6292e+08
0.045672,0.376957,1075.6684,5.7541e+08
0.045672,0.377986,1077.5097,5.8067e+08
0.045672,0.379834,1080.8154,5.9012e+08
0.045672,0.382346,1085.3075,6.0296e+08
0.045672,0.384871,1089.8039,6.1639e+08
0.045672,0.387399,1094.3049,6.2990e+08
0.045672,0.389610,1098.2361,6.4182e+08
0.045672,0.390650,1100.0782,6.4762e+08
0.045672,0.392820,1103.9238,6.5972e+08
0.045672,0.395360,1108.4234,6.7389e+08
0.045672,0.397904,1112.9157,6.8847e+08
0.045672,0.400452,1117.4058,7.0331e+08
0.045672,0.402139,1120.3761,7.1324e+08
0.045672,0.403540,1122.8385,7.2162e+08
0.045672,0.405914,1127.0061,7.3590e+08
0.045672,0.408473,1131.4886,7.5159e+08
0.045672,0.411035,1135.9694,7.6754e+08
0.045672,0.413484,1140.2441,7.8299e+08
0.045672,0.414799,1142.5360,7.9139e+08
0.045672,0.416530,1145.5500,8.0252e+08
0.045672,0.419104,1150.0246,8.1929e+08
0.045672,0.421682,1154.4950,8.3639e+08
0.045672,0.424263,1158.9644,8.5374e+08
0.045672,0.426321,1162.5225,8.6770e+08
0.045672,0.427586,1164.7046,8.7643e+08
0.045672,0.429799,1168.5197,8.9174e+08
0.045672,0.432391,1172.9802,9.0998e+08
0.045672,0.434988,1177.4382,9.2851e+08
0.045672,0.437516,1181.7717,9.4677e+08
0.045672,0.439161,1184.5859,9.5878e+08
0.045672,0.440556,1186.9703,9.6904e+08
0.045672,0.443164,1191.4213,9.8843e+08
0.045672,0.445775,1195.8677,1.0082e+09
0.045672,0.448390,1200.3123,1.0281e+09
0.045672,0.450747,1204.3128,1.0463e+09
0.045672,0.451756,1206.0205,1.0543e+09
0.045672,0.453997,1209.8146,1.0718e+09
0.045672,0.456623,1214.2484,1.0928e+09
0.045672,0.459252,1218.6780,1.1140e+09
0.045672,0.461880,1223.0999,1.1354e+09
0.045672,0.463516,1225.8469,1.1489e+09
0.045672,0.464873,1228.1227,1.1601e+09
0.045672,0.467495,1232.5137,1.1820e+09
0.045672,0.470113,1236.8883,1.2042e+09
0.045672,0.472726,1241.2472,1.2266e+09
0.045672,0.475334,1245.5894,1.2492e+09
0.045672,0.475816,1246.3900,1.2534e+09
0.045672,0.478297,1250.5099,1.2752e+09
0.045672,0.480891,1254.8066,1.2982e+09
0.045672,0.483477,1259.0839,1.3214e+09
0.045672,0.486056,1263.3422,1.3447e+09
0.045672,0.487696,1266.0427,1.3597e+09
0.045672,0.488986,1268.1666,1.3715e+09
0.045672,0.491549,1272.3781,1.3953e+09
0.045672,0.494105,1276.5689,1.4192e+09
0.045672,0.496655,1280.7372,1.4434e+09
0.045672,0.499198,1284.8944,1.4675e+09
0.045672,0.499978,1286.1697,1.4749e+09
0.045672,0.502087,1289.6022,1.4953e+09
0.045672,0.504615,1293.7115,1.5199e+09
0.045672,0.507136,1297.8101,1.5445e+09
0.045672,0.509651,1301.8792,1.5694e+09
0.045672,0.511723,1305.2283,1.5901e+09
0.045672,0.512734,1306.8628,1.6002e+09
0.045672,0.515009,1310.5395,1.6229e+09
0.045672,0.517503,1314.5475,1.6483e+09
0.045672,0.519991,1318.5454,1.6737e+09
0.045672,0.522473,1322.5305,1.6991e+09
0.045672,0.524103,1325.1347,1.7161e+09
0.045672,0.525443,1327.2759,1.7301e+09
0.045672,0.527761,1330.9808,1.7543e+09
0.045672,0.530223,1334.9090,1.7801e+09
0.045672,0.532679,1338.8159,1.8061e+09
0.045672,0.535129,1342.7039,1.8323e+09
0.045672,0.536459,1344.8136,1.8465e+09
0.045672,0.537984,1347.2263,1.8630e+09
0.045672,0.540352,1350.9706,1.8885e+09
0.045672,0.542783,1354.8048,1.9150e+09
0.045672,0.545209,1358.6243,1.9416e+09
0.045672,0.547627,1362.4259,1.9681e+09
0.045672,0.548783,1364.2394,1.9810e+09
0.045672,0.550379,1366.7416,1.9986e+09
0.045672,0.552788,1370.5101,2.0255e+09
0.045672,0.555190,1374.2642,2.0523e+09
0.045672,0.557587,1377.9994,2.0793e+09
0.045672,0.559894,1381.5887,2.1053e+09
0.045672,0.561093,1383.4520,2.1189e+09
0.045672,0.562697,1385.9420,2.1371e+09
0.045672,0.565077,1389.6297,2.1643e+09
0.045672,0.567452,1393.3018,2.1915e+09
0.045672,0.569821,1396.9603,2.2187e+09
0.045672,0.572085,1400.4472,2.2448e+09
0.045672,0.573313,1402.3373,2.2589e+09
0.045672,0.574873,1404.7334,2.2770e+09
0.045672,0.577227,1408.3456,2.3043e+09
0.045672,0.579575,1411.9414,2.3317e+09
0.045672,0.581918,1415.5222,2.3591e+09
0.045672,0.584193,1418.9938,2.3857e+09
0.045672,0.585458,1420.9198,2.4005e+09
0.045672,0.586915,1423.1373,2.4176e+09
0.045672,0.589243,1426.6739,2.4450e+09
0.045672,0.591567,1430.1986,2.4723e+09
0.045672,0.593885,1433.7065,2.4997e+09
0.045672,0.596199,1437.2014,2.5270e+09
0.045672,0.597544,1439.2305,2.5429e+09
0.045672,0.598841,1441.1861,2.5583e+09
0.045672,0.601134,1444.6345,2.5854e+09
0.045672,0.603434,1448.0875,2.6126e+09
0.045672,0.605728,1451.5287,2.6398e+09
0.045672,0.608019,1454.9535,2.6669e+09
0.045672,0.609560,1457.2568,2.6851e+09
0.045672,0.610760,1459.0455,2.6993e+09
0.045672,0.612904,1462.2423,2.7247e+09
0.045672,0.615181,1465.6272,2.7516e+09
0.045672,0.617454,1469.0003,2.7784e+09
0.045672,0.619722,1472.3621,2.8051e+09
0.045672,0.621491,1474.9782,2.8259e+09
0.045672,0.622628,1476.6582,2.8393e+09
0.045672,0.624560,1479.5086,2.8619e+09
0.045672,0.626816,1482.8320,2.8883e+09
0.045672,0.629067,1486.1398,2.9145e+09
0.045672,0.631314,1489.4373,2.9406e+09
0.045672,0.633332,1492.3938,2.9640e+09
0.045672,0.634460,1494.0437,2.9770e+09
0.045672,0.636108,1496.4510,2.9960e+09
0.045672,0.638343,1499.7114,3.0216e+09
0.045672,0.640574,1502.9606,3.0470e+09
0.045672,0.642801,1506.1955,3.0723e+09
0.045672,0.645024,1509.4209,3.0973e+09
0.045672,0.646280,1511.2383,3.1114e+09
0.045672,0.647593,1513.1402,3.1261e+09
0.045672,0.649769,1516.2816,3.1502e+09
0.045672,0.651981,1519.4713,3.1746e+09
0.045672,0.654189,1522.6497,3.1988e+09
0.045672,0.656393,1525.8153,3.2226e+09
0.045672,0.658092,1528.2527,3.2410e+09
0.045672,0.659197,1529.8340,3.2527e+09
0.045672,0.661098,1532.5550,3.2729e+09
0.045672,0.663292,1535.6863,3.2959e+09
0.045672,0.665482,1538.8079,3.3186e+09
0.045672,0.667668,1541.9194,3.3411e+09
0.045672,0.669812,1544.9619,3.3627e+09
0.045672,0.670785,1546.3418,3.3725e+09
0.045672,0.672336,1548.5381,3.3879e+09
0.045672,0.674512,1551.6174,3.4093e+09
0.045672,0.676686,1554.6829,3.4302e+09
0.045672,0.678856,1557.7396,3.4508e+09
0.045672,0.681023,1560.7874,3.4711e+09
0.045672,0.682587,1562.9822,3.4854e+09
0.045672,0.683682,1564.5172,3.4953e+09
0.045672,0.685648,1567.2696,3.5128e+09
0.045672,0.687806,1570.2851,3.5317e+09
0.045672,0.689960,1573.2890,3.5501e+09
0.045672,0.692111,1576.2831,3.5680e+09
0.045672,0.694260,1579.2686,3.5854e+09
0.045672,0.695095,1580.4259,3.5920e+09
0.045672,0.696714,1582.6707,3.6048e+09
0.045672,0.698847,1585.6207,3.6209e+09
0.045672,0.700987,1588.5748,3.6366e+09
0.045672,0.703124,1591.5204,3.6519e+09
0.045672,0.705258,1594.4539,3.6664e+09
0.045672,0.706974,1596.8091,3.6777e+09
0.045672,0.707825,1597.9765,3.6831e+09
0.045672,0.709815,1600.7012,3.6955e+09
0.045672,0.711941,1603.6066,3.7082e+09
0.045672,0.714065,1606.5013,3.7200e+09
0.045672,0.716186,1609.3878,3.7312e+09
0.045672,0.718304,1612.2660,3.7419e+09
0.045672,0.719421,1613.7790,3.7470e+09
0.045672,0.720715,1615.5329,3.7529e+09
0.045672,0.722829,1618.3896,3.7617e+09
0.045672,0.724940,1621.2380,3.7698e+09
0.045672,0.727049,1624.0783,3.7772e+09
0.045672,0.729156,1626.9083,3.7836e+09
0.045672,0.731261,1629.7294,3.7891e+09
0.045672,0.731707,1630.3271,3.7902e+09
0.045672,0.733656,1632.9335,3.7944e+09
0.045672,0.735756,1635.7366,3.7981e+09
0.045672,0.737854,1638.5309,3.8009e+09
0.045672,0.739950,1641.3152,3.8025e+09
0.045672,0.742045,1644.0916,3.8032e+09
0.045672,0.743854,1646.4860,3.8031e+09
0.045672,0.744429,1647.2447,3.8028e+09
0.045672,0.746519,1650.0033,3.8013e+09
0.045672,0.748608,1652.7533,3.7988e+09
0.045672,0.750695,1655.4938,3.7949e+09
0.045672,0.752780,1658.2264,3.7900e+09
0.045672,0.754864,1660.9510,3.7839e+09
0.045672,0.756166,1662.6495,3.7796e+09
0.045672,0.757237,1664.0452,3.7755e+09
0.045672,0.759318,1666.7525,3.7669e+09
0.045672,0.761397,1669.4516,3.7570e+09
0.045672,0.763476,1672.1417,3.7455e+09
0.045672,0.765553,1674.8241,3.7328e+09
0.045672,0.767556,1677.4043,3.7192e+09
0.045672,0.768526,1678.6536,3.7123e+09
0.045672,0.769993,1680.5365,3.7009e+09
0.045672,0.772067,1683.1944,3.6837e+09
0.045672,0.774140,1685.8447,3.6651e+09
0.045672,0.776213,1688.4874,3.6449e+09
0.045672,0.778284,1691.1225,3.6232e+09
0.045672,0.780089,1693.4129,3.6030e+09
0.045672,0.780961,1694.5160,3.5926e+09
0.045672,0.782713,1696.7320,3.5712e+09
0.045672,0.784780,1699.3405,3.5443e+09
0.045672,0.786846,1701.9399,3.5157e+09
0.045672,0.788910,1704.5301,3.4855e+09
0.045672,0.790973,1707.1108,3.4534e+09
0.045672,0.792514,1709.0355,3.4282e+09
0.045672,0.793447,1710.1977,3.4124e+09
0.045672,0.795378,1712.6004,3.3787e+09
0.045672,0.797435,1715.1520,3.3410e+09
0.045672,0.799489,1717.6944,3.3015e+09
0.045672,0.801542,1720.2273,3.2600e+09
0.045672,0.803593,1722.7512,3.2168e+09
0.045672,0.804839,1724.2814,3.1896e+09
0.045672,0.805955,1725.6497,3.1646e+09
0.045672,0.807975,1728.1214,3.1179e+09
0.045672,0.810021,1730.6175,3.0686e+09
0.045672,0.812066,1733.1044,3.0173e+09
0.045672,0.814109,1735.5829,2.9641e+09
0.045672,0.816130,1738.0278,2.9097e+09
0.045672,0.817102,1739.2021,2.8828e+09
0.045672,0.818476,1740.8585,2.8441e+09
0.045672,0.820515,1743.3114,2.7849e+09
0.045672,0.822553,1745.7569,2.7239e+09
0.045672,0.824590,1748.1953,2.6612e+09
0.045672,0.826627,1750.6260,2.5965e+09
0.045672,0.828589,1752.9626,2.5325e+09
0.045672,0.829363,1753.8825,2.5069e+09
0.045672,0.830982,1755.8053,2.4524e+09
0.045672,0.833017,1758.2169,2.3825e+09
0.045672,0.835052,1760.6231,2.3109e+09
0.045672,0.837086,1763.0251,2.2380e+09
0.045672,0.839121,1765.4229,2.1637e+09
0.045672,0.841020,1767.6576,2.0932e+09
0.045672,0.841630,1768.3753,2.0703e+09
0.045672,0.843476,1770.5438,2.0007e+09
0.045672,0.845512,1772.9350,1.9229e+09
0.045672,0.847550,1775.3262,1.8444e+09
0.045672,0.849588,1777.7187,1.7653e+09
0.045672,0.851629,1780.1139,1.6857e+09
0.045672,0.853436,1782.2379,1.6152e+09
0.045672,0.853955,1782.8484,1.5950e+09
0.045672,0.856000,1785.2553,1.5153e+09
0.045672,0.858047,1787.6707,1.4361e+09
0.045672,0.860097,1790.0971,1.3575e+09
0.045672,0.862150,1792.5368,1.2799e+09
0.045672,0.864206,1794.9934,1.2035e+09
0.045672,0.865832,1796.9466,1.1443e+09
0.045672,0.866554,1797.8177,1.1185e+09
0.045672,0.868620,1800.3205,1.0457e+09
0.045672,0.870690,1802.8539,9.7548e+08
0.045672,0.872766,1805.4185,9.0762e+08
0.045672,0.874847,1808.0233,8.4285e+08
0.045672,0.876934,1810.6706,7.8110e+08
0.045672,0.878139,1812.2185,7.4716e+08
0.045672,0.879321,1813.7518,7.1509e+08
0.045672,0.881424,1816.5180,6.6110e+08
0.045672,0.883533,1819.3525,6.1110e+08
0.045672,0.885651,1822.2634,5.6517e+08
0.045672,0.887776,1825.2605,5.2334e+08
0.045672,0.889790,1828.1759,4.8755e+08
0.045672,0.890583,1829.3459,4.7446e+08
0.045672,0.892355,1832.0101,4.4720e+08
0.045672,0.894509,1835.3475,4.1759e+08
0.045672,0.896673,1838.8180,3.9144e+08
0.045672,0.898846,1842.4356,3.6844e+08
0.045672,0.901006,1846.1746,3.4835e+08
0.045672,0.902519,1848.8853,3.3574e+08
0.045672,0.903529,1850.7368,3.2788e+08
0.045672,0.905734,1854.9121,3.1209e+08
0.045672,0.907948,1859.2977,2.9773e+08
0.045672,0.910172,1863.9126,2.8443e+08
0.045672,0.912407,1868.7666,2.7182e+08
0.045672,0.914344,1873.1670,2.6131e+08
0.045672,0.915199,1875.1677,2.5674e+08
0.045672,0.917226,1880.0594,2.4603e+08
0.045672,0.919495,1885.8053,2.3414e+08
0.045672,0.921775,1891.8489,2.2221e+08
0.045672,0.924064,1898.2160,2.1022e+08
0.045672,0.926162,1904.3195,1.9922e+08
0.045672,0.927219,1907.4877,1.9369e+08
0.045672,0.928986,1912.9366,1.8446e+08
0.045672,0.931297,1920.3335,1.7249e+08
0.045672,0.933615,1928.0518,1.6065e+08
0.045672,0.935939,1936.0753,1.4903e+08
0.045672,0.938133,1943.8905,1.3836e+08
0.045672,0.939318,1948.1966,1.3274e+08
0.045672,0.940932,1954.1438,1.2527e+08
0.045672,0.943274,1962.9257,1.1485e+08
0.045672,0.945623,1971.8515,1.0491e+08
0.045672,0.947977,1980.8677,9.5529e+07
0.045672,0.950234,1989.5283,8.7078e+07
0.045672,0.951473,1994.2779,8.2668e+07
0.045672,0.953033,2000.2442,7.7333e+07
0.045672,0.955406,2009.2613,6.9704e+07
0.045672,0.957784,2018.2105,6.2622e+07
0.045672,0.960167,2027.0803,5.6031e+07
0.045672,0.962471,2035.5485,5.0139e+07
0.045672,0.963669,2039.9056,4.7257e+07
0.045672,0.965290,2045.7586,4.3532e+07
0.045672,0.967693,2054.3338,3.8378e+07
0.045672,0.970104,2062.8135,3.3625e+07
0.045672,0.972521,2071.2013,2.9246e+07
0.045672,0.974871,2079.2485,2.5345e+07
0.045672,0.975895,2082.7238,2.3747e+07
0.045672,0.977715,2088.8537,2.1051e+07
0.045672,0.980153,2096.9718,1.7725e+07
0.045672,0.982596,2105.0099,1.4678e+07
0.045672,0.985043,2112.9673,1.1909e+07
0.045672,0.987443,2120.6879,9.4489e+06
0.045672,0.988135,2122.8989,8.7836e+06
0.045672,0.990285,2129.7237,6.8417e+06
0.045672,0.992732,2137.4147,4.8373e+06
0.045672,0.995169,2144.9952,3.0421e+06
0.045672,0.997594,2152.4670,1.4305e+06
0.045672,1.000000,2159.6743,-2.2087e+03
0.046947,0.000000,300.0000,-1.8968e+02
0.046947,0.002877,306.3988,2.4430e+03
0.046947,0.005624,313.0798,1.0440e+04
0.046947,0.008325,319.6248,2.3724e+04
0.046947,0.010993,326.0602,4.2166e+04
0.046947,0.012120,328.7676,5.1661e+04
0.046947,0.014014,333.3098,6.9881e+04
0.046947,0.016618,339.5319,9.9902e+04
0.046947,0.019213,345.7133,1.3553e+05
0.046947,0.021792,351.8356,1.7699e+05
0.046947,0.023858,356.7300,2.1470e+05
0.046947,0.025017,359.4680,2.3810e+05
0.046947,0.027259,364.7615,2.8672e+05
0.046947,0.029793,370.7298,3.4825e+05
0.046947,0.032315,376.6551,4.1776e+05
0.046947,0.034826,382.5425,4.9503e+05
0.046947,0.036369,386.1546,5.4706e+05
0.046947,0.037805,389.5123,5.9877e+05
0.046947,0.040164,395.0209,6.8999e+05
0.046947,0.042644,400.8019,7.9564e+05
0.046947,0.045115,406.5488,9.1490e+05
0.046947,0.047553,412.2076,1.0450e+06
0.046947,0.048816,415.1383,1.1145e+06
0.046947,0.050376,418.7513,1.2090e+06
0.046947,0.052824,424.4117,1.3704e+06
0.046947,0.055264,430.0451,1.5486e+06
0.046947,0.057697,435.6526,1.7436e+06
0.046947,0.059955,440.8449,1.9422e+06
0.046947,0.061219,443.7496,2.0636e+06
0.046947,0.062883,447.5674,2.2309e+06
0.046947,0.065298,453.1008,2.4933e+06
0.046947,0.067708,458.6120,2.7800e+06
0.046947,0.070112,464.1004,3.0929e+06
0.046947,0.072273,469.0249,3.3996e+06
0.046947,0.073521,471.8655,3.5886e+06
0.046947,0.075239,475.7731,3.8590e+06
0.046947,0.077629,481.1978,4.2665e+06
0.046947,0.080014,486.6034,4.7069e+06
0.046947,0.082395,491.9891,5.1822e+06
0.046947,0.084517,496.7821,5.6413e+06
0.046947,0.085749,499.5609,5.9220e+06
0.046947,0.087475,503.4498,6.3266e+06
0.046947,0.089844,508.7788,6.9258e+06
0.046947,0.092210,514.0907,7.5666e+06
0.046947,0.094572,519.3854,8.2498e+06
0.046947,0.096696,524.1385,8.9009e+06
0.046947,0.097927,526.8902,9.2947e+06
0.046947,0.099615,530.6588,9.8592e+06
0.046947,0.101968,535.9042,1.0681e+07
0.046947,0.104318,541.1341,1.1553e+07
0.046947,0.106666,546.3469,1.2484e+07
0.046947,0.108816,551.1145,1.3378e+07
0.046947,0.110071,553.8944,1.3915e+07
0.046947,0.111679,557.4518,1.4634e+07
0.046947,0.114019,562.6216,1.5714e+07
0.046947,0.116357,567.7752,1.6861e+07
0.046947,0.118692,572.9151,1.8062e+07
0.046947,0.120883,577.7286,1.9230e+07
0.046947,0.122194,580.6043,1.9963e+07
0.046947,0.123682,583.8702,2.0796e+07
0.046947,0.126012,588.9674,2.2183e+07
0.046947,0.128340,594.0538,2.3616e+07
0.046947,0.130667,599.1299,2.5094e+07
0.046947,0.132902,603.9956,2.6595e+07
0.046947,0.134306,607.0488,2.7547e+07
0.046947,0.135638,609.9418,2.8496e+07
0.046947,0.137960,614.9799,3.0160e+07
0.046947,0.140281,620.0031,3.1908e+07
0.046947,0.142600,625.0161,3.3708e+07
0.046947,0.144880,629.9368,3.5521e+07
0.046947,0.146415,633.2418,3.6800e+07
0.046947,0.147559,635.7036,3.7760e+07
0.046947,0.149875,640.6826,3.9747e+07
0.046947,0.152191,645.6516,4.1792e+07
0.046947,0.154505,650.6077,4.3916e+07
0.046947,0.156819,655.5576,4.6072e+07
0.046947,0.158519,659.1845,4.7728e+07
0.046947,0.159468,661.2088,4.8652e+07
0.046947,0.161767,666.1065,5.0944e+07
0.046947,0.164079,671.0240,5.3304e+07
0.046947,0.166391,675.9294,5.5744e+07
0.046947,0.168703,680.8301,5.8212e+07
0.046947,0.170529,684.6916,6.0246e+07
0.046947,0.171493,686.7278,6.1321e+07
0.046947,0.173647,691.2765,6.3756e+07
0.046947,0.175958,696.1451,6.6447e+07
0.046947,0.178268,701.0066,6.9188e+07
0.046947,0.180579,705.8595,7.1992e+07
0.046947,0.182521,709.9301,7.4396e+07
0.046947,0.183530,712.0427,7.5671e+07
0.046947,0.185524,716.2156,7.8189e+07
0.046947,0.187835,721.0407,8.1204e+07
0.046947,0.190147,725.8636,8.4241e+07
0.046947,0.192459,730.6729,8.7385e+07
0.046947,0.194501,734.9190,9.0172e+07
0.046947,0.195585,737.1667,9.1687e+07
0.046947,0.197408,740.9443,9.4270e+07
0.046947,0.199722,745.7375,9.7562e+07
0.046947,0.202037,750.5175,1.0097e+08
0.046947,0.204352,755.2974,1.0438e+08
0.046947,0.206479,759.6744,1.0763e+08
0.046947,0.207660,762.1035,1.0943e+08
0.046947,0.209310,765.4945,1.1197e+08
0.046947,0.211628,770.2487,1.1564e+08
0.046947,0.213948,775.0027,1.1933e+08
0.046947,0.216269,779.7446,1.2314e+08
0.046947,0.218465,784.2311,1.2674e+08
0.046947,0.219757,786.8626,1.2894e+08
0.046947,0.221239,789.8780,1.3146e+08
0.046947,0.223564,794.6098,1.3542e+08
0.046947,0.225890,799.3287,1.3953e+08
0.046947,0.228219,804.0507,1.4364e+08
0.046947,0.230468,808.5973,1.4775e+08
0.046947,0.231878,811.4469,1.5033e+08
0.046947,0.233205,814.1284,1.5276e+08
0.046947,0.235539,818.8275,1.5719e+08
0.046947,0.237874,823.5289,1.6163e+08
0.046947,0.240211,828.2210,1.6620e+08
0.046947,0.242501,832.8127,1.7073e+08
0.046947,0.244022,835.8604,1.7376e+08
0.046947,0.245218,838.2513,1.7622e+08
0.046947,0.247562,842.9337,1.8104e+08
0.046947,0.249908,847.6126,1.8594e+08
0.046947,0.252256,852.2854,1.9097e+08
0.046947,0.254575,856.8981,1.9596e+08
0.046947,0.256186,860.0923,1.9955e+08
0.046947,0.257287,862.2747,2.0201e+08
0.046947,0.259643,866.9437,2.0726e+08
0.046947,0.262001,871.5994,2.1274e+08
0.046947,0.264361,876.2599,2.1823e+08
0.046947,0.266703,880.8717,2.2384e+08
0.046947,0.268369,884.1481,2.2788e+08
0.046947,0.269420,886.2141,2.3043e+08
0.046947,0.271788,890.8626,2.3631e+08
0.046947,0.274160,895.5073,2.4232e+08
0.046947,0.276534,900.1541,2.4839e+08
0.046947,0.278898,904.7655,2.5465e+08
0.046947,0.280566,908.0203,2.5908e+08
0.046947,0.281623,910.0813,2.6188e+08
0.046947,0.284006,914.7121,2.6847e+08
0.046947,0.286392,919.3474,2.7508e+08
0.046947,0.288781,923.9777,2.8188e+08
0.046947,0.291171,928.6010,2.8882e+08
0.046947,0.292773,931.6998,2.9347e+08
0.046947,0.293903,933.8803,2.9684e+08
0.046947,0.296302,938.5012,3.0414e+08
0.046947,0.298704,943.1281,3.1144e+08
0.046947,0.301109,947.7442,3.1906e+08
0.046947,0.303517,952.3634,3.2674e+08
0.046947,0.304983,955.1758,3.3141e+08
0.046947,0.306265,957.6240,3.3570e+08
0.046947,0.308681,962.2369,3.4377e+08
0.046947,0.311099,966.8544,3.5189e+08
0.046947,0.313521,971.4595,3.6038e+08
0.046947,0.315946,976.0708,3.6888e+08
0.046947,0.317191,978.4357,3.7328e+08
0.046947,0.318714,981.3186,3.7888e+08
0.046947,0.321146,985.9236,3.8783e+08
0.046947,0.323582,990.5303,3.9688e+08
0.046947,0.326022,995.1273,4.0629e+08
0.046947,0.328464,999.7308,4.1571e+08
0.046947,0.329389,1001.4712,4.1931e+08
0.046947,0.331252,1004.9669,4.2685e+08
0.046947,0.333703,1009.5639,4.3676e+08
0.046947,0.336156,1014.1609,4.4684e+08
0.046947,0.338614,1018.7497,4.5726e+08
0.046947,0.341074,1023.3449,4.6770e+08
0.046947,0.341569,1024.2693,4.6980e+08
0.046947,0.343883,1028.5703,4.8007e+08
0.046947,0.346351,1033.1588,4.9104e+08
0.046947,0.348823,1037.7467,5.0221e+08
0.046947,0.351299,1042.3266,5.1375e+08
0.046947,0.353424,1046.2578,5.2365e+08
0.046947,0.354124,1047.5527,5.2691e+08
0.046947,0.356608,1052.1279,5.3897e+08
0.046947,0.359095,1056.7071,5.5111e+08
0.046947,0.361585,1061.2864,5.6343e+08
0.046947,0.364080,1065.8566,5.7618e+08
0.046947,0.365678,1068.7842,5.8434e+08
0.046947,0.366928,1071.0755,5.9073e+08
0.046947,0.369428,1075.6380,6.0399e+08
0.046947,0.371934,1080.2069,6.1739e+08
0.046947,0.374444,1084.7780,6.3092e+08
0.046947,0.376957,1089.3373,6.4497e+08
0.046947,0.377986,1091.2048,6.5072e+08
0.046947,0.379834,1094.5577,6.6105e+08
0.046947,0.382346,1099.0977,6.7553e+08
0.046947,0.384871,1103.6553,6.9027e+08
0.046947,0.387399,1108.2184,7.0506e+08
0.046947,0.389610,1112.1937,7.1839e+08
0.046947,0.390650,1114.0634,7.2467e+08
0.046947,0.392820,1117.9570,7.3805e+08
0.046947,0.395360,1122.5064,7.5388e+08
0.046947,0.397904,1127.0546,7.6996e+08
0.046947,0.400452,1131.5998,7.8633e+08
0.046947,0.402139,1134.6037,7.9735e+08
0.046947,0.403540,1137.0976,8.0655e+08
0.046947,0.405914,1141.3132,8.2235e+08
0.046947,0.408473,1145.8509,8.3960e+08
0.046947,0.411035,1150.3873,8.5710e+08
0.046947,0.413484,1154.7107,8.7416e+08
0.046947,0.414799,1157.0310,8.8336e+08
0.046947,0.416530,1160.0785,8.9566e+08
0.046947,0.419104,1164.6051,9.1411e+08
0.046947,0.421682,1169.1303,9.3281e+08
0.046947,0.424263,1173.6509,9.5188e+08
0.046947,0.426321,1177.2479,9.6726e+08
0.046947,0.427586,1179.4570,9.7678e+08
0.046947,0.429799,1183.3140,9.9361e+08
0.046947,0.432391,1187.8274,1.0135e+09
0.046947,0.434988,1192.3365,1.0338e+09
0.046947,0.437516,1196.7176,1.0538e+09
0.046947,0.439161,1199.5652,1.0669e+09
0.046947,0.440556,1201.9741,1.0782e+09
0.046947,0.443164,1206.4752,1.0994e+09
0.046947,0.445775,1210.9724,1.1209e+09
0.046947,0.448390,1215.4649,1.1427e+09
0.046947,0.450747,1219.5083,1.1626e+09
0.046947,0.451756,1221.2355,1.1712e+09
0.046947,0.453997,1225.0700,1.1903e+09
0.046947,0.456623,1229.5540,1.2131e+09
0.046947,0.459252,1234.0305,1.2362e+09
0.046947,0.461880,1238.4992,1.2595e+09
0.046947,0.463516,1241.2765,1.2741e+09
0.046947,0.464873,1243.5752,1.2863e+09
0.046947,0.467495,1248.0141,1.3101e+09
0.046947,0.470113,1252.4342,1.3342e+09
0.046947,0.472726,1256.8382,1.3585e+09
0.046947,0.475334,1261.2254,1.3829e+09
0.046947,0.475816,1262.0344,1.3875e+09
0.046947,0.478297,1266.1976,1.4110e+09
0.046947,0.480891,1270.5381,1.4359e+09
0.046947,0.483477,1274.8589,1.4610e+09
0.046947,0.486056,1279.1605,1.4862e+09
0.046947,0.487696,1281.8882,1.5024e+09
0.046947,0.488986,1284.0337,1.5152e+09
0.046947,0.491549,1288.2872,1.5408e+09
0.046947,0.494105,1292.5201,1.5666e+09
0.046947,0.496655,1296.7290,1.5926e+09
0.046947,0.499198,1300.9268,1.6186e+09
0.046947,0.499978,1302.2146,1.6266e+09
0.046947,0.502087,1305.6819,1.6485e+09
0.046947,0.504615,1309.8301,1.6750e+09
0.046947,0.507136,1313.9676,1.7014e+09
0.046947,0.509651,1318.0779,1.7281e+09
0.046947,0.511723,1321.4578,1.7503e+09
0.046947,0.512734,1323.1073,1.7611e+09
0.046947,0.515009,1326.8191,1.7855e+09
0.046947,0.517503,1330.8664,1.8127e+09
0.046947,0.519991,1334.9001,1.8399e+09
0.046947,0.522473,1338.9237,1.8671e+09
0.046947,0.524103,1341.5567,1.8851e+09
0.046947,0.525443,1343.7198,1.9000e+09
0.046947,0.527761,1347.4562,1.9259e+09
0.046947,0.530223,1351.4176,1.9536e+09
0.046947,0.532679,1355.3575,1.9814e+09
0.046947,0.535129,1359.2819,2.0092e+09
0.046947,0.536459,1361.4091,2.0244e+09
0.046947,0.537984,1363.8459,2.0419e+09
0.046947,0.540352,1367.6208,2.0692e+09
0.046947,0.542783,1371.4904,2.0973e+09
0.046947,0.545209,1375.3452,2.1255e+09
0.046947,0.547627,1379.1769,2.1538e+09
0.046947,0.548783,1381.0097,2.1673e+09
0.046947,0.550379,1383.5313,2.1861e+09
0.046947,0.552788,1387.3343,2.2146e+09
0.046947,0.555190,1391.1182,2.2431e+09
0.046947,0.557587,1394.8861,2.2716e+09
0.046947,0.559894,1398.5081,2.2992e+09
0.046947,0.561093,1400.3852,2.3136e+09
0.046947,0.562697,1402.8957,2.3328e+09
0.046947,0.565077,1406.6143,2.3615e+09
0.046947,0.567452,1410.3193,2.3902e+09
0.046947,0.569821,1414.0053,2.4190e+09
0.046947,0.572085,1417.5221,2.4465e+09
0.046947,0.573313,1419.4260,2.4615e+09
0.046947,0.574873,1421.8450,2.4805e+09
0.046947,0.577227,1425.4840,2.5093e+09
0.046947,0.579575,1429.1093,2.5381e+09
0.046947,0.581918,1432.7211,2.5668e+09
0.046947,0.584193,1436.2169,2.5948e+09
0.046947,0.585458,1438.1613,2.6104e+09
0.046947,0.586915,1440.3945,2.6284e+09
0.046947,0.589243,1443.9612,2.6571e+09
0.046947,0.591567,1447.5103,2.6858e+09
0.046947,0.593885,1451.0469,2.7144e+09
0.046947,0.596199,1454.5697,2.7430e+09
0.046947,0.597544,1456.6135,2.7597e+09
0.046947,0.598841,1458.5827,2.7757e+09
0.046947,0.601134,1462.0588,2.8041e+09
0.046947,0.603434,1465.5387,2.8325e+09
0.046947,0.605728,1469.0031,2.8609e+09
0.046947,0.608019,1472.4563,2.8892e+09
0.046947,0.609560,1474.7744,2.9082e+09
0.046947,0.610760,1476.5787,2.9230e+09
0.046947,0.612904,1479.7963,2.9493e+09
0.046947,0.615181,1483.2086,2.9773e+09
0.046947,0.617454,1486.6054,3.0052e+09
0.046947,0.619722,1489.9898,3.0329e+09
0.046947,0.621491,1492.6272,3.0545e+09
0.046947,0.622628,1494.3184,3.0684e+09
0.046947,0.624560,1497.1889,3.0919e+09
0.046947,0.626816,1500.5341,3.1192e+09
0.046947,0.629067,1503.8684,3.1464e+09
0.046947,0.631314,1507.1867,3.1733e+09
0.046947,0.633332,1510.1639,3.1975e+09
0.046947,0.634460,1511.8244,3.2109e+09
0.046947,0.636108,1514.2507,3.2305e+09
0.046947,0.638343,1517.5313,3.2569e+09
0.046947,0.640574,1520.8019,3.2831e+09
0.046947,0.642801,1524.0604,3.3091e+09
0.046947,0.645024,1527.3055,3.3348e+09
0.046947,0.646280,1529.1365,3.3493e+09
0.046947,0.647593,1531.0488,3.3643e+09
0.046947,0.649769,1534.2129,3.3891e+09
0.046947,0.651981,1537.4218,3.4140e+09
0.046947,0.654189,1540.6208,3.4388e+09
0.046947,0.656393,1543.8075,3.4632e+09
0.046947,0.658092,1546.2585,3.4818e+09
0.046947,0.659197,1547.8509,3.4938e+09
0.046947,0.661098,1550.5882,3.5144e+09
0.046947,0.663292,1553.7403,3.5378e+09
0.046947,0.665482,1556.8800,3.5609e+09
0.046947,0.667668,1560.0106,3.5837e+09
0.046947,0.669812,1563.0722,3.6056e+09
0.046947,0.670785,1564.4603,3.6155e+09
0.046947,0.672336,1566.6691,3.6310e+09
0.046947,0.674512,1569.7658,3.6526e+09
0.046947,0.676686,1572.8508,3.6738e+09
0.046947,0.678856,1575.9243,3.6944e+09
0.046947,0.681023,1578.9890,3.7148e+09
0.046947,0.682587,1581.1971,3.7291e+09
0.046947,0.683682,1582.7416,3.7391e+09
0.046947,0.685648,1585.5086,3.7566e+09
0.046947,0.687806,1588.5402,3.7754e+09
0.046947,0.689960,1591.5618,3.7937e+09
0.046947,0.692111,1594.5714,3.8114e+09
0.046947,0.694260,1597.5724,3.8286e+09
0.046947,0.695095,1598.7363,3.8351e+09
0.046947,0.696714,1600.9931,3.8477e+09
0.046947,0.698847,1603.9585,3.8635e+09
0.046947,0.700987,1606.9273,3.8789e+09
0.046947,0.703124,1609.8875,3.8937e+09
0.046947,0.705258,1612.8364,3.9078e+09
0.046947,0.706974,1615.2028,3.9187e+09
0.046947,0.707825,1616.3762,3.9239e+09
0.046947,0.709815,1619.1138,3.9358e+09
0.046947,0.711941,1622.0336,3.9478e+09
0.046947,0.714065,1624.9416,3.9590e+09
0.046947,0.716186,1627.8412,3.9694e+09
0.046947,0.718304,1630.7323,3.9793e+09
0.046947,0.719421,1632.2523,3.9839e+09
0.046947,0.720715,1634.0142,3.9894e+09
0.046947,0.722829,1636.8831,3.9972e+09
0.046947,0.724940,1639.7437,4.0043e+09
0.046947,0.727049,1642.5959,4.0107e+09
0.046947,0.729156,1645.4377,4.0160e+09
0.046947,0.731261,1648.2700,4.0204e+09
0.046947,0.731707,1648.8701,4.0212e+09
0.046947,0.733656,1651.4867,4.0242e+09
0.046947,0.735756,1654.3005,4.0267e+09
0.046947,0.737854,1657.1051,4.0281e+09
0.046947,0.739950,1659.8996,4.0282e+09
0.046947,0.742045,1662.6857,4.0274e+09
0.046947,0.743854,1665.0885,4.0260e+09
0.046947,0.744429,1665.8498,4.0252e+09
0.046947,0.746519,1668.6176,4.0221e+09
0.046947,0.748608,1671.3760,4.0178e+09
0.046947,0.750695,1674.1250,4.0122e+09
0.046947,0.752780,1676.8658,4.0054e+09
0.046947,0.754864,1679.5984,3.9974e+09
0.046947,0.756166,1681.3012,3.9917e+09
0.046947,0.757237,1682.7011,3.9867e+09
0.046947,0.759318,1685.4155,3.9759e+09
0.046947,0.761397,1688.1208,3.9637e+09
0.046947,0.763476,1690.8172,3.9500e+09
0.046947,0.765553,1693.5056,3.9349e+09
0.046947,0.767556,1696.0913,3.9189e+09
0.046947,0.768526,1697.3427,3.9108e+09
0.046947,0.769993,1699.2295,3.8976e+09
0.046947,0.772067,1701.8922,3.8779e+09
0.046947,0.774140,1704.5468,3.8565e+09
0.046947,0.776213,1707.1935,3.8336e+09
0.046947,0.778284,1709.8321,3.8090e+09
0.046947,0.780089,1712.1243,3.7860e+09
0.046947,0.780961,1713.2291,3.7744e+09
0.046947,0.782713,1715.4473,3.7504e+09
0.046947,0.784780,1718.0578,3.7204e+09
0.046947,0.786846,1720.6585,3.6885e+09
0.046947,0.788910,1723.2495,3.6548e+09
0.046947,0.790973,1725.8307,3.6192e+09
0.046947,0.792514,1727.7551,3.5913e+09
0.046947,0.793447,1728.9178,3.5740e+09
0.046947,0.795378,1731.3199,3.5369e+09
0.046947,0.797435,1733.8702,3.4954e+09
0.046947,0.799489,1736.4107,3.4519e+09
0.046947,0.801542,1738.9413,3.4065e+09
0.046947,0.803593,1741.4622,3.3591e+09
0.046947,0.804839,1742.9905,3.3295e+09
0.046947,0.805955,1744.3562,3.3021e+09
0.046947,0.807975,1746.8237,3.2512e+09
0.046947,0.810021,1749.3151,3.1976e+09
0.046947,0.812066,1751.7967,3.1420e+09
0.046947,0.814109,1754.2689,3.0842e+09
0.046947,0.816130,1756.7068,3.0251e+09
0.046947,0.817102,1757.8778,2.9961e+09
0.046947,0.818476,1759.5289,2.9542e+09
0.046947,0.820515,1761.9733,2.8902e+09
0.046947,0.822553,1764.4094,2.8243e+09
0.046947,0.824590,1766.8378,2.7567e+09
0.046947,0.826627,1769.2580,2.6870e+09
0.046947,0.828589,1771.5834,2.6182e+09
0.046947,0.829363,1772.4990,2.5906e+09
0.046947,0.830982,1774.4117,2.5320e+09
0.046947,0.833017,1776.8101,2.4570e+09
0.046947,0.835052,1779.2023,2.3803e+09
0.046947,0.837086,1781.5893,2.3022e+09
0.046947,0.839121,1783.9714,2.2227e+09
0.046947,0.841020,1786.1908,2.1474e+09
0.046947,0.841630,1786.9033,2.1230e+09
0.046947,0.843476,1789.0559,2.0487e+09
0.046947,0.845512,1791.4288,1.9658e+09
0.046947,0.847550,1793.8009,1.8822e+09
0.046947,0.849588,1796.1735,1.7982e+09
0.046947,0.851629,1798.5482,1.7138e+09
0.046947,0.853436,1800.6534,1.6391e+09
0.046947,0.853955,1801.2584,1.6177e+09
0.046947,0.856000,1803.6434,1.5336e+09
0.046947,0.858047,1806.0365,1.4500e+09
0.046947,0.860097,1808.4400,1.3673e+09
0.046947,0.862150,1810.8566,1.2858e+09
0.046947,0.864206,1813.2901,1.2058e+09
0.046947,0.865832,1815.2256,1.1440e+09
0.046947,0.866554,1816.0882,1.1170e+09
0.046947,0.868620,1818.5699,1.0415e+09
0.046947,0.870690,1821.0797,9.6848e+08
0.046947,0.872766,1823.6254,8.9859e+08
0.046947,0.874847,1826.2100,8.3188e+08
0.046947,0.876934,1828.8399,7.6869e+08
0.046947,0.878139,1830.3791,7.3409e+08
0.046947,0.879321,1831.9050,7.0153e+08
0.046947,0.881424,1834.6612,6.4697e+08
0.046947,0.883533,1837.4892,5.9672e+08
0.046947,0.885651,1840.3992,5.5087e+08
0.046947,0.887776,1843.4003,5.0936e+08
0.046947,0.889790,1846.3250,4.7403e+08
0.046947,0.890583,1847.5015,4.6121e+08
0.046947,0.892355,1850.1840,4.3458e+08
0.046947,0.894509,1853.5522,4.0581e+08
0.046947,0.896673,1857.0666,3.8056e+08
0.046947,0.898846,1860.7418,3.5841e+08
0.046947,0.901006,1864.5515,3.3905e+08
0.046947,0.902519,1867.3226,3.2688e+08
0.046947,0.903529,1869.2200,3.1928e+08
0.046947,0.905734,1873.5077,3.0389e+08
0.046947,0.907948,1878.0297,2.8975e+08
0.046947,0.910172,1882.8039,2.7647e+08
0.046947,0.912407,1887.8543,2.6374e+08
0.046947,0.914344,1892.4430,2.5299e+08
0.046947,0.915199,1894.5365,2.4829e+08
0.046947,0.917226,1899.6711,2.3722e+08
0.046947,0.919495,1905.7014,2.2488e+08
0.046947,0.921775,1912.0882,2.1249e+08
0.046947,0.924064,1918.8282,2.0006e+08
0.046947,0.926162,1925.3058,1.8872e+08
0.046947,0.927219,1928.6689,1.8304e+08
0.046947,0.928986,1934.4587,1.7361e+08
0.046947,0.931297,1942.3213,1.6148e+08
0.046947,0.933615,1950.5109,1.4961e+08
0.046947,0.935939,1959.0047,1.3810e+08
0.046947,0.938133,1967.2415,1.2766e+08
0.046947,0.939318,1971.7631,1.2221e+08
0.046947,0.940932,1977.9866,1.1502e+08
0.046947,0.943274,1987.1156,1.0507e+08
0.046947,0.945623,1996.3265,9.5701e+07
0.046947,0.947977,2005.5672,8.6929e+07
0.046947,0.950234,2014.3920,7.9084e+07
0.046947,0.951473,2019.2125,7.5010e+07
0.046947,0.953033,2025.2502,7.0107e+07
0.046947,0.955406,2034.3485,6.3107e+07
0.046947,0.957784,2043.3535,5.6627e+07
0.046947,0.960167,2052.2627,5.0620e+07
0.046947,0.962471,2060.7569,4.5266e+07
0.046947,0.963669,2065.1268,4.2642e+07
0.046947,0.965290,2070.9928,3.9264e+07
0.046947,0.967693,2079.5832,3.4599e+07
0.046947,0.970104,2088.0865,3.0290e+07
0.046947,0.972521,2096.5010,2.6329e+07
0.046947,0.974871,2104.5771,2.2800e+07
0.046947,0.975895,2108.0638,2.1359e+07
0.046947,0.977715,2114.2143,1.8931e+07
0.046947,0.980153,2122.3702,1.5924e+07
0.046947,0.982596,2130.4488,1.3182e+07
0.046947,0.985043,2138.4507,1.0692e+07
0.046947,0.987443,2146.2170,8.4843e+06
0.046947,0.988135,2148.4414,7.8880e+06
0.046947,0.990285,2155.3079,6.1469e+06
0.046947,0.992732,2163.0533,4.3411e+06
0.046947,0.995169,2170.6889,2.7275e+06
0.046947,0.997594,2178.2159,1.2820e+06
0.046947,1.000000,2185.4644,-1.8451e+03
0.048219,0.000000,300.0000,2.0989e+00
0.048219,0.002877,306.4866,2.7841e+03
0.048219,0.005624,313.3086,1.1923e+04
0.048219,0.008325,319.9945,2.7057e+04
0.048219,0.010993,326.5684,4.8157e+04
0.048219,0.012120,329.3335,5.9012e+04
0.048219,0.014014,333.9722,7.9851e+04
0.048219,0.016618,340.3267,1.1403e+05
0.048219,0.019213,346.6387,1.5471e+05
0.048219,0.021792,352.8906,2.0170e+05
0.048219,0.023858,357.8868,2.4509e+05
0.048219,0.025017,360.6826,2.7152e+05
0.048219,0.027259,366.0865,3.2699e+05
0.048219,0.029793,372.1781,3.9763e+05
0.048219,0.032315,378.2258,4.7715e+05
0.048219,0.034826,384.2342,5.6574e+05
0.048219,0.036369,387.9202,6.2555e+05
0.048219,0.037805,391.3465,6.8500e+05
0.048219,0.040164,396.9673,7.8997e+05
0.048219,0.042644,402.8647,9.1272e+05
0.048219,0.045115,408.7284,1.0502e+06
0.048219,0.047553,414.5018,1.1999e+06
0.048219,0.048816,417.4882,1.2850e+06
0.048219,0.050376,421.1723,1.3958e+06
0.048219,0.052824,426.9444,1.5838e+06
0.048219,0.055264,432.6875,1.7939e+06
0.048219,0.057697,438.4034,2.0248e+06
0.048219,0.059955,443.6958,2.2601e+06
0.048219,0.061219,446.6572,2.4017e+06
0.048219,0.062883,450.5489,2.5980e+06
0.048219,0.065298,456.1877,2.9095e+06
0.048219,0.067708,461.8034,3.2500e+06
0.048219,0.070112,467.3955,3.6216e+06
0.048219,0.072273,472.4130,3.9843e+06
0.048219,0.073521,475.3078,4.2048e+06
0.048219,0.075239,479.2873,4.5303e+06
0.048219,0.077629,484.8131,5.0126e+06
0.048219,0.080014,490.3188,5.5341e+06
0.048219,0.082395,495.8039,6.0963e+06
0.048219,0.084517,500.6861,6.6331e+06
0.048219,0.085749,503.5164,6.9614e+06
0.048219,0.087475,507.4750,7.4442e+06
0.048219,0.089844,512.9019,8.1444e+06
0.048219,0.092210,518.3112,8.8905e+06
0.048219,0.094572,523.7022,9.6866e+06
0.048219,0.096696,528.5394,1.0455e+07
0.048219,0.097927,531.3410,1.0912e+07
0.048219,0.099615,535.1763,1.1573e+07
0.048219,0.101968,540.5140,1.2537e+07
0.048219,0.104318,545.8376,1.3545e+07
0.048219,0.106666,551.1440,1.4616e+07
0.048219,0.108816,555.9937,1.5659e+07
0.048219,0.110071,558.8226,1.6279e+07
0.048219,0.111679,562.4412,1.7114e+07
0.048219,0.114019,567.6995,1.8368e+07
0.048219,0.116357,572.9449,1.9671e+07
0.048219,0.118692,578.1725,2.1055e+07
0.048219,0.120883,583.0670,2.2404e+07
0.048219,0.122194,585.9934,2.3232e+07
0.048219,0.123682,589.3127,2.4201e+07
0.048219,0.126012,594.4992,2.5766e+07
0.048219,0.128340,599.6703,2.7409e+07
0.048219,0.130667,604.8307,2.9099e+07
0.048219,0.132902,609.7801,3.0789e+07
0.048219,0.134306,612.8824,3.1883e+07
0.048219,0.135638,615.8247,3.2950e+07
0.048219,0.137960,620.9456,3.4841e+07
0.048219,0.140281,626.0536,3.6802e+07
0.048219,0.142600,631.1482,3.8840e+07
0.048219,0.144880,636.1502,4.0879e+07
0.048219,0.146415,639.5089,4.2320e+07
0.048219,0.147559,642.0115,4.3393e+07
0.048219,0.149875,647.0708,4.5629e+07
0.048219,0.152191,652.1214,4.7912e+07
0.048219,0.154505,657.1567,5.0293e+07
0.048219,0.156819,662.1859,5.2705e+07
0.048219,0.158519,665.8713,5.4548e+07
0.048219,0.159468,667.9282,5.5577e+07
0.048219,0.161767,672.9037,5.8132e+07
0.048219,0.164079,677.8995,6.0756e+07
0.048219,0.166391,682.8824,6.3466e+07
0.048219,0.168703,687.8604,6.6206e+07
0.048219,0.170529,691.7825,6.8456e+07
0.048219,0.171493,693.8505,6.9648e+07
0.048219,0.173647,698.4709,7.2339e+07
0.048219,0.175958,703.4146,7.5317e+07
0.048219,0.178268,708.3523,7.8337e+07
0.048219,0.180579,713.2793,8.1436e+07
0.048219,0.182521,717.4139,8.4076e+07
0.048219,0.183530,719.5583,8.5483e+07
0.048219,0.185524,723.7942,8.8263e+07
0.048219,0.187835,728.6942,9.1568e+07
0.048219,0.190147,733.5890,9.4917e+07
0.048219,0.192459,738.4727,9.8355e+07
0.048219,0.194501,742.7814,1.0143e+08
0.048219,0.195585,745.0662,1.0306e+08
0.048219,0.197408,748.8989,1.0591e+08
0.048219,0.199722,753.7637,1.0952e+08
0.048219,0.202037,758.6154,1.1324e+08
0.048219,0.204352,763.4658,1.1698e+08
0.048219,0.206479,767.9088,1.2052e+08
0.048219,0.207660,770.3725,1.2250e+08
0.048219,0.209310,773.8152,1.2527e+08
0.048219,0.211628,778.6388,1.2928e+08
0.048219,0.213948,783.4620,1.3332e+08
0.048219,0.216269,788.2741,1.3747e+08
0.048219,0.218465,792.8229,1.4143e+08
0.048219,0.219757,795.4983,1.4378e+08
0.048219,0.221239,798.5550,1.4655e+08
0.048219,0.223564,803.3530,1.5090e+08
0.048219,0.225890,808.1428,1.5536e+08
0.048219,0.228219,812.9285,1.5988e+08
0.048219,0.230468,817.5453,1.6432e+08
0.048219,0.231878,820.4329,1.6716e+08
0.048219,0.233205,823.1500,1.6984e+08
0.048219,0.235539,827.9216,1.7461e+08
0.048219,0.237874,832.6846,1.7951e+08
0.048219,0.240211,837.4492,1.8443e+08
0.048219,0.242501,842.1004,1.8943e+08
0.048219,0.244022,845.1902,1.9275e+08
0.048219,0.245218,847.6213,1.9536e+08
0.048219,0.247562,852.3633,2.0069e+08
0.048219,0.249908,857.1096,2.0602e+08
0.048219,0.252256,861.8465,2.1151e+08
0.048219,0.254575,866.5198,2.1701e+08
0.048219,0.256186,869.7653,2.2084e+08
0.048219,0.257287,871.9747,2.2356e+08
0.048219,0.259643,876.7017,2.2938e+08
0.048219,0.262001,881.4293,2.3527e+08
0.048219,0.264361,886.1466,2.4136e+08
0.048219,0.266703,890.8278,2.4740e+08
0.048219,0.268369,894.1462,2.5186e+08
0.048219,0.269420,896.2369,2.5469e+08
0.048219,0.271788,900.9510,2.6108e+08
0.048219,0.274160,905.6578,2.6767e+08
0.048219,0.276534,910.3627,2.7437e+08
0.048219,0.278898,915.0428,2.8111e+08
0.048219,0.280566,918.3353,2.8605e+08
0.048219,0.281623,920.4201,2.8917e+08
0.048219,0.284006,925.1228,2.9621e+08
0.048219,0.286392,929.8117,3.0359e+08
0.048219,0.288781,934.5055,3.1098e+08
0.048219,0.291171,939.1903,3.1857e+08
0.048219,0.292773,942.3237,3.2377e+08
0.048219,0.293903,944.5341,3.2744e+08
0.048219,0.296302,949.2224,3.3530e+08
0.048219,0.298704,953.9000,3.4348e+08
0.048219,0.301109,958.5836,3.5167e+08
0.048219,0.303517,963.2583,3.6016e+08
0.048219,0.304983,966.1012,3.6540e+08
0.048219,0.306265,968.5863,3.6997e+08
0.048219,0.308681,973.2614,3.7875e+08
0.048219,0.311099,977.9290,3.8782e+08
0.048219,0.313521,982.6029,3.9690e+08
0.048219,0.315946,987.2651,4.0637e+08
0.048219,0.317191,989.6564,4.1127e+08
0.048219,0.318714,992.5819,4.1726e+08
0.048219,0.321146,997.2454,4.2704e+08
0.048219,0.323582,1001.9031,4.3710e+08
0.048219,0.326022,1006.5673,4.4717e+08
0.048219,0.328464,1011.2185,4.5769e+08
0.048219,0.329389,1012.9778,4.6170e+08
0.048219,0.331252,1016.5239,4.6977e+08
0.048219,0.333703,1021.1771,4.8062e+08
0.048219,0.336156,1025.8247,4.9178e+08
0.048219,0.338614,1030.4788,5.0294e+08
0.048219,0.341074,1035.1200,5.1460e+08
0.048219,0.341569,1036.0529,5.1696e+08
0.048219,0.343883,1040.4135,5.2798e+08
0.048219,0.346351,1045.0572,5.3998e+08
0.048219,0.348823,1049.6940,5.5233e+08
0.048219,0.351299,1054.3374,5.6470e+08
0.048219,0.353424,1058.3083,5.7569e+08
0.048219,0.354124,1059.6147,5.7935e+08
0.048219,0.356608,1064.2499,5.9235e+08
0.048219,0.359095,1068.8849,6.0555e+08
0.048219,0.361585,1073.5100,6.1919e+08
0.048219,0.364080,1078.1418,6.3286e+08
0.048219,0.365678,1081.1021,6.4179e+08
0.048219,0.366928,1083.4124,6.4896e+08
0.048219,0.369428,1088.0315,6.6329e+08
0.048219,0.371934,1092.6581,6.7774e+08
0.048219,0.374444,1097.2705,6.9277e+08
0.048219,0.376957,1101.8895,7.0783e+08
0.048219,0.377986,1103.7814,7.1400e+08
0.048219,0.379834,1107.1638,7.2547e+08
0.048219,0.382346,1111.7554,7.4119e+08
0.048219,0.384871,1116.3717,7.5699e+08
0.048219,0.387399,1120.9779,7.7329e+08
0.048219,0.389610,1124.9985,7.8774e+08
0.048219,0.390650,1126.8870,7.9461e+08
0.048219,0.392820,1130.8254,8.0907e+08
0.048219,0.395360,1135.4261,8.2620e+08
0.048219,0.397904,1140.0213,8.4371e+08
0.048219,0.400452,1144.6148,8.6148e+08
0.048219,0.402139,1147.6540,8.7333e+08
0.048219,0.403540,1150.1724,8.8336e+08
0.048219,0.405914,1154.4355,9.0040e+08
0.048219,0.408473,1159.0198,9.1912e+08
0.048219,0.411035,1163.6021,9.3812e+08
0.048219,0.413484,1167.9735,9.5649e+08
0.048219,0.414799,1170.3162,9.6649e+08
0.048219,0.416530,1173.3986,9.7969e+08
0.048219,0.419104,1177.9713,9.9964e+08
0.048219,0.421682,1182.5412,1.0199e+09
0.048219,0.424263,1187.1098,1.0404e+09
0.048219,0.426321,1190.7447,1.0570e+09
0.048219,0.427586,1192.9759,1.0672e+09
0.048219,0.429799,1196.8725,1.0854e+09
0.048219,0.432391,1201.4296,1.1069e+09
0.048219,0.434988,1205.9849,1.1287e+09
0.048219,0.437516,1210.4123,1.1501e+09
0.048219,0.439161,1213.2844,1.1643e+09
0.048219,0.440556,1215.7200,1.1764e+09
0.048219,0.443164,1220.2638,1.1992e+09
0.048219,0.445775,1224.8056,1.2223e+09
0.048219,0.448390,1229.3448,1.2456e+09
0.048219,0.450747,1233.4253,1.2670e+09
0.048219,0.451756,1235.1711,1.2761e+09
0.048219,0.453997,1239.0402,1.2968e+09
0.048219,0.456623,1243.5673,1.3211e+09
0.048219,0.459252,1248.0893,1.3457e+09
0.048219,0.461880,1252.5988,1.3707e+09
0.048219,0.463516,1255.4025,1.3864e+09
0.048219,0.464873,1257.7218,1.3995e+09
0.048219,0.467495,1262.2023,1.4249e+09
0.048219,0.470113,1266.6660,1.4506e+09
0.048219,0.472726,1271.1095,1.4765e+09
0.048219,0.475334,1275.5358,1.5026e+09
0.048219,0.475816,1276.3529,1.5075e+09
0.048219,0.478297,1280.5546,1.5325e+09
0.048219,0.480891,1284.9359,1.5591e+09
0.048219,0.483477,1289.2947,1.5858e+09
0.048219,0.486056,1293.6339,1.6126e+09
0.048219,0.487696,1296.3877,1.6298e+09
0.048219,0.488986,1298.5531,1.6434e+09
0.048219,0.491549,1302.8438,1.6706e+09
0.048219,0.494105,1307.1113,1.6980e+09
0.048219,0.496655,1311.3593,1.7256e+09
0.048219,0.499198,1315.5959,1.7531e+09
0.048219,0.499978,1316.8956,1.7616e+09
0.048219,0.502087,1320.3889,1.7849e+09
0.048219,0.504615,1324.5746,1.8129e+09
0.048219,0.507136,1328.7494,1.8408e+09
0.048219,0.509651,1332.8916,1.8691e+09
0.048219,0.511723,1336.3012,1.8926e+09
0.048219,0.512734,1337.9653,1.9040e+09
0.048219,0.515009,1341.7097,1.9298e+09
0.048219,0.517503,1345.7947,1.9584e+09
0.048219,0.519991,1349.8631,1.9871e+09
0.048219,0.522473,1353.9148,2.0159e+09
0.048219,0.524103,1356.5680,2.0350e+09
0.048219,0.525443,1358.7491,2.0507e+09
0.048219,0.527761,1362.5156,2.0780e+09
0.048219,0.530223,1366.5090,2.1071e+09
0.048219,0.532679,1370.4810,2.1363e+09
0.048219,0.535129,1374.4367,2.1656e+09
0.048219,0.536459,1376.5809,2.1816e+09
0.048219,0.537984,1379.0370,2.2000e+09
0.048219,0.540352,1382.8417,2.2286e+09
0.048219,0.542783,1386.7419,2.2582e+09
0.048219,0.545209,1390.6270,2.2877e+09
0.048219,0.547627,1394.4881,2.3174e+09
0.048219,0.548783,1396.3352,2.3316e+09
0.048219,0.550379,1398.8763,2.3513e+09
0.048219,0.552788,1402.7089,2.3811e+09
0.048219,0.555190,1406.5209,2.4109e+09
0.048219,0.557587,1410.3178,2.4408e+09
0.048219,0.559894,1413.9666,2.4696e+09
0.048219,0.561093,1415.8584,2.4846e+09
0.048219,0.562697,1418.3871,2.5048e+09
0.048219,0.565077,1422.1339,2.5347e+09
0.048219,0.567452,1425.8662,2.5647e+09
0.048219,0.569821,1429.5789,2.5946e+09
0.048219,0.572085,1433.1222,2.6233e+09
0.048219,0.573313,1435.0393,2.6389e+09
0.048219,0.574873,1437.4760,2.6588e+09
0.048219,0.577227,1441.1409,2.6887e+09
0.048219,0.579575,1444.7932,2.7187e+09
0.048219,0.581918,1448.4291,2.7486e+09
0.048219,0.584193,1451.9505,2.7777e+09
0.048219,0.585458,1453.9078,2.7938e+09
0.048219,0.586915,1456.1583,2.8125e+09
0.048219,0.589243,1459.7481,2.8423e+09
0.048219,0.591567,1463.3230,2.8721e+09
0.048219,0.593885,1466.8853,2.9018e+09
0.048219,0.596199,1470.4301,2.9314e+09
0.048219,0.597544,1472.4902,2.9486e+09
0.048219,0.598841,1474.4714,2.9652e+09
0.048219,0.601134,1477.9725,2.9946e+09
0.048219,0.603434,1481.4734,3.0240e+09
0.048219,0.605728,1484.9623,3.0533e+09
0.048219,0.608019,1488.4380,3.0825e+09
0.048219,0.609560,1490.7717,3.1021e+09
0.048219,0.610760,1492.5866,3.1174e+09
0.048219,0.612904,1495.8269,3.1446e+09
0.048219,0.615181,1499.2604,3.1734e+09
0.048219,0.617454,1502.6791,3.2021e+09
0.048219,0.619722,1506.0869,3.2307e+09
0.048219,0.621491,1508.7388,3.2529e+09
0.048219,0.622628,1510.4422,3.2671e+09
0.048219,0.624560,1513.3302,3.2912e+09
0.048219,0.626816,1516.6982,3.3193e+09
0.048219,0.629067,1520.0502,3.3471e+09
0.048219,0.631314,1523.3909,3.3748e+09
0.048219,0.633332,1526.3866,3.3995e+09
0.048219,0.634460,1528.0578,3.4133e+09
0.048219,0.636108,1530.4964,3.4333e+09
0.048219,0.638343,1533.7988,3.4603e+09
0.048219,0.640574,1537.0895,3.4871e+09
0.048219,0.642801,1540.3656,3.5136e+09
0.048219,0.645024,1543.6320,3.5399e+09
0.048219,0.646280,1545.4718,3.5546e+09
0.048219,0.647593,1547.3972,3.5700e+09
0.048219,0.649769,1550.5778,3.5952e+09
0.048219,0.651981,1553.8074,3.6207e+09
0.048219,0.654189,1557.0235,3.6457e+09
0.048219,0.656393,1560.2280,3.6705e+09
0.048219,0.658092,1562.6945,3.6895e+09
0.048219,0.659197,1564.2954,3.7016e+09
0.048219,0.661098,1567.0473,3.7225e+09
0.048219,0.663292,1570.2163,3.7462e+09
0.048219,0.665482,1573.3755,3.7696e+09
0.048219,0.667668,1576.5211,3.7925e+09
0.048219,0.669812,1579.5996,3.8147e+09
0.048219,0.670785,1580.9943,3.8246e+09
0.048219,0.672336,1583.2173,3.8404e+09
0.048219,0.674512,1586.3289,3.8620e+09
0.048219,0.676686,1589.4297,3.8832e+09
0.048219,0.678856,1592.5216,3.9041e+09
0.048219,0.681023,1595.6000,3.9243e+09
0.048219,0.682587,1597.8206,3.9388e+09
0.048219,0.683682,1599.3706,3.9486e+09
0.048219,0.685648,1602.1542,3.9662e+09
0.048219,0.687806,1605.1999,3.9849e+09
0.048219,0.689960,1608.2353,4.0030e+09
0.048219,0.692111,1611.2619,4.0207e+09
0.048219,0.694260,1614.2763,4.0377e+09
0.048219,0.695095,1615.4473,4.0443e+09
0.048219,0.696714,1617.7119,4.0564e+09
0.048219,0.698847,1620.6929,4.0722e+09
0.048219,0.700987,1623.6762,4.0873e+09
0.048219,0.703124,1626.6480,4.1016e+09
0.048219,0.705258,1629.6113,4.1154e+09
0.048219,0.706974,1631.9888,4.1260e+09
0.048219,0.707825,1633.1681,4.1312e+09
0.048219,0.709815,1635.9167,4.1425e+09
0.048219,0.711941,1638.8478,4.1540e+09
0.048219,0.714065,1641.7705,4.1648e+09
0.048219,0.716186,1644.6821,4.1747e+09
0.048219,0.718304,1647.5837,4.1837e+09
0.048219,0.719421,1649.1118,4.1883e+09
0.048219,0.720715,1650.8791,4.1931e+09
0.048219,0.722829,1653.7616,4.2006e+09
0.048219,0.724940,1656.6326,4.2069e+09
0.048219,0.727049,1659.4945,4.2123e+09
0.048219,0.729156,1662.3479,4.2169e+09
0.048219,0.731261,1665.1922,4.2206e+09
0.048219,0.731707,1665.7939,4.2212e+09
0.048219,0.733656,1668.4199,4.2233e+09
0.048219,0.735756,1671.2426,4.2247e+09
0.048219,0.737854,1674.0569,4.2250e+09
0.048219,0.739950,1676.8626,4.2244e+09
0.048219,0.742045,1679.6575,4.2225e+09
0.048219,0.743854,1682.0668,4.2198e+09
0.048219,0.744429,1682.8313,4.2189e+09
0.048219,0.746519,1685.6069,4.2145e+09
0.048219,0.748608,1688.3741,4.2090e+09
0.048219,0.750695,1691.1327,4.2023e+09
0.048219,0.752780,1693.8809,4.1941e+09
0.048219,0.754864,1696.6203,4.1846e+09
0.048219,0.756166,1698.3280,4.1781e+09
0.048219,0.757237,1699.7310,4.1722e+09
0.048219,0.759318,1702.4518,4.1599e+09
0.048219,0.761397,1705.1642,4.1462e+09
0.048219,0.763476,1707.8680,4.1311e+09
0.048219,0.765553,1710.5621,4.1143e+09
0.048219,0.767556,1713.1528,4.0966e+09
0.048219,0.768526,1714.4067,4.0877e+09
0.048219,0.769993,1716.2971,4.0733e+09
0.048219,0.772067,1718.9643,4.0516e+09
0.048219,0.774140,1721.6232,4.0283e+09
0.048219,0.776213,1724.2738,4.0033e+09
0.048219,0.778284,1726.9160,3.9767e+09
0.048219,0.780089,1729.2121,3.9521e+09
0.048219,0.780961,1730.3176,3.9395e+09
0.048219,0.782713,1732.5379,3.9136e+09
0.048219,0.784780,1735.1508,3.8814e+09
0.048219,0.786846,1737.7538,3.8472e+09
0.048219,0.788910,1740.3466,3.8112e+09
0.048219,0.790973,1742.9289,3.7733e+09
0.048219,0.792514,1744.8545,3.7436e+09
0.048219,0.793447,1746.0164,3.7251e+09
0.048219,0.795378,1748.4185,3.6855e+09
0.048219,0.797435,1750.9685,3.6414e+09
0.048219,0.799489,1753.5082,3.5953e+09
0.048219,0.801542,1756.0373,3.5471e+09
0.048219,0.803593,1758.5562,3.4970e+09
0.048219,0.804839,1760.0828,3.4655e+09
0.048219,0.805955,1761.4475,3.4366e+09
0.048219,0.807975,1763.9119,3.3828e+09
0.048219,0.810021,1766.3990,3.3261e+09
0.048219,0.812066,1768.8757,3.2672e+09
0.048219,0.814109,1771.3427,3.2063e+09
0.048219,0.816130,1773.7749,3.1441e+09
0.048219,0.817102,1774.9426,3.1134e+09
0.048219,0.818476,1776.5892,3.0693e+09
0.048219,0.820515,1779.0260,3.0018e+09
0.048219,0.822553,1781.4539,2.9325e+09
0.048219,0.824590,1783.8733,2.8613e+09
0.048219,0.826627,1786.2832,2.7879e+09
0.048219,0.828589,1788.5983,2.7155e+09
0.048219,0.829363,1789.5093,2.6865e+09
0.048219,0.830982,1791.4125,2.6249e+09
0.048219,0.833017,1793.7982,2.5460e+09
0.048219,0.835052,1796.1764,2.4654e+09
0.048219,0.837086,1798.5486,2.3834e+09
0.048219,0.839121,1800.9146,2.2998e+09
0.048219,0.841020,1803.1181,2.2208e+09
0.048219,0.841630,1803.8253,2.1951e+09
0.048219,0.843476,1805.9611,2.1171e+09
0.048219,0.845512,1808.3144,2.0301e+09
0.048219,0.847550,1810.6655,1.9424e+09
0.048219,0.849588,1813.0159,1.8541e+09
0.048219,0.851629,1815.3671,1.7656e+09
0.048219,0.853436,1817.4503,1.6872e+09
0.048219,0.853955,1818.0488,1.6647e+09
0.048219,0.856000,1820.4074,1.5765e+09
0.048219,0.858047,1822.7725,1.4889e+09
0.048219,0.860097,1825.1467,1.4021e+09
0.048219,0.862150,1827.5325,1.3167e+09
0.048219,0.864206,1829.9338,1.2329e+09
0.048219,0.865832,1831.8431,1.1682e+09
0.048219,0.866554,1832.6932,1.1399e+09
0.048219,0.868620,1835.1398,1.0609e+09
0.048219,0.870690,1837.6143,9.8463e+08
0.048219,0.872766,1840.1216,9.1151e+08
0.048219,0.874847,1842.6677,8.4188e+08
0.048219,0.876934,1845.2609,7.7623e+08
0.048219,0.878139,1846.7775,7.4022e+08
0.048219,0.879321,1848.2809,7.0633e+08
0.048219,0.881424,1850.9983,6.4970e+08
0.048219,0.883533,1853.7873,5.9760e+08
0.048219,0.885651,1856.6577,5.5009e+08
0.048219,0.887776,1859.6246,5.0738e+08
0.048219,0.889790,1862.5197,4.7115e+08
0.048219,0.890583,1863.6849,4.5800e+08
0.048219,0.892355,1866.3439,4.3073e+08
0.048219,0.894509,1869.6906,4.0142e+08
0.048219,0.896673,1873.1908,3.7578e+08
0.048219,0.898846,1876.8595,3.5332e+08
0.048219,0.901006,1880.6760,3.3376e+08
0.048219,0.902519,1883.4567,3.2143e+08
0.048219,0.903529,1885.3653,3.1373e+08
0.048219,0.905734,1889.6922,2.9814e+08
0.048219,0.907948,1894.2715,2.8374e+08
0.048219,0.910172,1899.1305,2.7017e+08
0.048219,0.912407,1904.2860,2.5708e+08
0.048219,0.914344,1908.9925,2.4599e+08
0.048219,0.915199,1911.1451,2.4113e+08
0.048219,0.917226,1916.4467,2.2969e+08
0.048219,0.919495,1922.6941,2.1691e+08
0.048219,0.921775,1929.3259,2.0411e+08
0.048219,0.924064,1936.3626,1.9133e+08
0.048219,0.926162,1943.1341,1.7973e+08
0.048219,0.927219,1946.6623,1.7395e+08
0.048219,0.928986,1952.7318,1.6440e+08
0.048219,0.931297,1960.9770,1.5220e+08
0.048219,0.933615,1969.5595,1.4039e+08
0.048219,0.935939,1978.4361,1.2905e+08
0.048219,0.938133,1987.0104,1.1886e+08
0.048219,0.939318,1991.7035,1.1359e+08
0.048219,0.940932,1998.1372,1.0666e+08
0.048219,0.943274,2007.5298,9.7159e+07
0.048219,0.945623,2016.9557,8.8287e+07
0.048219,0.947977,2026.3674,8.0021e+07
0.048219,0.950234,2035.3178,7.2676e+07
0.048219,0.951473,2040.1954,6.8866e+07
0.048219,0.953033,2046.2945,6.4293e+07
0.048219,0.955406,2055.4673,5.7787e+07
0.048219,0.957784,2064.5398,5.1758e+07
0.048219,0.960167,2073.5013,4.6200e+07
0.048219,0.962471,2082.0431,4.1244e+07
0.048219,0.963669,2086.4301,3.8839e+07
0.048219,0.965290,2092.3266,3.5717e+07
0.048219,0.967693,2100.9684,3.1407e+07
0.048219,0.970104,2109.5215,2.7443e+07
0.048219,0.972521,2117.9836,2.3811e+07
0.048219,0.974871,2126.1012,2.0592e+07
0.048219,0.975895,2129.6110,1.9266e+07
0.048219,0.977715,2135.8024,1.7043e+07
0.048219,0.980153,2144.0152,1.4300e+07
0.048219,0.982596,2152.1519,1.1808e+07
0.048219,0.985043,2160.2111,9.5568e+06
0.048219,0.987443,2168.0361,7.5622e+06
0.048219,0.988135,2170.2762,7.0267e+06
0.048219,0.990285,2177.1983,5.4555e+06
0.048219,0.992732,2185.0024,3.8435e+06
0.048219,0.995169,2192.7023,2.4033e+06
0.048219,0.997594,2200.2918,1.1258e+06
0.048219,1.000000,2207.6028,1.0108e+03
0.049488,0.000000,300.0000,1.4347e+01
0.049488,0.002877,306.5603,3.0887e+03
0.049488,0.005624,313.5125,1.3141e+04
0.049488,0.008325,320.3279,3.0105e+04
0.049488,0.010993,327.0299,5.3417e+04
0.049488,0.012120,329.8483,6.5455e+04
0.049488,0.014014,334.5763,8.8564e+04
0.049488,0.016618,341.0526,1.2647e+05
0.049488,0.019213,347.4849,1.7153e+05
0.049488,0.021792,353.8547,2.2386e+05
0.049488,0.023858,358.9460,2.7158e+05
0.049488,0.025017,361.7934,3.0135e+05
0.049488,0.027259,367.2980,3.6315e+05
0.049488,0.029793,373.5032,4.4149e+05
0.049488,0.032315,379.6632,5.2951e+05
0.049488,0.034826,385.7820,6.2828e+05
0.049488,0.036369,389.5340,6.9632e+05
0.049488,0.037805,393.0244,7.6107e+05
0.049488,0.040164,398.7457,8.8011e+05
0.049488,0.042644,404.7493,1.0189e+06
0.049488,0.045115,410.7182,1.1732e+06
0.049488,0.047553,416.5926,1.3442e+06
0.049488,0.048816,419.6326,1.4393e+06
0.049488,0.050376,423.3818,1.5644e+06
0.049488,0.052824,429.2535,1.7809e+06
0.049488,0.055264,435.0969,2.0191e+06
0.049488,0.057697,440.9122,2.2811e+06
0.049488,0.059955,446.2958,2.5491e+06
0.049488,0.061219,449.3069,2.7134e+06
0.049488,0.062883,453.2644,2.9395e+06
0.049488,0.065298,458.9992,3.2951e+06
0.049488,0.067708,464.7098,3.6842e+06
0.049488,0.070112,470.3959,4.1089e+06
0.049488,0.072273,475.4969,4.5244e+06
0.049488,0.073521,478.4401,4.7762e+06
0.049488,0.075239,482.4858,5.1462e+06
0.049488,0.077629,488.1027,5.6973e+06
0.049488,0.080014,493.6985,6.2927e+06
0.049488,0.082395,499.2728,6.9342e+06
0.049488,0.084517,504.2339,7.5473e+06
0.049488,0.085749,507.1110,7.9156e+06
0.049488,0.087475,511.1326,8.4680e+06
0.049488,0.089844,516.6462,9.2641e+06
0.049488,0.092210,522.1416,1.0111e+07
0.049488,0.094572,527.6189,1.1008e+07
0.049488,0.096696,532.5337,1.1871e+07
0.049488,0.097927,535.3785,1.2392e+07
0.049488,0.099615,539.2748,1.3133e+07
0.049488,0.101968,544.6964,1.4215e+07
0.049488,0.104318,550.1006,1.5361e+07
0.049488,0.106666,555.4883,1.6564e+07
0.049488,0.108816,560.4138,1.7724e+07
0.049488,0.110071,563.2841,1.8429e+07
0.049488,0.111679,566.9580,1.9360e+07
0.049488,0.114019,572.2955,2.0760e+07
0.049488,0.116357,577.6197,2.2213e+07
0.049488,0.118692,582.9257,2.3750e+07
0.049488,0.120883,587.8930,2.5249e+07
0.049488,0.122194,590.8628,2.6168e+07
0.049488,0.123682,594.2313,2.7241e+07
0.049488,0.126012,599.4941,2.8974e+07
0.049488,0.128340,604.7410,3.0789e+07
0.049488,0.130667,609.9770,3.2651e+07
0.049488,0.132902,614.9978,3.4517e+07
0.049488,0.134306,618.1457,3.5716e+07
0.049488,0.135638,621.1300,3.6891e+07
0.049488,0.137960,626.3251,3.8964e+07
0.049488,0.140281,631.5054,4.1122e+07
0.049488,0.142600,636.6732,4.3347e+07
0.049488,0.144880,641.7462,4.5579e+07
0.049488,0.146415,645.1524,4.7150e+07
0.049488,0.147559,647.6897,4.8326e+07
0.049488,0.149875,652.8211,5.0756e+07
0.049488,0.152191,657.9408,5.3255e+07
0.049488,0.154505,663.0475,5.5834e+07
0.049488,0.156819,668.1470,5.8451e+07
0.049488,0.158519,671.8829,6.0453e+07
0.049488,0.159468,673.9673,6.1575e+07
0.049488,0.161767,679.0130,6.4329e+07
0.049488,0.164079,684.0749,6.7186e+07
0.049488,0.166391,689.1278,7.0100e+07
0.049488,0.168703,694.1708,7.3079e+07
0.049488,0.170529,698.1488,7.5485e+07
0.049488,0.171493,700.2435,7.6778e+07
0.049488,0.173647,704.9273,7.9670e+07
0.049488,0.175958,709.9359,8.2885e+07
0.049488,0.178268,714.9425,8.6113e+07
0.049488,0.180579,719.9317,8.9468e+07
0.049488,0.182521,724.1233,9.2287e+07
0.049488,0.183530,726.2962,9.3796e+07
0.049488,0.185524,730.5847,9.6802e+07
0.049488,0.187835,735.5528,1.0032e+08
0.049488,0.190147,740.5078,1.0394e+08
0.049488,0.192459,745.4592,1.0759e+08
0.049488,0.194501,749.8201,1.1090e+08
0.049488,0.195585,752.1337,1.1266e+08
0.049488,0.197408,756.0200,1.1567e+08
0.049488,0.199722,760.9431,1.1957e+08
0.049488,0.202037,765.8618,1.2351e+08
0.049488,0.204352,770.7695,1.2755e+08
0.049488,0.206479,775.2748,1.3129e+08
0.049488,0.207660,777.7672,1.3342e+08
0.049488,0.209310,781.2500,1.3641e+08
0.049488,0.211628,786.1403,1.4064e+08
0.049488,0.213948,791.0189,1.4500e+08
0.049488,0.216269,795.8976,1.4937e+08
0.049488,0.218465,800.4978,1.5365e+08
0.049488,0.219757,803.2059,1.5616e+08
0.049488,0.221239,806.3069,1.5907e+08
0.049488,0.223564,811.1585,1.6377e+08
0.049488,0.225890,816.0132,1.6847e+08
0.049488,0.228219,820.8532,1.7334e+08
0.049488,0.230468,825.5282,1.7806e+08
0.049488,0.231878,828.4537,1.8107e+08
0.049488,0.233205,831.2004,1.8397e+08
0.049488,0.235539,836.0304,1.8906e+08
0.049488,0.237874,840.8524,1.9428e+08
0.049488,0.240211,845.6702,1.9959e+08
0.049488,0.242501,850.3839,2.0486e+08
0.049488,0.244022,853.5063,2.0846e+08
0.049488,0.245218,855.9630,2.1129e+08
0.049488,0.247562,860.7709,2.1688e+08
0.049488,0.249908,865.5664,2.2267e+08
0.049488,0.252256,870.3663,2.2846e+08
0.049488,0.254575,875.0905,2.3439e+08
0.049488,0.256186,878.3707,2.3855e+08
0.049488,0.257287,880.6118,2.4138e+08
0.049488,0.259643,885.3937,2.4762e+08
0.049488,0.262001,890.1730,2.5397e+08
0.049488,0.264361,894.9519,2.6040e+08
0.049488,0.266703,899.6792,2.6700e+08
0.049488,0.268369,903.0416,2.7169e+08
0.049488,0.269420,905.1614,2.7465e+08
0.049488,0.271788,909.9212,2.8163e+08
0.049488,0.274160,914.6864,2.8862e+08
0.049488,0.276534,919.4444,2.9582e+08
0.049488,0.278898,924.1737,3.0312e+08
0.049488,0.280566,927.5118,3.0827e+08
0.049488,0.281623,929.6190,3.1164e+08
0.049488,0.284006,934.3656,3.1936e+08
0.049488,0.286392,939.1180,3.2708e+08
0.049488,0.288781,943.8581,3.3514e+08
0.049488,0.291171,948.5965,3.4326e+08
0.049488,0.292773,951.7717,3.4871e+08
0.049488,0.293903,954.0019,3.5274e+08
0.049488,0.296302,958.7364,3.6129e+08
0.049488,0.298704,963.4768,3.6985e+08
0.049488,0.301109,968.2016,3.7885e+08
0.049488,0.303517,972.9326,3.8786e+08
0.049488,0.304983,975.8113,3.9339e+08
0.049488,0.306265,978.3178,3.9842e+08
0.049488,0.308681,983.0407,4.0791e+08
0.049488,0.311099,987.7680,4.1745e+08
0.049488,0.313521,992.4812,4.2744e+08
0.049488,0.315946,997.2008,4.3744e+08
0.049488,0.317191,999.6225,4.4260e+08
0.049488,0.318714,1002.5720,4.4919e+08
0.049488,0.321146,1007.2834,4.5973e+08
0.049488,0.323582,1011.9993,4.7032e+08
0.049488,0.326022,1016.7009,4.8141e+08
0.049488,0.328464,1021.4090,4.9251e+08
0.049488,0.329389,1023.1908,4.9671e+08
0.049488,0.331252,1026.7675,5.0553e+08
0.049488,0.333703,1031.4672,5.1722e+08
0.049488,0.336156,1036.1730,5.2894e+08
0.049488,0.338614,1040.8625,5.4124e+08
0.049488,0.341074,1045.5587,5.5355e+08
0.049488,0.341569,1046.5033,5.5602e+08
0.049488,0.343883,1050.9055,5.6792e+08
0.049488,0.346351,1055.5929,5.8087e+08
0.049488,0.348823,1060.2869,5.9384e+08
0.049488,0.351299,1064.9662,6.0738e+08
0.049488,0.353424,1068.9805,6.1906e+08
0.049488,0.354124,1070.3028,6.2290e+08
0.049488,0.356608,1074.9855,6.3679e+08
0.049488,0.359095,1079.6595,6.5111e+08
0.049488,0.361585,1084.3403,6.6544e+08
0.049488,0.364080,1089.0106,6.8026e+08
0.049488,0.365678,1091.9976,6.8988e+08
0.049488,0.366928,1094.3354,6.9741e+08
0.049488,0.369428,1099.0056,7.1257e+08
0.049488,0.371934,1103.6653,7.2834e+08
0.049488,0.374444,1108.3317,7.4413e+08
0.049488,0.376957,1112.9963,7.6019e+08
0.049488,0.377986,1114.9027,7.6689e+08
0.049488,0.379834,1118.3224,7.7900e+08
0.049488,0.382346,1122.9607,7.9570e+08
0.049488,0.384871,1127.6127,8.1280e+08
0.049488,0.387399,1132.2631,8.3016e+08
0.049488,0.389610,1136.3233,8.4551e+08
0.049488,0.390650,1138.2279,8.5287e+08
0.049488,0.392820,1142.2041,8.6825e+08
0.049488,0.395360,1146.8445,8.8658e+08
0.049488,0.397904,1151.4836,9.0518e+08
0.049488,0.400452,1156.1210,9.2404e+08
0.049488,0.402139,1159.1851,9.3674e+08
0.049488,0.403540,1161.7302,9.4730e+08
0.049488,0.405914,1166.0286,9.6552e+08
0.049488,0.408473,1170.6553,9.8538e+08
0.049488,0.411035,1175.2807,1.0055e+09
0.049488,0.413484,1179.6901,1.0251e+09
0.049488,0.414799,1182.0545,1.0356e+09
0.049488,0.416530,1185.1621,1.0497e+09
0.049488,0.419104,1189.7759,1.0709e+09
0.049488,0.421682,1194.3881,1.0923e+09
0.049488,0.424263,1198.9960,1.1141e+09
0.049488,0.426321,1202.6611,1.1316e+09
0.049488,0.427586,1204.9124,1.1425e+09
0.049488,0.429799,1208.8423,1.1617e+09
0.049488,0.432391,1213.4410,1.1844e+09
0.049488,0.434988,1218.0341,1.2075e+09
0.049488,0.437516,1222.4969,1.2303e+09
0.049488,0.439161,1225.3974,1.2451e+09
0.049488,0.440556,1227.8509,1.2579e+09
0.049488,0.443164,1232.4355,1.2820e+09
0.049488,0.445775,1237.0136,1.3064e+09
0.049488,0.448390,1241.5883,1.3311e+09
0.049488,0.450747,1245.7059,1.3535e+09
0.049488,0.451756,1247.4635,1.3633e+09
0.049488,0.453997,1251.3682,1.3849e+09
0.049488,0.456623,1255.9299,1.4106e+09
0.049488,0.459252,1260.4868,1.4366e+09
0.049488,0.461880,1265.0358,1.4628e+09
0.049488,0.463516,1267.8599,1.4793e+09
0.049488,0.464873,1270.2011,1.4930e+09
0.049488,0.467495,1274.7147,1.5198e+09
0.049488,0.470113,1279.2129,1.5468e+09
0.049488,0.472726,1283.6948,1.5740e+09
0.049488,0.475334,1288.1546,1.6014e+09
0.049488,0.475816,1288.9791,1.6065e+09
0.049488,0.478297,1293.2108,1.6329e+09
0.049488,0.480891,1297.6268,1.6607e+09
0.049488,0.483477,1302.0217,1.6886e+09
0.049488,0.486056,1306.3917,1.7168e+09
0.049488,0.487696,1309.1686,1.7348e+09
0.049488,0.488986,1311.3468,1.7490e+09
0.049488,0.491549,1315.6724,1.7775e+09
0.049488,0.494105,1319.9685,1.8063e+09
0.049488,0.496655,1324.2531,1.8350e+09
0.049488,0.499198,1328.5214,1.8637e+09
0.049488,0.499978,1329.8240,1.8727e+09
0.049488,0.502087,1333.3459,1.8970e+09
0.049488,0.504615,1337.5669,1.9261e+09
0.049488,0.507136,1341.7702,1.9553e+09
0.049488,0.509651,1345.9492,1.9847e+09
0.049488,0.511723,1349.3837,2.0091e+09
0.049488,0.512734,1351.0588,2.0211e+09
0.049488,0.515009,1354.8218,2.0481e+09
0.049488,0.517503,1358.9397,2.0778e+09
0.049488,0.519991,1363.0348,2.1078e+09
0.049488,0.522473,1367.1134,2.1378e+09
0.049488,0.524103,1369.7871,2.1576e+09
0.049488,0.525443,1371.9844,2.1738e+09
0.049488,0.527761,1375.7758,2.2022e+09
0.049488,0.530223,1379.7950,2.2325e+09
0.049488,0.532679,1383.7975,2.2628e+09
0.049488,0.535129,1387.7783,2.2933e+09
0.049488,0.536459,1389.9389,2.3098e+09
0.049488,0.537984,1392.4087,2.3289e+09
0.049488,0.540352,1396.2420,2.3586e+09
0.049488,0.542783,1400.1665,2.3892e+09
0.049488,0.545209,1404.0760,2.4199e+09
0.049488,0.547627,1407.9653,2.4506e+09
0.049488,0.548783,1409.8221,2.4653e+09
0.049488,0.550379,1412.3812,2.4857e+09
0.049488,0.552788,1416.2374,2.5165e+09
0.049488,0.555190,1420.0766,2.5473e+09
0.049488,0.557587,1423.8966,2.5782e+09
0.049488,0.559894,1427.5688,2.6079e+09
0.049488,0.561093,1429.4726,2.6235e+09
0.049488,0.562697,1432.0188,2.6442e+09
0.049488,0.565077,1435.7881,2.6751e+09
0.049488,0.567452,1439.5438,2.7060e+09
0.049488,0.569821,1443.2806,2.7369e+09
0.049488,0.572085,1446.8449,2.7665e+09
0.049488,0.573313,1448.7747,2.7826e+09
0.049488,0.574873,1451.2263,2.8030e+09
0.049488,0.577227,1454.9141,2.8338e+09
0.049488,0.579575,1458.5878,2.8646e+09
0.049488,0.581918,1462.2472,2.8954e+09
0.049488,0.584193,1465.7890,2.9253e+09
0.049488,0.585458,1467.7588,2.9419e+09
0.049488,0.586915,1470.0216,2.9611e+09
0.049488,0.589243,1473.6340,2.9917e+09
0.049488,0.591567,1477.2293,3.0223e+09
0.049488,0.593885,1480.8121,3.0527e+09
0.049488,0.596199,1484.3786,3.0831e+09
0.049488,0.597544,1486.4498,3.1008e+09
0.049488,0.598841,1488.4430,3.1178e+09
0.049488,0.601134,1491.9639,3.1479e+09
0.049488,0.603434,1495.4856,3.1780e+09
0.049488,0.605728,1498.9941,3.2080e+09
0.049488,0.608019,1502.4901,3.2378e+09
0.049488,0.609560,1504.8365,3.2579e+09
0.049488,0.610760,1506.6618,3.2735e+09
0.049488,0.612904,1509.9200,3.3013e+09
0.049488,0.615181,1513.3731,3.3308e+09
0.049488,0.617454,1516.8103,3.3600e+09
0.049488,0.619722,1520.2368,3.3892e+09
0.049488,0.621491,1522.9034,3.4118e+09
0.049488,0.622628,1524.6161,3.4264e+09
0.049488,0.624560,1527.5196,3.4509e+09
0.049488,0.626816,1530.9059,3.4796e+09
0.049488,0.629067,1534.2758,3.5079e+09
0.049488,0.631314,1537.6343,3.5361e+09
0.049488,0.633332,1540.6457,3.5612e+09
0.049488,0.634460,1542.3259,3.5752e+09
0.049488,0.636108,1544.7771,3.5956e+09
0.049488,0.638343,1548.0970,3.6230e+09
0.049488,0.640574,1551.4044,3.6503e+09
0.049488,0.642801,1554.6975,3.6772e+09
0.049488,0.645024,1557.9809,3.7039e+09
0.049488,0.646280,1559.8297,3.7188e+09
0.049488,0.647593,1561.7646,3.7344e+09
0.049488,0.649769,1564.9615,3.7599e+09
0.049488,0.651981,1568.2077,3.7857e+09
0.049488,0.654189,1571.4391,3.8111e+09
0.049488,0.656393,1574.6597,3.8362e+09
0.049488,0.658092,1577.1377,3.8553e+09
0.049488,0.659197,1578.7473,3.8677e+09
0.049488,0.661098,1581.5118,3.8887e+09
0.049488,0.663292,1584.6966,3.9126e+09
0.049488,0.665482,1587.8709,3.9363e+09
0.049488,0.667668,1591.0309,3.9594e+09
0.049488,0.669812,1594.1246,3.9817e+09
0.049488,0.670785,1595.5253,3.9917e+09
0.049488,0.672336,1597.7592,4.0076e+09
0.049488,0.674512,1600.8845,4.0294e+09
0.049488,0.676686,1604.0002,4.0507e+09
0.049488,0.678856,1607.1054,4.0717e+09
0.049488,0.681023,1610.1978,4.0920e+09
0.049488,0.682587,1612.4296,4.1066e+09
0.049488,0.683682,1613.9858,4.1164e+09
0.049488,0.685648,1616.7819,4.1340e+09
0.049488,0.687806,1619.8402,4.1527e+09
0.049488,0.689960,1622.8896,4.1709e+09
0.049488,0.692111,1625.9290,4.1886e+09
0.049488,0.694260,1628.9558,4.2055e+09
0.049488,0.695095,1630.1314,4.2120e+09
0.049488,0.696714,1632.4066,4.2242e+09
0.049488,0.698847,1635.4010,4.2400e+09
0.049488,0.700987,1638.3947,4.2548e+09
0.049488,0.703124,1641.3797,4.2692e+09
0.049488,0.705258,1644.3560,4.2830e+09
0.049488,0.706974,1646.7415,4.2932e+09
0.049488,0.707825,1647.9256,4.2984e+09
0.049488,0.709815,1650.6852,4.3095e+09
0.049488,0.711941,1653.6289,4.3209e+09
0.049488,0.714065,1656.5621,4.3315e+09
0.049488,0.716186,1659.4843,4.3411e+09
0.049488,0.718304,1662.3979,4.3501e+09
0.049488,0.719421,1663.9306,4.3544e+09
0.049488,0.720715,1665.7064,4.3593e+09
0.049488,0.722829,1668.5976,4.3662e+09
0.049488,0.724940,1671.4795,4.3722e+09
0.049488,0.727049,1674.3527,4.3775e+09
0.049488,0.729156,1677.2163,4.3818e+09
0.049488,0.731261,1680.0687,4.3849e+09
0.049488,0.731707,1680.6733,4.3855e+09
0.049488,0.733656,1683.3080,4.3873e+09
0.049488,0.735756,1686.1412,4.3884e+09
0.049488,0.737854,1688.9654,4.3885e+09
0.049488,0.739950,1691.7783,4.3872e+09
0.049488,0.742045,1694.5825,4.3849e+09
0.049488,0.743854,1697.0007,4.3821e+09
0.049488,0.744429,1697.7667,4.3809e+09
0.049488,0.746519,1700.5518,4.3762e+09
0.049488,0.748608,1703.3269,4.3701e+09
0.049488,0.750695,1706.0920,4.3627e+09
0.049488,0.752780,1708.8486,4.3541e+09
0.049488,0.754864,1711.5965,4.3442e+09
0.049488,0.756166,1713.3082,4.3373e+09
0.049488,0.757237,1714.7160,4.3313e+09
0.049488,0.759318,1717.4445,4.3185e+09
0.049488,0.761397,1720.1627,4.3040e+09
0.049488,0.763476,1722.8722,4.2881e+09
0.049488,0.765553,1725.5731,4.2708e+09
0.049488,0.767556,1728.1705,4.2526e+09
0.049488,0.768526,1729.4266,4.2433e+09
0.049488,0.769993,1731.3218,4.2285e+09
0.049488,0.772067,1733.9953,4.2063e+09
0.049488,0.774140,1736.6601,4.1824e+09
0.049488,0.776213,1739.3153,4.1566e+09
0.049488,0.778284,1741.9618,4.1291e+09
0.049488,0.780089,1744.2609,4.1037e+09
0.049488,0.780961,1745.3700,4.0912e+09
0.049488,0.782713,1747.5928,4.0644e+09
0.049488,0.784780,1750.2092,4.0313e+09
0.049488,0.786846,1752.8154,3.9963e+09
0.049488,0.788910,1755.4112,3.9594e+09
0.049488,0.790973,1757.9962,3.9206e+09
0.049488,0.792514,1759.9236,3.8903e+09
0.049488,0.793447,1761.0872,3.8714e+09
0.049488,0.795378,1763.4909,3.8310e+09
0.049488,0.797435,1766.0425,3.7859e+09
0.049488,0.799489,1768.5833,3.7388e+09
0.049488,0.801542,1771.1131,3.6897e+09
0.049488,0.803593,1773.6324,3.6385e+09
0.049488,0.804839,1775.1578,3.6061e+09
0.049488,0.805955,1776.5226,3.5767e+09
0.049488,0.807975,1778.9855,3.5216e+09
0.049488,0.810021,1781.4709,3.4637e+09
0.049488,0.812066,1783.9458,3.4036e+09
0.049488,0.814109,1786.4104,3.3415e+09
0.049488,0.816130,1788.8396,3.2779e+09
0.049488,0.817102,1790.0047,3.2464e+09
0.049488,0.818476,1791.6482,3.2013e+09
0.049488,0.820515,1794.0804,3.1324e+09
0.049488,0.822553,1796.5030,3.0615e+09
0.049488,0.824590,1798.9153,2.9885e+09
0.049488,0.826627,1801.3180,2.9134e+09
0.049488,0.828589,1803.6253,2.8393e+09
0.049488,0.829363,1804.5326,2.8096e+09
0.049488,0.830982,1806.4283,2.7464e+09
0.049488,0.833017,1808.8036,2.6655e+09
0.049488,0.835052,1811.1699,2.5827e+09
0.049488,0.837086,1813.5293,2.4984e+09
0.049488,0.839121,1815.8810,2.4124e+09
0.049488,0.841020,1818.0700,2.3309e+09
0.049488,0.841630,1818.7722,2.3045e+09
0.049488,0.843476,1820.8922,2.2240e+09
0.049488,0.845512,1823.2264,2.1342e+09
0.049488,0.847550,1825.5568,2.0434e+09
0.049488,0.849588,1827.8846,1.9520e+09
0.049488,0.851629,1830.2110,1.8602e+09
0.049488,0.853436,1832.2705,1.7787e+09
0.049488,0.853955,1832.8619,1.7553e+09
0.049488,0.856000,1835.1907,1.6634e+09
0.049488,0.858047,1837.5235,1.5718e+09
0.049488,0.860097,1839.8626,1.4811e+09
0.049488,0.862150,1842.2104,1.3914e+09
0.049488,0.864206,1844.5700,1.3033e+09
0.049488,0.865832,1846.4435,1.2349e+09
0.049488,0.866554,1847.2777,1.2051e+09
0.049488,0.868620,1849.6758,1.1215e+09
0.049488,0.870690,1852.0962,1.0404e+09
0.049488,0.872766,1854.5470,9.6259e+08
0.049488,0.874847,1857.0302,8.8800e+08
0.049488,0.876934,1859.5571,8.1759e+08
0.049488,0.878139,1861.0332,7.7882e+08
0.049488,0.879321,1862.4953,7.4226e+08
0.049488,0.881424,1865.1355,6.8100e+08
0.049488,0.883533,1867.8423,6.2443e+08
0.049488,0.885651,1870.6256,5.7268e+08
0.049488,0.887776,1873.4998,5.2597e+08
0.049488,0.889790,1876.3043,4.8629e+08
0.049488,0.890583,1877.4327,4.7187e+08
0.049488,0.892355,1880.0082,4.4194e+08
0.049488,0.894509,1883.2511,4.0977e+08
0.049488,0.896673,1886.6431,3.8161e+08
0.049488,0.898846,1890.2063,3.5710e+08
0.049488,0.901006,1893.9176,3.3583e+08
0.049488,0.902519,1896.6270,3.2250e+08
0.049488,0.903529,1898.4901,3.1423e+08
0.049488,0.905734,1902.7225,2.9756e+08
0.049488,0.907948,1907.2164,2.8231e+08
0.049488,0.910172,1911.9997,2.6804e+08
0.049488,0.912407,1917.1032,2.5438e+08
0.049488,0.914344,1921.7812,2.4286e+08
0.049488,0.915199,1923.9311,2.3782e+08
0.049488,0.917226,1929.2351,2.2598e+08
0.049488,0.919495,1935.5178,2.1280e+08
0.049488,0.921775,1942.2216,1.9962e+08
0.049488,0.924064,1949.3707,1.8651e+08
0.049488,0.926162,1956.2866,1.7464e+08
0.049488,0.927219,1959.8928,1.6875e+08
0.049488,0.928986,1966.1220,1.5904e+08
0.049488,0.931297,1974.5991,1.4672e+08
0.049488,0.933615,1983.4367,1.3486e+08
0.049488,0.935939,1992.5773,1.2355e+08
0.049488,0.938133,2001.4016,1.1348e+08
0.049488,0.939318,2006.2202,1.0827e+08
0.049488,0.940932,2012.8175,1.0148e+08
0.049488,0.943274,2022.4271,9.2212e+07
0.049488,0.945623,2032.0447,8.3592e+07
0.049488,0.947977,2041.6226,7.5603e+07
0.049488,0.950234,2050.7119,6.8524e+07
0.049488,0.951473,2055.6576,6.4866e+07
0.049488,0.953033,2061.8367,6.0477e+07
0.049488,0.955406,2071.1277,5.4227e+07
0.049488,0.957784,2080.3048,4.8465e+07
0.049488,0.960167,2089.3646,4.3159e+07
0.049488,0.962471,2097.9921,3.8449e+07
0.049488,0.963669,2102.4293,3.6144e+07
0.049488,0.965290,2108.3905,3.3170e+07
0.049488,0.967693,2117.1215,2.9090e+07
0.049488,0.970104,2125.7629,2.5342e+07
0.049488,0.972521,2134.3070,2.1925e+07
0.049488,0.974871,2142.5129,1.8876e+07
0.049488,0.975895,2146.0559,1.7640e+07
0.049488,0.977715,2152.3147,1.5550e+07
0.049488,0.980153,2160.6117,1.2996e+07
0.049488,0.982596,2168.8335,1.0681e+07
0.049488,0.985043,2176.9775,8.6002e+06
0.049488,0.987443,2184.8826,6.7679e+06
0.049488,0.988135,2187.1458,6.2782e+06
0.049488,0.990285,2194.1407,4.8446e+06
0.049488,0.992732,2202.0253,3.3904e+06
0.049488,0.995169,2209.8059,2.1042e+06
0.049488,0.997594,2217.4732,9.8268e+05
0.049488,1.000000,2224.8804,9.3264e+03
0.050753,0.000000,300.0000,-9.3506e+00
0.050753,0.002877,306.6143,3.2809e+03
0.050753,0.005624,313.6803,1.4188e+04
0.050753,0.008325,320.6108,3.2277e+04
0.050753,0.010993,327.4246,5.7414e+04
0.050753,0.012120,330.2897,7.0425e+04
0.050753,0.014014,335.0963,9.5201e+04
0.050753,0.016618,341.6789,1.3602e+05
0.050753,0.019213,348.2163,1.8451e+05
0.050753,0.021792,354.6879,2.4138e+05
0.050753,0.023858,359.8605,2.9306e+05
0.050753,0.025017,362.7546,3.2455e+05
0.050753,0.027259,368.3462,3.9151e+05
0.050753,0.029793,374.6484,4.7675e+05
0.050753,0.032315,380.9042,5.7249e+05
0.050753,0.034826,387.1177,6.7984e+05
0.050753,0.036369,390.9306,7.5086e+05
0.050753,0.037805,394.4714,8.2436e+05
0.050753,0.040164,400.2824,9.5171e+05
0.050753,0.042644,406.3757,1.1041e+06
0.050753,0.045115,412.4340,1.2727e+06
0.050753,0.047553,418.3954,1.4605e+06
0.050753,0.048816,421.4802,1.5649e+06
0.050753,0.050376,425.2845,1.7023e+06
0.050753,0.052824,431.2418,1.9404e+06
0.050753,0.055264,437.1698,2.2029e+06
0.050753,0.057697,443.0687,2.4919e+06
0.050753,0.059955,448.5291,2.7876e+06
0.050753,0.061219,451.5829,2.9690e+06
0.050753,0.062883,455.5965,3.2183e+06
0.050753,0.065298,461.4118,3.6110e+06
0.050753,0.067708,467.2021,4.0406e+06
0.050753,0.070112,472.9669,4.5094e+06
0.050753,0.072273,478.1382,4.9673e+06
0.050753,0.073521,481.1222,5.2425e+06
0.050753,0.075239,485.2223,5.6536e+06
0.050753,0.077629,490.9153,6.2601e+06
0.050753,0.080014,496.5866,6.9146e+06
0.050753,0.082395,502.2356,7.6186e+06
0.050753,0.084517,507.2630,8.2894e+06
0.050753,0.085749,510.1773,8.6975e+06
0.050753,0.087475,514.2526,9.2988e+06
0.050753,0.089844,519.8389,1.0168e+07
0.050753,0.092210,525.4068,1.1088e+07
0.050753,0.094572,530.9539,1.2075e+07
0.050753,0.096696,535.9320,1.3015e+07
0.050753,0.097927,538.8135,1.3580e+07
0.050753,0.099615,542.7593,1.4387e+07
0.050753,0.101968,548.2492,1.5565e+07
0.050753,0.104318,553.7217,1.6805e+07
0.050753,0.106666,559.1767,1.8110e+07
0.050753,0.108816,564.1617,1.9374e+07
0.050753,0.110071,567.0700,2.0118e+07
0.050753,0.111679,570.7885,2.1128e+07
0.050753,0.114019,576.1931,2.2629e+07
0.050753,0.116357,581.5805,2.4207e+07
0.050753,0.118692,586.9512,2.5859e+07
0.050753,0.120883,591.9806,2.7455e+07
0.050753,0.122194,594.9842,2.8454e+07
0.050753,0.123682,598.3954,2.9589e+07
0.050753,0.126012,603.7183,3.1465e+07
0.050753,0.128340,609.0297,3.3390e+07
0.050753,0.130667,614.3278,3.5379e+07
0.050753,0.132902,619.4060,3.7381e+07
0.050753,0.134306,622.5924,3.8648e+07
0.050753,0.135638,625.6118,3.9897e+07
0.050753,0.137960,630.8668,4.2108e+07
0.050753,0.140281,636.1059,4.4408e+07
0.050753,0.142600,641.3364,4.6748e+07
0.050753,0.144880,646.4628,4.9148e+07
0.050753,0.146415,649.9130,5.0776e+07
0.050753,0.147559,652.4765,5.2039e+07
0.050753,0.149875,657.6679,5.4598e+07
0.050753,0.152191,662.8422,5.7261e+07
0.050753,0.154505,668.0102,5.9955e+07
0.050753,0.156819,673.1613,6.2754e+07
0.050753,0.158519,676.9445,6.4822e+07
0.050753,0.159468,679.0497,6.6020e+07
0.050753,0.161767,684.1506,6.8925e+07
0.050753,0.164079,689.2678,7.1932e+07
0.050753,0.166391,694.3785,7.4977e+07
0.050753,0.168703,699.4730,7.8129e+07
0.050753,0.170529,703.4969,8.0635e+07
0.050753,0.171493,705.6158,8.1981e+07
0.050753,0.173647,710.3442,8.5055e+07
0.050753,0.175958,715.4124,8.8381e+07
0.050753,0.178268,720.4662,9.1808e+07
0.050753,0.180579,725.5146,9.5274e+07
0.050753,0.182521,729.7451,9.8263e+07
0.050753,0.183530,731.9442,9.9817e+07
0.050753,0.185524,736.2792,1.0295e+08
0.050753,0.187835,741.2970,1.0664e+08
0.050753,0.190147,746.3063,1.1040e+08
0.050753,0.192459,751.3068,1.1423e+08
0.050753,0.194501,755.7166,1.1767e+08
0.050753,0.195585,758.0506,1.1953e+08
0.050753,0.197408,761.9781,1.2266e+08
0.050753,0.199722,766.9527,1.2672e+08
0.050753,0.202037,771.9202,1.3084e+08
0.050753,0.204352,776.8802,1.3503e+08
0.050753,0.206479,781.4271,1.3896e+08
0.050753,0.207660,783.9504,1.4114e+08
0.050753,0.209310,787.4667,1.4427e+08
0.050753,0.211628,792.4033,1.4870e+08
0.050753,0.213948,797.3350,1.5321e+08
0.050753,0.216269,802.2567,1.5782e+08
0.050753,0.218465,806.9104,1.6221e+08
0.050753,0.219757,809.6406,1.6487e+08
0.050753,0.221239,812.7690,1.6793e+08
0.050753,0.223564,817.6767,1.7275e+08
0.050753,0.225890,822.5704,1.7773e+08
0.050753,0.228219,827.4672,1.8272e+08
0.050753,0.230468,832.1806,1.8772e+08
0.050753,0.231878,835.1345,1.9086e+08
0.050753,0.233205,837.9141,1.9382e+08
0.050753,0.235539,842.7853,1.9919e+08
0.050753,0.237874,847.6565,2.0461e+08
0.050753,0.240211,852.5204,2.1016e+08
0.050753,0.242501,857.2761,2.1569e+08
0.050753,0.244022,860.4353,2.1937e+08
0.050753,0.245218,862.9130,2.2235e+08
0.050753,0.247562,867.7603,2.2826e+08
0.050753,0.249908,872.6108,2.3419e+08
0.050753,0.252256,877.4460,2.4038e+08
0.050753,0.254575,882.2219,2.4648e+08
0.050753,0.256186,885.5322,2.5083e+08
0.050753,0.257287,887.7895,2.5386e+08
0.050753,0.259643,892.6190,2.6035e+08
0.050753,0.262001,897.4435,2.6698e+08
0.050753,0.264361,902.2617,2.7378e+08
0.050753,0.266703,907.0418,2.8055e+08
0.050753,0.268369,910.4275,2.8558e+08
0.050753,0.269420,912.5624,2.8874e+08
0.050753,0.271788,917.3762,2.9589e+08
0.050753,0.274160,922.1783,3.0332e+08
0.050753,0.276534,926.9814,3.1083e+08
0.050753,0.278898,931.7565,3.1843e+08
0.050753,0.280566,935.1168,3.2396e+08
0.050753,0.281623,937.2446,3.2747e+08
0.050753,0.284006,942.0438,3.3538e+08
0.050753,0.286392,946.8271,3.4369e+08
0.050753,0.288781,951.6163,3.5201e+08
0.050753,0.291171,956.3953,3.6055e+08
0.050753,0.292773,959.5915,3.6640e+08
0.050753,0.293903,961.8462,3.7053e+08
0.050753,0.296302,966.6291,3.7937e+08
0.050753,0.298704,971.3991,3.8859e+08
0.050753,0.301109,976.1753,3.9783e+08
0.050753,0.303517,980.9434,4.0737e+08
0.050753,0.304983,983.8416,4.1328e+08
0.050753,0.306265,986.3752,4.1845e+08
0.050753,0.308681,991.1440,4.2830e+08
0.050753,0.311099,995.9012,4.3854e+08
0.050753,0.313521,1000.6647,4.4880e+08
0.050753,0.315946,1005.4197,4.5941e+08
0.050753,0.317191,1007.8562,4.6495e+08
0.050753,0.318714,1010.8369,4.7172e+08
0.050753,0.321146,1015.5936,4.8265e+08
0.050753,0.323582,1020.3378,4.9403e+08
0.050753,0.326022,1025.0887,5.0543e+08
0.050753,0.328464,1029.8321,5.1717e+08
0.050753,0.329389,1031.6235,5.2171e+08
0.050753,0.331252,1035.2344,5.3085e+08
0.050753,0.333703,1039.9804,5.4293e+08
0.050753,0.336156,1044.7114,5.5555e+08
0.050753,0.338614,1049.4491,5.6820e+08
0.050753,0.341074,1054.1822,5.8114e+08
0.050753,0.341569,1055.1316,5.8381e+08
0.050753,0.343883,1059.5689,5.9630e+08
0.050753,0.346351,1064.3040,6.0962e+08
0.050753,0.348823,1069.0223,6.2356e+08
0.050753,0.351299,1073.7460,6.3756e+08
0.050753,0.353424,1077.7975,6.4966e+08
0.050753,0.354124,1079.1261,6.5381e+08
0.050753,0.356608,1083.8399,6.6852e+08
0.050753,0.359095,1088.5605,6.8324e+08
0.050753,0.361585,1093.2696,6.9849e+08
0.050753,0.364080,1097.9783,7.1394e+08
0.050753,0.365678,1100.9948,7.2384e+08
0.050753,0.366928,1103.3515,7.3170e+08
0.050753,0.369428,1108.0457,7.4790e+08
0.050753,0.371934,1112.7508,7.6413e+08
0.050753,0.374444,1117.4540,7.8063e+08
0.050753,0.376957,1122.1521,7.9749e+08
0.050753,0.377986,1124.0716,8.0453e+08
0.050753,0.379834,1127.5176,8.1718e+08
0.050753,0.382346,1132.1891,8.3468e+08
0.050753,0.384871,1136.8774,8.5251e+08
0.050753,0.387399,1141.5641,8.7060e+08
0.050753,0.389610,1145.6513,8.8672e+08
0.050753,0.390650,1147.5737,8.9430e+08
0.050753,0.392820,1151.5758,9.1045e+08
0.050753,0.395360,1156.2519,9.2954e+08
0.050753,0.397904,1160.9267,9.4890e+08
0.050753,0.400452,1165.5959,9.6863e+08
0.050753,0.402139,1168.6830,9.8185e+08
0.050753,0.403540,1171.2443,9.9292e+08
0.050753,0.405914,1175.5755,1.0119e+09
0.050753,0.408473,1180.2373,1.0325e+09
0.050753,0.411035,1184.8934,1.0535e+09
0.050753,0.413484,1189.3337,1.0739e+09
0.050753,0.414799,1191.7159,1.0849e+09
0.050753,0.416530,1194.8453,1.0995e+09
0.050753,0.419104,1199.4936,1.1215e+09
0.050753,0.421682,1204.1352,1.1438e+09
0.050753,0.424263,1208.7748,1.1665e+09
0.050753,0.426321,1212.4685,1.1847e+09
0.050753,0.427586,1214.7326,1.1960e+09
0.050753,0.429799,1218.6922,1.2159e+09
0.050753,0.432391,1223.3189,1.2396e+09
0.050753,0.434988,1227.9436,1.2636e+09
0.050753,0.437516,1232.4390,1.2871e+09
0.050753,0.439161,1235.3554,1.3027e+09
0.050753,0.440556,1237.8290,1.3158e+09
0.050753,0.443164,1242.4409,1.3408e+09
0.050753,0.445775,1247.0506,1.3661e+09
0.050753,0.448390,1251.6581,1.3916e+09
0.050753,0.450747,1255.7997,1.4150e+09
0.050753,0.451756,1257.5719,1.4250e+09
0.050753,0.453997,1261.4977,1.4475e+09
0.050753,0.456623,1266.0913,1.4741e+09
0.050753,0.459252,1270.6799,1.5009e+09
0.050753,0.461880,1275.2549,1.5281e+09
0.050753,0.463516,1278.0993,1.5451e+09
0.050753,0.464873,1280.4520,1.5594e+09
0.050753,0.467495,1284.9970,1.5870e+09
0.050753,0.470113,1289.5242,1.6149e+09
0.050753,0.472726,1294.0309,1.6430e+09
0.050753,0.475334,1298.5202,1.6713e+09
0.050753,0.475816,1299.3485,1.6766e+09
0.050753,0.478297,1303.6099,1.7037e+09
0.050753,0.480891,1308.0511,1.7324e+09
0.050753,0.483477,1312.4708,1.7613e+09
0.050753,0.486056,1316.8708,1.7902e+09
0.050753,0.487696,1319.6612,1.8088e+09
0.050753,0.488986,1321.8560,1.8234e+09
0.050753,0.491549,1326.1994,1.8529e+09
0.050753,0.494105,1330.5276,1.8824e+09
0.050753,0.496655,1334.8443,1.9118e+09
0.050753,0.499198,1339.1252,1.9417e+09
0.050753,0.499978,1340.4373,1.9509e+09
0.050753,0.502087,1343.9851,1.9757e+09
0.050753,0.504615,1348.2370,2.0055e+09
0.050753,0.507136,1352.4571,2.0357e+09
0.050753,0.509651,1356.6595,2.0659e+09
0.050753,0.511723,1360.1163,2.0910e+09
0.050753,0.512734,1361.8006,2.1032e+09
0.050753,0.515009,1365.5842,2.1310e+09
0.050753,0.517503,1369.7232,2.1616e+09
0.050753,0.519991,1373.8455,2.1922e+09
0.050753,0.522473,1377.9446,2.2230e+09
0.050753,0.524103,1380.6346,2.2432e+09
0.050753,0.525443,1382.8409,2.2600e+09
0.050753,0.527761,1386.6570,2.2890e+09
0.050753,0.530223,1390.6967,2.3200e+09
0.050753,0.532679,1394.7191,2.3511e+09
0.050753,0.535129,1398.7258,2.3822e+09
0.050753,0.536459,1400.8939,2.3992e+09
0.050753,0.537984,1403.3792,2.4187e+09
0.050753,0.540352,1407.2307,2.4491e+09
0.050753,0.542783,1411.1805,2.4804e+09
0.050753,0.545209,1415.1079,2.5117e+09
0.050753,0.547627,1419.0174,2.5431e+09
0.050753,0.548783,1420.8839,2.5581e+09
0.050753,0.550379,1423.4594,2.5789e+09
0.050753,0.552788,1427.3331,2.6104e+09
0.050753,0.555190,1431.1922,2.6419e+09
0.050753,0.557587,1435.0338,2.6733e+09
0.050753,0.559894,1438.7221,2.7037e+09
0.050753,0.561093,1440.6377,2.7196e+09
0.050753,0.562697,1443.1959,2.7407e+09
0.050753,0.565077,1446.9855,2.7722e+09
0.050753,0.567452,1450.7577,2.8037e+09
0.050753,0.569821,1454.5162,2.8352e+09
0.050753,0.572085,1458.0967,2.8653e+09
0.050753,0.573313,1460.0382,2.8817e+09
0.050753,0.574873,1462.4982,2.9025e+09
0.050753,0.577227,1466.2079,2.9339e+09
0.050753,0.579575,1469.8973,2.9652e+09
0.050753,0.581918,1473.5735,2.9965e+09
0.050753,0.584193,1477.1348,3.0269e+09
0.050753,0.585458,1479.1126,3.0438e+09
0.050753,0.586915,1481.3861,3.0633e+09
0.050753,0.589243,1485.0159,3.0944e+09
0.050753,0.591567,1488.6295,3.1254e+09
0.050753,0.593885,1492.2272,3.1564e+09
0.050753,0.596199,1495.8134,3.1873e+09
0.050753,0.597544,1497.8913,3.2052e+09
0.050753,0.598841,1499.8955,3.2225e+09
0.050753,0.601134,1503.4310,3.2530e+09
0.050753,0.603434,1506.9719,3.2835e+09
0.050753,0.605728,1510.4946,3.3139e+09
0.050753,0.608019,1514.0063,3.3442e+09
0.050753,0.609560,1516.3638,3.3645e+09
0.050753,0.610760,1518.1988,3.3804e+09
0.050753,0.612904,1521.4699,3.4086e+09
0.050753,0.615181,1524.9394,3.4384e+09
0.050753,0.617454,1528.3921,3.4681e+09
0.050753,0.619722,1531.8323,3.4976e+09
0.050753,0.621491,1534.5125,3.5205e+09
0.050753,0.622628,1536.2320,3.5352e+09
0.050753,0.624560,1539.1484,3.5601e+09
0.050753,0.626816,1542.5481,3.5890e+09
0.050753,0.629067,1545.9348,3.6178e+09
0.050753,0.631314,1549.3065,3.6462e+09
0.050753,0.633332,1552.3321,3.6717e+09
0.050753,0.634460,1554.0178,3.6859e+09
0.050753,0.636108,1556.4809,3.7065e+09
0.050753,0.638343,1559.8137,3.7342e+09
0.050753,0.640574,1563.1364,3.7618e+09
0.050753,0.642801,1566.4427,3.7889e+09
0.050753,0.645024,1569.7388,3.8159e+09
0.050753,0.646280,1571.5962,3.8310e+09
0.050753,0.647593,1573.5400,3.8468e+09
0.050753,0.649769,1576.7492,3.8726e+09
0.050753,0.651981,1580.0078,3.8986e+09
0.050753,0.654189,1583.2538,3.9243e+09
0.050753,0.656393,1586.4867,3.9496e+09
0.050753,0.658092,1588.9757,3.9690e+09
0.050753,0.659197,1590.5904,3.9814e+09
0.050753,0.661098,1593.3670,4.0027e+09
0.050753,0.663292,1596.5638,4.0268e+09
0.050753,0.665482,1599.7508,4.0507e+09
0.050753,0.667668,1602.9236,4.0741e+09
0.050753,0.669812,1606.0289,4.0967e+09
0.050753,0.670785,1607.4354,4.1068e+09
0.050753,0.672336,1609.6780,4.1228e+09
0.050753,0.674512,1612.8155,4.1448e+09
0.050753,0.676686,1615.9429,4.1664e+09
0.050753,0.678856,1619.0607,4.1876e+09
0.050753,0.681023,1622.1645,4.2081e+09
0.050753,0.682587,1624.4044,4.2228e+09
0.050753,0.683682,1625.9667,4.2328e+09
0.050753,0.685648,1628.7737,4.2507e+09
0.050753,0.687806,1631.8432,4.2695e+09
0.050753,0.689960,1634.9038,4.2880e+09
0.050753,0.692111,1637.9547,4.3059e+09
0.050753,0.694260,1640.9925,4.3230e+09
0.050753,0.695095,1642.1725,4.3297e+09
0.050753,0.696714,1644.4559,4.3420e+09
0.050753,0.698847,1647.4613,4.3580e+09
0.050753,0.700987,1650.4658,4.3732e+09
0.050753,0.703124,1653.4615,4.3878e+09
0.050753,0.705258,1656.4486,4.4018e+09
0.050753,0.706974,1658.8423,4.4123e+09
0.050753,0.707825,1660.0306,4.4175e+09
0.050753,0.709815,1662.8000,4.4290e+09
0.050753,0.711941,1665.7542,4.4407e+09
0.050753,0.714065,1668.6972,4.4515e+09
0.050753,0.716186,1671.6297,4.4614e+09
0.050753,0.718304,1674.5537,4.4707e+09
0.050753,0.719421,1676.0912,4.4752e+09
0.050753,0.720715,1677.8735,4.4803e+09
0.050753,0.722829,1680.7739,4.4875e+09
0.050753,0.724940,1683.6658,4.4940e+09
0.050753,0.727049,1686.5491,4.4997e+09
0.050753,0.729156,1689.4212,4.5042e+09
0.050753,0.731261,1692.2834,4.5078e+09
0.050753,0.731707,1692.8897,4.5085e+09
0.050753,0.733656,1695.5336,4.5107e+09
0.050753,0.735756,1698.3765,4.5123e+09
0.050753,0.737854,1701.2085,4.5127e+09
0.050753,0.739950,1704.0308,4.5119e+09
0.050753,0.742045,1706.8444,4.5102e+09
0.050753,0.743854,1709.2704,4.5079e+09
0.050753,0.744429,1710.0390,4.5068e+09
0.050753,0.746519,1712.8323,4.5026e+09
0.050753,0.748608,1715.6151,4.4970e+09
0.050753,0.750695,1718.3893,4.4902e+09
0.050753,0.752780,1721.1548,4.4823e+09
0.050753,0.754864,1723.9116,4.4732e+09
0.050753,0.756166,1725.6270,4.4665e+09
0.050753,0.757237,1727.0396,4.4609e+09
0.050753,0.759318,1729.7748,4.4486e+09
0.050753,0.761397,1732.5013,4.4349e+09
0.050753,0.763476,1735.2192,4.4199e+09
0.050753,0.765553,1737.9283,4.4035e+09
0.050753,0.767556,1740.5331,4.3862e+09
0.050753,0.768526,1741.7918,4.3770e+09
0.050753,0.769993,1743.6929,4.3630e+09
0.050753,0.772067,1746.3726,4.3415e+09
0.050753,0.774140,1749.0437,4.3183e+09
0.050753,0.776213,1751.7061,4.2936e+09
0.050753,0.778284,1754.3597,4.2671e+09
0.050753,0.780089,1756.6654,4.2428e+09
0.050753,0.780961,1757.7757,4.2304e+09
0.050753,0.782713,1760.0047,4.2047e+09
0.050753,0.784780,1762.6277,4.1727e+09
0.050753,0.786846,1765.2402,4.1389e+09
0.050753,0.788910,1767.8420,4.1032e+09
0.050753,0.790973,1770.4327,4.0655e+09
0.050753,0.792514,1772.3636,4.0360e+09
0.050753,0.793447,1773.5293,4.0176e+09
0.050753,0.795378,1775.9381,3.9783e+09
0.050753,0.797435,1778.4943,3.9345e+09
0.050753,0.799489,1781.0395,3.8886e+09
0.050753,0.801542,1783.5734,3.8407e+09
0.050753,0.803593,1786.0962,3.7906e+09
0.050753,0.804839,1787.6248,3.7593e+09
0.050753,0.805955,1788.9904,3.7303e+09
0.050753,0.807975,1791.4565,3.6765e+09
0.050753,0.810021,1793.9449,3.6199e+09
0.050753,0.812066,1796.4223,3.5611e+09
0.050753,0.814109,1798.8888,3.5002e+09
0.050753,0.816130,1801.3189,3.4377e+09
0.050753,0.817102,1802.4844,3.4068e+09
0.050753,0.818476,1804.1281,3.3624e+09
0.050753,0.820515,1806.5605,3.2946e+09
0.050753,0.822553,1808.9826,3.2248e+09
0.050753,0.824590,1811.3934,3.1527e+09
0.050753,0.826627,1813.7940,3.0785e+09
0.050753,0.828589,1816.0983,3.0051e+09
0.050753,0.829363,1817.0044,2.9756e+09
0.050753,0.830982,1818.8967,2.9129e+09
0.050753,0.833017,1821.2666,2.8324e+09
0.050753,0.835052,1823.6269,2.7500e+09
0.050753,0.837086,1825.9784,2.6657e+09
0.050753,0.839121,1828.3214,2.5798e+09
0.050753,0.841020,1830.5004,2.4980e+09
0.050753,0.841630,1831.1994,2.4715e+09
0.050753,0.843476,1833.3077,2.3904e+09
0.050753,0.845512,1835.6275,2.2997e+09
0.050753,0.847550,1837.9416,2.2079e+09
0.050753,0.849588,1840.2502,2.1150e+09
0.050753,0.851629,1842.5549,2.0212e+09
0.050753,0.853436,1844.5928,1.9378e+09
0.050753,0.853955,1845.1775,1.9137e+09
0.050753,0.856000,1847.4780,1.8190e+09
0.050753,0.858047,1849.7787,1.7243e+09
0.050753,0.860097,1852.0815,1.6299e+09
0.050753,0.862150,1854.3885,1.5360e+09
0.050753,0.864206,1856.7022,1.4431e+09
0.050753,0.865832,1858.5353,1.3707e+09
0.050753,0.866554,1859.3504,1.3389e+09
0.050753,0.868620,1861.6887,1.2493e+09
0.050753,0.870690,1864.0445,1.1621e+09
0.050753,0.872766,1866.4200,1.0773e+09
0.050753,0.874847,1868.8226,9.9562e+08
0.050753,0.876934,1871.2549,9.1719e+08
0.050753,0.878139,1872.6733,8.7385e+08
0.050753,0.879321,1874.0754,8.3273e+08
0.050753,0.881424,1876.6003,7.6322e+08
0.050753,0.883533,1879.1790,6.9826e+08
0.050753,0.885651,1881.8212,6.3813e+08
0.050753,0.887776,1884.5370,5.8300e+08
0.050753,0.889790,1887.1799,5.3578e+08
0.050753,0.890583,1888.2404,5.1846e+08
0.050753,0.892355,1890.6596,4.8247e+08
0.050753,0.894509,1893.6952,4.4337e+08
0.050753,0.896673,1896.8648,4.0902e+08
0.050753,0.898846,1900.1864,3.7904e+08
0.050753,0.901006,1903.6451,3.5322e+08
0.050753,0.902519,1906.1687,3.3718e+08
0.050753,0.903529,1907.9029,3.2730e+08
0.050753,0.905734,1911.8465,3.0772e+08
0.050753,0.907948,1916.0387,2.9026e+08
0.050753,0.910172,1920.5129,2.7436e+08
0.050753,0.912407,1925.3037,2.5954e+08
0.050753,0.914344,1929.7112,2.4729e+08
0.050753,0.915199,1931.7395,2.4200e+08
0.050753,0.917226,1936.7556,2.2963e+08
0.050753,0.919495,1942.7563,2.1599e+08
0.050753,0.921775,1949.2115,2.0241e+08
0.050753,0.924064,1956.1268,1.8889e+08
0.050753,0.926162,1962.8763,1.7665e+08
0.050753,0.927219,1966.4218,1.7057e+08
0.050753,0.928986,1972.5648,1.6054e+08
0.050753,0.931297,1980.9903,1.4781e+08
0.050753,0.933615,1989.8447,1.3557e+08
0.050753,0.935939,1999.0623,1.2391e+08
0.050753,0.938133,2008.0047,1.1354e+08
0.050753,0.939318,2012.9082,1.0821e+08
0.050753,0.940932,2019.6299,1.0125e+08
0.050753,0.943274,2029.4388,9.1777e+07
0.050753,0.945623,2039.2674,8.3003e+07
0.050753,0.947977,2049.0585,7.4895e+07
0.050753,0.950234,2058.3482,6.7733e+07
0.050753,0.951473,2063.4021,6.4033e+07
0.050753,0.953033,2069.7133,5.9607e+07
0.050753,0.955406,2079.1979,5.3318e+07
0.050753,0.957784,2088.5619,4.7528e+07
0.050753,0.960167,2097.8032,4.2200e+07
0.050753,0.962471,2106.5980,3.7482e+07
0.050753,0.963669,2111.1200,3.5177e+07
0.050753,0.965290,2117.1899,3.2220e+07
0.050753,0.967693,2126.0864,2.8144e+07
0.050753,0.970104,2134.8816,2.4426e+07
0.050753,0.972521,2143.5760,2.1036e+07
0.050753,0.974871,2151.9196,1.8036e+07
0.050753,0.975895,2155.5253,1.6813e+07
0.050753,0.977715,2161.8888,1.4763e+07
0.050753,0.980153,2170.3237,1.2265e+07
0.050753,0.982596,2178.6791,1.0016e+07
0.050753,0.985043,2186.9541,8.0043e+06
0.050753,0.987443,2194.9822,6.2480e+06
0.050753,0.988135,2197.2811,5.7805e+06
0.050753,0.990285,2204.3811,4.4300e+06
0.050753,0.992732,2212.3869,3.0660e+06
0.050753,0.995169,2220.2839,1.8861e+06
0.050753,0.997594,2228.0662,8.7790e+05
0.050753,1.000000,2235.6190,2.4262e+04
0.052015,0.000000,300.0000,-1.5886e+01
0.052015,0.002877,306.6447,3.4008e+03
0.052015,0.005624,313.8038,1.4744e+04
0.052015,0.008325,320.8293,3.3478e+04
0.052015,0.010993,327.7347,5.9957e+04
0.052015,0.012120,330.6388,7.3473e+04
0.052015,0.014014,335.5094,9.9497e+04
0.052015,0.016618,342.1798,1.4213e+05
0.052015,0.019213,348.8031,1.9286e+05
0.052015,0.021792,355.3602,2.5180e+05
0.052015,0.023858,360.6000,3.0554e+05
0.052015,0.025017,363.5295,3.3926e+05
0.052015,0.027259,369.1925,4.0915e+05
0.052015,0.029793,375.5745,4.9800e+05
0.052015,0.032315,381.9085,5.9809e+05
0.052015,0.034826,388.1983,7.1074e+05
0.052015,0.036369,392.0551,7.8789e+05
0.052015,0.037805,395.6420,8.6197e+05
0.052015,0.040164,401.5209,9.9854e+05
0.052015,0.042644,407.6872,1.1585e+06
0.052015,0.045115,413.8154,1.3383e+06
0.052015,0.047553,419.8474,1.5351e+06
0.052015,0.048816,422.9670,1.6470e+06
0.052015,0.050376,426.8142,1.7939e+06
0.052015,0.052824,432.8409,2.0434e+06
0.052015,0.055264,438.8349,2.3236e+06
0.052015,0.057697,444.7988,2.6325e+06
0.052015,0.059955,450.3192,2.9479e+06
0.052015,0.061219,453.4079,3.1367e+06
0.052015,0.062883,457.4659,3.3998e+06
0.052015,0.065298,463.3441,3.8170e+06
0.052015,0.067708,469.1962,4.2740e+06
0.052015,0.070112,475.0221,4.7720e+06
0.052015,0.072273,480.2485,5.2558e+06
0.052015,0.073521,483.2613,5.5573e+06
0.052015,0.075239,487.4055,5.9877e+06
0.052015,0.077629,493.1577,6.6290e+06
0.052015,0.080014,498.8875,7.3197e+06
0.052015,0.082395,504.5946,8.0610e+06
0.052015,0.084517,509.6724,8.7707e+06
0.052015,0.085749,512.6147,9.2076e+06
0.052015,0.087475,516.7327,9.8315e+06
0.052015,0.089844,522.3739,1.0751e+07
0.052015,0.092210,527.9953,1.1728e+07
0.052015,0.094572,533.5966,1.2764e+07
0.052015,0.096696,538.6223,1.3752e+07
0.052015,0.097927,541.5313,1.4346e+07
0.052015,0.099615,545.5148,1.5192e+07
0.052015,0.101968,551.0570,1.6424e+07
0.052015,0.104318,556.5807,1.7724e+07
0.052015,0.106666,562.0868,1.9086e+07
0.052015,0.108816,567.1197,2.0397e+07
0.052015,0.110071,570.0509,2.1197e+07
0.052015,0.111679,573.8076,2.2224e+07
0.052015,0.114019,579.2580,2.3809e+07
0.052015,0.116357,584.6942,2.5449e+07
0.052015,0.118692,590.1166,2.7144e+07
0.052015,0.120883,595.1872,2.8824e+07
0.052015,0.122194,598.2209,2.9838e+07
0.052015,0.123682,601.6573,3.1048e+07
0.052015,0.126012,607.0310,3.2964e+07
0.052015,0.128340,612.3873,3.4965e+07
0.052015,0.130667,617.7290,3.7038e+07
0.052015,0.132902,622.8560,3.9071e+07
0.052015,0.134306,626.0646,4.0414e+07
0.052015,0.135638,629.1117,4.1689e+07
0.052015,0.137960,634.4096,4.3979e+07
0.052015,0.140281,639.6976,4.6315e+07
0.052015,0.142600,644.9663,4.8762e+07
0.052015,0.144880,650.1392,5.1204e+07
0.052015,0.146415,653.6137,5.2906e+07
0.052015,0.147559,656.2026,5.4174e+07
0.052015,0.149875,661.4326,5.6829e+07
0.052015,0.152191,666.6555,5.9516e+07
0.052015,0.154505,671.8589,6.2322e+07
0.052015,0.156819,677.0564,6.5156e+07
0.052015,0.158519,680.8647,6.7309e+07
0.052015,0.159468,682.9902,6.8511e+07
0.052015,0.161767,688.1303,7.1492e+07
0.052015,0.164079,693.2911,7.4544e+07
0.052015,0.166391,698.4373,7.7687e+07
0.052015,0.168703,703.5778,8.0863e+07
0.052015,0.170529,707.6278,8.3457e+07
0.052015,0.171493,709.7625,8.4834e+07
0.052015,0.173647,714.5336,8.7927e+07
0.052015,0.175958,719.6350,9.1358e+07
0.052015,0.178268,724.7325,9.4814e+07
0.052015,0.180579,729.8148,9.8376e+07
0.052015,0.182521,734.0832,1.0138e+08
0.052015,0.183530,736.2945,1.0299e+08
0.052015,0.185524,740.6622,1.0618e+08
0.052015,0.187835,745.7188,1.0993e+08
0.052015,0.190147,750.7643,1.1376e+08
0.052015,0.192459,755.8033,1.1765e+08
0.052015,0.194501,760.2430,1.2116e+08
0.052015,0.195585,762.5984,1.2302e+08
0.052015,0.197408,766.5522,1.2622e+08
0.052015,0.199722,771.5632,1.3034e+08
0.052015,0.202037,776.5677,1.3452e+08
0.052015,0.204352,781.5620,1.3880e+08
0.052015,0.206479,786.1454,1.4276e+08
0.052015,0.207660,788.6812,1.4502e+08
0.052015,0.209310,792.2248,1.4818e+08
0.052015,0.211628,797.1993,1.5267e+08
0.052015,0.213948,802.1621,1.5728e+08
0.052015,0.216269,807.1243,1.6192e+08
0.052015,0.218465,811.8031,1.6644e+08
0.052015,0.219757,814.5573,1.6911e+08
0.052015,0.221239,817.7112,1.7218e+08
0.052015,0.223564,822.6446,1.7717e+08
0.052015,0.225890,827.5810,1.8215e+08
0.052015,0.228219,832.5024,1.8732e+08
0.052015,0.230468,837.2552,1.9233e+08
0.052015,0.231878,840.2303,1.9552e+08
0.052015,0.233205,843.0222,1.9860e+08
0.052015,0.235539,847.9317,2.0402e+08
0.052015,0.237874,852.8343,2.0955e+08
0.052015,0.240211,857.7304,2.1521e+08
0.052015,0.242501,862.5227,2.2079e+08
0.052015,0.244022,865.6952,2.2463e+08
0.052015,0.245218,868.1914,2.2765e+08
0.052015,0.247562,873.0793,2.3357e+08
0.052015,0.249908,877.9509,2.3976e+08
0.052015,0.252256,882.8269,2.4595e+08
0.052015,0.254575,887.6288,2.5225e+08
0.052015,0.256186,890.9603,2.5670e+08
0.052015,0.257287,893.2366,2.5973e+08
0.052015,0.259643,898.0969,2.6636e+08
0.052015,0.262001,902.9502,2.7317e+08
0.052015,0.264361,907.8076,2.8000e+08
0.052015,0.266703,912.6070,2.8708e+08
0.052015,0.268369,916.0208,2.9212e+08
0.052015,0.269420,918.1733,2.9530e+08
0.052015,0.271788,923.0100,3.0273e+08
0.052015,0.274160,927.8469,3.1025e+08
0.052015,0.276534,932.6823,3.1790e+08
0.052015,0.278898,937.4819,3.2576e+08
0.052015,0.280566,940.8696,3.3132e+08
0.052015,0.281623,943.0147,3.3483e+08
0.052015,0.284006,947.8311,3.4316e+08
0.052015,0.286392,952.6531,3.5149e+08
0.052015,0.288781,957.4697,3.6005e+08
0.052015,0.291171,962.2765,3.6882e+08
0.052015,0.292773,965.4984,3.7470e+08
0.052015,0.293903,967.7682,3.7891e+08
0.052015,0.296302,972.5701,3.8816e+08
0.052015,0.298704,977.3781,3.9742e+08
0.052015,0.301109,982.1786,4.0698e+08
0.052015,0.303517,986.9759,4.1674e+08
0.052015,0.304983,989.8971,4.2268e+08
0.052015,0.306265,992.4464,4.2796e+08
0.052015,0.308681,997.2345,4.3825e+08
0.052015,0.311099,1002.0290,4.4855e+08
0.052015,0.313521,1006.8156,4.5918e+08
0.052015,0.315946,1011.5993,4.7003e+08
0.052015,0.317191,1014.0548,4.7560e+08
0.052015,0.318714,1017.0550,4.8250e+08
0.052015,0.321146,1021.8294,4.9393e+08
0.052015,0.323582,1026.6104,5.0537e+08
0.052015,0.326022,1031.3848,5.1715e+08
0.052015,0.328464,1036.1547,5.2921e+08
0.052015,0.329389,1037.9599,5.3377e+08
0.052015,0.331252,1041.5971,5.4300e+08
0.052015,0.333703,1046.3575,5.5569e+08
0.052015,0.336156,1051.1246,5.6840e+08
0.052015,0.338614,1055.8881,5.8138e+08
0.052015,0.341074,1060.6437,5.9475e+08
0.052015,0.341569,1061.6003,5.9744e+08
0.052015,0.343883,1066.0712,6.1000e+08
0.052015,0.346351,1070.8196,6.2399e+08
0.052015,0.348823,1075.5720,6.3807e+08
0.052015,0.351299,1080.3258,6.5231e+08
0.052015,0.353424,1084.3890,6.6498e+08
0.052015,0.354124,1085.7274,6.6916e+08
0.052015,0.356608,1090.4763,6.8397e+08
0.052015,0.359095,1095.2151,6.9926e+08
0.052015,0.361585,1099.9518,7.1480e+08
0.052015,0.364080,1104.6952,7.3037e+08
0.052015,0.365678,1107.7186,7.4076e+08
0.052015,0.366928,1110.0837,7.4893e+08
0.052015,0.369428,1114.8123,7.6524e+08
0.052015,0.371934,1119.5445,7.8180e+08
0.052015,0.374444,1124.2710,7.9874e+08
0.052015,0.376957,1128.9909,8.1607e+08
0.052015,0.377986,1130.9238,8.2318e+08
0.052015,0.379834,1134.3848,8.3620e+08
0.052015,0.382346,1139.0827,8.5404e+08
0.052015,0.384871,1143.7974,8.7221e+08
0.052015,0.387399,1148.5055,8.9079e+08
0.052015,0.389610,1152.6149,9.0723e+08
0.052015,0.390650,1154.5456,9.1503e+08
0.052015,0.392820,1158.5707,9.3146e+08
0.052015,0.395360,1163.2728,9.5090e+08
0.052015,0.397904,1167.9682,9.7076e+08
0.052015,0.400452,1172.6617,9.9090e+08
0.052015,0.402139,1175.7666,1.0043e+09
0.052015,0.403540,1178.3396,1.0157e+09
0.052015,0.405914,1182.6947,1.0349e+09
0.052015,0.408473,1187.3764,1.0561e+09
0.052015,0.411035,1192.0567,1.0775e+09
0.052015,0.413484,1196.5215,1.0982e+09
0.052015,0.414799,1198.9128,1.1095e+09
0.052015,0.416530,1202.0603,1.1244e+09
0.052015,0.419104,1206.7279,1.1468e+09
0.052015,0.421682,1211.3938,1.1696e+09
0.052015,0.424263,1216.0583,1.1926e+09
0.052015,0.426321,1219.7660,1.2112e+09
0.052015,0.427586,1222.0454,1.2227e+09
0.052015,0.429799,1226.0195,1.2431e+09
0.052015,0.432391,1230.6707,1.2671e+09
0.052015,0.434988,1235.3199,1.2915e+09
0.052015,0.437516,1239.8330,1.3155e+09
0.052015,0.439161,1242.7657,1.3313e+09
0.052015,0.440556,1245.2478,1.3448e+09
0.052015,0.443164,1249.8838,1.3701e+09
0.052015,0.445775,1254.5162,1.3958e+09
0.052015,0.448390,1259.1415,1.4219e+09
0.052015,0.450747,1263.3043,1.4456e+09
0.052015,0.451756,1265.0822,1.4558e+09
0.052015,0.453997,1269.0295,1.4786e+09
0.052015,0.456623,1273.6436,1.5056e+09
0.052015,0.459252,1278.2499,1.5329e+09
0.052015,0.461880,1282.8481,1.5605e+09
0.052015,0.463516,1285.7040,1.5778e+09
0.052015,0.464873,1288.0703,1.5922e+09
0.052015,0.467495,1292.6332,1.6203e+09
0.052015,0.470113,1297.1793,1.6486e+09
0.052015,0.472726,1301.7087,1.6771e+09
0.052015,0.475334,1306.2170,1.7058e+09
0.052015,0.475816,1307.0505,1.7111e+09
0.052015,0.478297,1311.3264,1.7387e+09
0.052015,0.480891,1315.7884,1.7678e+09
0.052015,0.483477,1320.2299,1.7970e+09
0.052015,0.486056,1324.6450,1.8264e+09
0.052015,0.487696,1327.4504,1.8452e+09
0.052015,0.488986,1329.6512,1.8601e+09
0.052015,0.491549,1334.0221,1.8897e+09
0.052015,0.494105,1338.3691,1.9196e+09
0.052015,0.496655,1342.6901,1.9497e+09
0.052015,0.499198,1346.9924,1.9798e+09
0.052015,0.499978,1348.3122,1.9891e+09
0.052015,0.502087,1351.8808,2.0141e+09
0.052015,0.504615,1356.1409,2.0445e+09
0.052015,0.507136,1360.3815,2.0749e+09
0.052015,0.509651,1364.6010,2.1055e+09
0.052015,0.511723,1368.0694,2.1308e+09
0.052015,0.512734,1369.7605,2.1432e+09
0.052015,0.515009,1373.5606,2.1713e+09
0.052015,0.517503,1377.7173,2.2021e+09
0.052015,0.519991,1381.8521,2.2331e+09
0.052015,0.522473,1385.9703,2.2642e+09
0.052015,0.524103,1388.6685,2.2847e+09
0.052015,0.525443,1390.8870,2.3016e+09
0.052015,0.527761,1394.7138,2.3309e+09
0.052015,0.530223,1398.7716,2.3622e+09
0.052015,0.532679,1402.8098,2.3936e+09
0.052015,0.535129,1406.8283,2.4250e+09
0.052015,0.536459,1409.0079,2.4421e+09
0.052015,0.537984,1411.5022,2.4618e+09
0.052015,0.540352,1415.3686,2.4924e+09
0.052015,0.542783,1419.3300,2.5240e+09
0.052015,0.545209,1423.2762,2.5556e+09
0.052015,0.547627,1427.1982,2.5872e+09
0.052015,0.548783,1429.0743,2.6024e+09
0.052015,0.550379,1431.6546,2.6233e+09
0.052015,0.552788,1435.5467,2.6550e+09
0.052015,0.555190,1439.4172,2.6868e+09
0.052015,0.557587,1443.2724,2.7185e+09
0.052015,0.559894,1446.9764,2.7491e+09
0.052015,0.561093,1448.8975,2.7650e+09
0.052015,0.562697,1451.4638,2.7864e+09
0.052015,0.565077,1455.2675,2.8181e+09
0.052015,0.567452,1459.0547,2.8498e+09
0.052015,0.569821,1462.8231,2.8815e+09
0.052015,0.572085,1466.4199,2.9118e+09
0.052015,0.573313,1468.3643,2.9282e+09
0.052015,0.574873,1470.8358,2.9491e+09
0.052015,0.577227,1474.5551,2.9807e+09
0.052015,0.579575,1478.2618,3.0123e+09
0.052015,0.581918,1481.9481,3.0438e+09
0.052015,0.584193,1485.5216,3.0743e+09
0.052015,0.585458,1487.5055,3.0913e+09
0.052015,0.586915,1489.7898,3.1109e+09
0.052015,0.589243,1493.4287,3.1422e+09
0.052015,0.591567,1497.0558,3.1734e+09
0.052015,0.593885,1500.6660,3.2045e+09
0.052015,0.596199,1504.2612,3.2356e+09
0.052015,0.597544,1506.3487,3.2536e+09
0.052015,0.598841,1508.3603,3.2710e+09
0.052015,0.601134,1511.9063,3.3016e+09
0.052015,0.603434,1515.4573,3.3323e+09
0.052015,0.605728,1518.9947,3.3629e+09
0.052015,0.608019,1522.5150,3.3934e+09
0.052015,0.609560,1524.8830,3.4138e+09
0.052015,0.610760,1526.7213,3.4297e+09
0.052015,0.612904,1530.0049,3.4581e+09
0.052015,0.615181,1533.4829,3.4881e+09
0.052015,0.617454,1536.9498,3.5179e+09
0.052015,0.619722,1540.3993,3.5476e+09
0.052015,0.621491,1543.0885,3.5707e+09
0.052015,0.622628,1544.8116,3.5854e+09
0.052015,0.624560,1547.7404,3.6105e+09
0.052015,0.626816,1551.1485,3.6395e+09
0.052015,0.629067,1554.5461,3.6684e+09
0.052015,0.631314,1557.9293,3.6971e+09
0.052015,0.633332,1560.9618,3.7227e+09
0.052015,0.634460,1562.6544,3.7370e+09
0.052015,0.636108,1565.1259,3.7577e+09
0.052015,0.638343,1568.4685,3.7856e+09
0.052015,0.640574,1571.7995,3.8133e+09
0.052015,0.642801,1575.1191,3.8408e+09
0.052015,0.645024,1578.4234,3.8679e+09
0.052015,0.646280,1580.2881,3.8832e+09
0.052015,0.647593,1582.2351,3.8990e+09
0.052015,0.649769,1585.4566,3.9251e+09
0.052015,0.651981,1588.7233,3.9513e+09
0.052015,0.654189,1591.9803,3.9773e+09
0.052015,0.656393,1595.2228,4.0028e+09
0.052015,0.658092,1597.7181,4.0224e+09
0.052015,0.659197,1599.3380,4.0349e+09
0.052015,0.661098,1602.1245,4.0565e+09
0.052015,0.663292,1605.3300,4.0809e+09
0.052015,0.665482,1608.5251,4.1050e+09
0.052015,0.667668,1611.7097,4.1288e+09
0.052015,0.669812,1614.8228,4.1516e+09
0.052015,0.670785,1616.2345,4.1619e+09
0.052015,0.672336,1618.4819,4.1781e+09
0.052015,0.674512,1621.6308,4.2006e+09
0.052015,0.676686,1624.7663,4.2225e+09
0.052015,0.678856,1627.8929,4.2441e+09
0.052015,0.681023,1631.0070,4.2651e+09
0.052015,0.682587,1633.2521,4.2800e+09
0.052015,0.683682,1634.8199,4.2902e+09
0.052015,0.685648,1637.6344,4.3085e+09
0.052015,0.687806,1640.7143,4.3279e+09
0.052015,0.689960,1643.7831,4.3468e+09
0.052015,0.692111,1646.8433,4.3653e+09
0.052015,0.694260,1649.8904,4.3830e+09
0.052015,0.695095,1651.0743,4.3899e+09
0.052015,0.696714,1653.3635,4.4026e+09
0.052015,0.698847,1656.3773,4.4192e+09
0.052015,0.700987,1659.3917,4.4350e+09
0.052015,0.703124,1662.3958,4.4503e+09
0.052015,0.705258,1665.3913,4.4650e+09
0.052015,0.706974,1667.7928,4.4762e+09
0.052015,0.707825,1668.9849,4.4817e+09
0.052015,0.709815,1671.7621,4.4939e+09
0.052015,0.711941,1674.7248,4.5064e+09
0.052015,0.714065,1677.6771,4.5181e+09
0.052015,0.716186,1680.6182,4.5289e+09
0.052015,0.718304,1683.5508,4.5391e+09
0.052015,0.719421,1685.0930,4.5441e+09
0.052015,0.720715,1686.8808,4.5498e+09
0.052015,0.722829,1689.7899,4.5581e+09
0.052015,0.724940,1692.6905,4.5656e+09
0.052015,0.727049,1695.5826,4.5724e+09
0.052015,0.729156,1698.4632,4.5781e+09
0.052015,0.731261,1701.3342,4.5829e+09
0.052015,0.731707,1701.9423,4.5839e+09
0.052015,0.733656,1704.5945,4.5874e+09
0.052015,0.735756,1707.4466,4.5904e+09
0.052015,0.737854,1710.2865,4.5920e+09
0.052015,0.739950,1713.1178,4.5927e+09
0.052015,0.742045,1715.9407,4.5926e+09
0.052015,0.743854,1718.3733,4.5915e+09
0.052015,0.744429,1719.1455,4.5911e+09
0.052015,0.746519,1721.9464,4.5883e+09
0.052015,0.748608,1724.7384,4.5845e+09
0.052015,0.750695,1727.5219,4.5796e+09
0.052015,0.752780,1730.2969,4.5737e+09
0.052015,0.754864,1733.0607,4.5662e+09
0.052015,0.756166,1734.7829,4.5609e+09
0.052015,0.757237,1736.1990,4.5562e+09
0.052015,0.759318,1738.9436,4.5461e+09
0.052015,0.761397,1741.6797,4.5347e+09
0.052015,0.763476,1744.4072,4.5221e+09
0.052015,0.765553,1747.1243,4.5078e+09
0.052015,0.767556,1749.7368,4.4926e+09
0.052015,0.768526,1751.0019,4.4851e+09
0.052015,0.769993,1752.9072,4.4724e+09
0.052015,0.772067,1755.5965,4.4536e+09
0.052015,0.774140,1758.2772,4.4333e+09
0.052015,0.776213,1760.9493,4.4114e+09
0.052015,0.778284,1763.6124,4.3879e+09
0.052015,0.780089,1765.9247,4.3658e+09
0.052015,0.780961,1767.0399,4.3549e+09
0.052015,0.782713,1769.2763,4.3318e+09
0.052015,0.784780,1771.9079,4.3028e+09
0.052015,0.786846,1774.5291,4.2722e+09
0.052015,0.788910,1777.1398,4.2397e+09
0.052015,0.790973,1779.7395,4.2055e+09
0.052015,0.792514,1781.6781,4.1788e+09
0.052015,0.793447,1782.8475,4.1619e+09
0.052015,0.795378,1785.2645,4.1260e+09
0.052015,0.797435,1787.8298,4.0858e+09
0.052015,0.799489,1790.3839,4.0437e+09
0.052015,0.801542,1792.9267,3.9996e+09
0.052015,0.803593,1795.4584,3.9535e+09
0.052015,0.804839,1796.9927,3.9247e+09
0.052015,0.805955,1798.3629,3.8979e+09
0.052015,0.807975,1800.8375,3.8481e+09
0.052015,0.810021,1803.3342,3.7955e+09
0.052015,0.812066,1805.8197,3.7409e+09
0.052015,0.814109,1808.2941,3.6841e+09
0.052015,0.816130,1810.7322,3.6259e+09
0.052015,0.817102,1811.9009,3.5969e+09
0.052015,0.818476,1813.5497,3.5553e+09
0.052015,0.820515,1815.9889,3.4917e+09
0.052015,0.822553,1818.4172,3.4260e+09
0.052015,0.824590,1820.8349,3.3582e+09
0.052015,0.826627,1823.2414,3.2881e+09
0.052015,0.828589,1825.5500,3.2185e+09
0.052015,0.829363,1826.4582,3.1905e+09
0.052015,0.830982,1828.3539,3.1310e+09
0.052015,0.833017,1830.7271,3.0542e+09
0.052015,0.835052,1833.0898,2.9754e+09
0.052015,0.837086,1835.4432,2.8946e+09
0.052015,0.839121,1837.7861,2.8117e+09
0.052015,0.841020,1839.9643,2.7328e+09
0.052015,0.841630,1840.6627,2.7071e+09
0.052015,0.843476,1842.7684,2.6283e+09
0.052015,0.845512,1845.0838,2.5399e+09
0.052015,0.847550,1847.3908,2.4498e+09
0.052015,0.849588,1849.6905,2.3582e+09
0.052015,0.851629,1851.9837,2.2654e+09
0.052015,0.853436,1854.0086,2.1822e+09
0.052015,0.853955,1854.5892,2.1582e+09
0.052015,0.856000,1856.8711,2.0630e+09
0.052015,0.858047,1859.1489,1.9672e+09
0.052015,0.860097,1861.4243,1.8708e+09
0.052015,0.862150,1863.6988,1.7743e+09
0.052015,0.864206,1865.9738,1.6778e+09
0.052015,0.865832,1867.7717,1.6019e+09
0.052015,0.866554,1868.5697,1.5684e+09
0.052015,0.868620,1870.8537,1.4731e+09
0.052015,0.870690,1873.1456,1.3791e+09
0.052015,0.872766,1875.4488,1.2867e+09
0.052015,0.874847,1877.7656,1.1962e+09
0.052015,0.876934,1880.1019,1.1083e+09
0.052015,0.878139,1881.4572,1.0588e+09
0.052015,0.879321,1882.7924,1.0114e+09
0.052015,0.881424,1885.1859,9.3021e+08
0.052015,0.883533,1887.6148,8.5278e+08
0.052015,0.885651,1890.0861,7.7955e+08
0.052015,0.887776,1892.6089,7.1098e+08
0.052015,0.889790,1895.0452,6.5083e+08
0.052015,0.890583,1896.0184,6.2846e+08
0.052015,0.892355,1898.2277,5.8128e+08
0.052015,0.894509,1900.9814,5.2900e+08
0.052015,0.896673,1903.8351,4.8212e+08
0.052015,0.898846,1906.8055,4.4056e+08
0.052015,0.901006,1909.8777,4.0436e+08
0.052015,0.902519,1912.1084,3.8185e+08
0.052015,0.903529,1913.6388,3.6808e+08
0.052015,0.905734,1917.1022,3.4101e+08
0.052015,0.907948,1920.7732,3.1754e+08
0.052015,0.910172,1924.6797,2.9702e+08
0.052015,0.912407,1928.8546,2.7881e+08
0.052015,0.914344,1932.7022,2.6448e+08
0.052015,0.915199,1934.4722,2.5847e+08
0.052015,0.917226,1938.8666,2.4484e+08
0.052015,0.919495,1944.1362,2.3024e+08
0.052015,0.921775,1949.8445,2.1599e+08
0.052015,0.924064,1956.0246,2.0193e+08
0.052015,0.926162,1962.1175,1.8918e+08
0.052015,0.927219,1965.3365,1.8282e+08
0.052015,0.928986,1970.9826,1.7229e+08
0.052015,0.931297,1978.8221,1.5879e+08
0.052015,0.933615,1987.2026,1.4567e+08
0.052015,0.935939,1996.0877,1.3309e+08
0.052015,0.938133,2004.8520,1.2182e+08
0.052015,0.939318,2009.7113,1.1600e+08
0.052015,0.940932,2016.4393,1.0842e+08
0.052015,0.943274,2026.3628,9.8069e+07
0.052015,0.945623,2036.3963,8.8494e+07
0.052015,0.947977,2046.4541,7.9668e+07
0.052015,0.950234,2056.0338,7.1885e+07
0.052015,0.951473,2061.2536,6.7875e+07
0.052015,0.953033,2067.7761,6.3088e+07
0.052015,0.955406,2077.5792,5.6299e+07
0.052015,0.957784,2087.2574,5.0061e+07
0.052015,0.960167,2096.8060,4.4333e+07
0.052015,0.962471,2105.8879,3.9269e+07
0.052015,0.963669,2110.5523,3.6802e+07
0.052015,0.965290,2116.8102,3.3637e+07
0.052015,0.967693,2125.9767,2.9281e+07
0.052015,0.970104,2135.0328,2.5318e+07
0.052015,0.972521,2143.9780,2.1717e+07
0.052015,0.974871,2152.5577,1.8523e+07
0.052015,0.975895,2156.2595,1.7234e+07
0.052015,0.977715,2162.7900,1.5079e+07
0.052015,0.980153,2171.4485,1.2443e+07
0.052015,0.982596,2180.0169,1.0091e+07
0.052015,0.985043,2188.4997,8.0007e+06
0.052015,0.987443,2196.7236,6.1888e+06
0.052015,0.988135,2199.0781,5.7094e+06
0.052015,0.990285,2206.3475,4.3355e+06
0.052015,0.992732,2214.5403,2.9646e+06
0.052015,0.995169,2222.6215,1.8002e+06
0.052015,0.997594,2230.5868,8.3232e+05
0.052015,1.000000,2238.3575,3.8158e+04
0.053273,0.000000,300.0000,4.3998e+01
0.053273,0.002877,306.6495,3.3834e+03
0.053273,0.005624,313.8797,1.4802e+04
0.053273,0.008325,320.9780,3.3744e+04
0.053273,0.010993,327.9551,6.0496e+04
0.053273,0.012120,330.8892,7.4147e+04
0.053273,0.014014,335.8094,1.0050e+05
0.053273,0.016618,342.5469,1.4363e+05
0.053273,0.019213,349.2356,1.9506e+05
0.053273,0.021792,355.8572,2.5452e+05
0.053273,0.023858,361.1463,3.0944e+05
0.053273,0.025017,364.1043,3.4323e+05
0.053273,0.027259,369.8206,4.1400e+05
0.053273,0.029793,376.2619,5.0393e+05
0.053273,0.032315,382.6536,6.0537e+05
0.053273,0.034826,388.9998,7.1969e+05
0.053273,0.036369,392.8898,7.9885e+05
0.053273,0.037805,396.5086,8.7382e+05
0.053273,0.040164,402.4381,1.0131e+06
0.053273,0.042644,408.6564,1.1768e+06
0.053273,0.045115,414.8368,1.3590e+06
0.053273,0.047553,420.9177,1.5612e+06
0.053273,0.048816,424.0639,1.6736e+06
0.053273,0.050376,427.9423,1.8234e+06
0.053273,0.052824,434.0160,2.0805e+06
0.053273,0.055264,440.0578,2.3658e+06
0.053273,0.057697,446.0686,2.6802e+06
0.053273,0.059955,451.6317,3.0016e+06
0.053273,0.061219,454.7430,3.1970e+06
0.053273,0.062883,458.8314,3.4665e+06
0.053273,0.065298,464.7533,3.8927e+06
0.053273,0.067708,470.6487,4.3586e+06
0.053273,0.070112,476.5171,4.8663e+06
0.053273,0.072273,481.7806,5.3608e+06
0.053273,0.073521,484.8166,5.6615e+06
0.053273,0.075239,488.9890,6.1036e+06
0.053273,0.077629,494.7812,6.7571e+06
0.053273,0.080014,500.5504,7.4608e+06
0.053273,0.082395,506.2960,8.2161e+06
0.053273,0.084517,511.4090,8.9327e+06
0.053273,0.085749,514.3709,9.3758e+06
0.053273,0.087475,518.5163,1.0010e+07
0.053273,0.089844,524.1950,1.0940e+07
0.053273,0.092210,529.8527,1.1930e+07
0.053273,0.094572,535.4894,1.2981e+07
0.053273,0.096696,540.5477,1.3977e+07
0.053273,0.097927,543.4746,1.4580e+07
0.053273,0.099615,547.4832,1.5432e+07
0.053273,0.101968,553.0593,1.6678e+07
0.053273,0.104318,558.6174,1.7986e+07
0.053273,0.106666,564.1562,1.9362e+07
0.053273,0.108816,569.2177,2.0690e+07
0.053273,0.110071,572.1687,2.1482e+07
0.053273,0.111679,575.9455,2.2528e+07
0.053273,0.114019,581.4313,2.4101e+07
0.053273,0.116357,586.8971,2.5760e+07
0.053273,0.118692,592.3486,2.7475e+07
0.053273,0.120883,597.4523,2.9134e+07
0.053273,0.122194,600.4989,3.0177e+07
0.053273,0.123682,603.9575,3.1372e+07
0.053273,0.126012,609.3586,3.3306e+07
0.053273,0.128340,614.7479,3.5288e+07
0.053273,0.130667,620.1175,3.7369e+07
0.053273,0.132902,625.2692,3.9422e+07
0.053273,0.134306,628.4980,4.0744e+07
0.053273,0.135638,631.5633,4.2005e+07
0.053273,0.137960,636.8872,4.4306e+07
0.053273,0.140281,642.2006,4.6653e+07
0.053273,0.142600,647.5009,4.9065e+07
0.053273,0.144880,652.6970,5.1522e+07
0.053273,0.146415,656.1927,5.3195e+07
0.053273,0.147559,658.7938,5.4466e+07
0.053273,0.149875,664.0503,5.7107e+07
0.053273,0.152191,669.2959,5.9805e+07
0.053273,0.154505,674.5303,6.2563e+07
0.053273,0.156819,679.7493,6.5406e+07
0.053273,0.158519,683.5803,6.7520e+07
0.053273,0.159468,685.7169,6.8709e+07
0.053273,0.161767,690.8791,7.1687e+07
0.053273,0.164079,696.0653,7.4714e+07
0.053273,0.166391,701.2366,7.7830e+07
0.053273,0.168703,706.3991,8.0996e+07
0.053273,0.170529,710.4701,8.3555e+07
0.053273,0.171493,712.6172,8.4905e+07
0.053273,0.173647,717.4052,8.8007e+07
0.053273,0.175958,722.5359,9.1369e+07
0.053273,0.178268,727.6516,9.4828e+07
0.053273,0.180579,732.7629,9.8317e+07
0.053273,0.182521,737.0442,1.0133e+08
0.053273,0.183530,739.2680,1.0291e+08
0.053273,0.185524,743.6605,1.0604e+08
0.053273,0.187835,748.7339,1.0979e+08
0.053273,0.190147,753.8077,1.1354e+08
0.053273,0.192459,758.8629,1.1743e+08
0.053273,0.194501,763.3273,1.2086e+08
0.053273,0.195585,765.6897,1.2273e+08
0.053273,0.197408,769.6593,1.2591e+08
0.053273,0.199722,774.6974,1.2995e+08
0.053273,0.202037,779.7175,1.3413e+08
0.053273,0.204352,784.7392,1.3831e+08
0.053273,0.206479,789.3348,1.4229e+08
0.053273,0.207660,791.8844,1.4450e+08
0.053273,0.209310,795.4474,1.4759e+08
0.053273,0.211628,800.4356,1.5209e+08
0.053273,0.213948,805.4254,1.5660e+08
0.053273,0.216269,810.4009,1.6126e+08
0.053273,0.218465,815.1048,1.6569e+08
0.053273,0.219757,817.8711,1.6832e+08
0.053273,0.221239,821.0308,1.7143e+08
0.053273,0.223564,825.9906,1.7631e+08
0.053273,0.225890,830.9417,1.8130e+08
0.053273,0.228219,835.8868,1.8638e+08
0.053273,0.230468,840.6587,1.9135e+08
0.053273,0.231878,843.6413,1.9455e+08
0.053273,0.233205,846.4479,1.9757e+08
0.053273,0.235539,851.3789,2.0292e+08
0.053273,0.237874,856.2969,2.0845e+08
0.053273,0.240211,861.2189,2.1399e+08
0.053273,0.242501,866.0211,2.1963e+08
0.053273,0.244022,869.2102,2.2339e+08
0.053273,0.245218,871.7195,2.2634e+08
0.053273,0.247562,876.6173,2.3233e+08
0.053273,0.249908,881.5143,2.3839e+08
0.053273,0.252256,886.4068,2.4457e+08
0.053273,0.254575,891.2266,2.5084e+08
0.053273,0.256186,894.5755,2.5519e+08
0.053273,0.257287,896.8593,2.5822e+08
0.053273,0.259643,901.7327,2.6489e+08
0.053273,0.262001,906.6111,2.7156e+08
0.053273,0.264361,911.4768,2.7849e+08
0.053273,0.266703,916.3010,2.8544e+08
0.053273,0.268369,919.7304,2.9040e+08
0.053273,0.269420,921.8841,2.9367e+08
0.053273,0.271788,926.7403,3.0104e+08
0.053273,0.274160,931.5999,3.0845e+08
0.053273,0.276534,936.4447,3.1620e+08
0.053273,0.278898,941.2688,3.2391e+08
0.053273,0.280566,944.6663,3.2949e+08
0.053273,0.281623,946.8123,3.3311e+08
0.053273,0.284006,951.6530,3.4128e+08
0.053273,0.286392,956.4928,3.4958e+08
0.053273,0.288781,961.3223,3.5819e+08
0.053273,0.291171,966.1536,3.6680e+08
0.053273,0.292773,969.3811,3.7277e+08
0.053273,0.293903,971.6545,3.7705e+08
0.053273,0.296302,976.4807,3.8613e+08
0.053273,0.298704,981.3035,3.9541e+08
0.053273,0.301109,986.1187,4.0498e+08
0.053273,0.303517,990.9402,4.1456e+08
0.053273,0.304983,993.8650,4.2063e+08
0.053273,0.306265,996.4189,4.2599e+08
0.053273,0.308681,1001.2311,4.3609e+08
0.053273,0.311099,1006.0393,4.4643e+08
0.053273,0.313521,1010.8405,4.5708e+08
0.053273,0.315946,1015.6482,4.6774e+08
0.053273,0.317191,1018.1071,4.7341e+08
0.053273,0.318714,1021.1110,4.8044e+08
0.053273,0.321146,1025.9093,4.9168e+08
0.053273,0.323582,1030.7047,5.0315e+08
0.053273,0.326022,1035.4918,5.1498e+08
0.053273,0.328464,1040.2856,5.2683e+08
0.053273,0.329389,1042.0961,5.3141e+08
0.053273,0.331252,1045.7341,5.4090e+08
0.053273,0.333703,1050.5181,5.5338e+08
0.053273,0.336156,1055.3021,5.6604e+08
0.053273,0.338614,1060.0747,5.7917e+08
0.053273,0.341074,1064.8539,5.9232e+08
0.053273,0.341569,1065.8152,5.9497e+08
0.053273,0.343883,1070.2892,6.0781e+08
0.053273,0.346351,1075.0584,6.2164e+08
0.053273,0.348823,1079.8322,6.3555e+08
0.053273,0.351299,1084.5893,6.5009e+08
0.053273,0.353424,1088.6726,6.6256e+08
0.053273,0.354124,1090.0177,6.6667e+08
0.053273,0.356608,1094.7762,6.8162e+08
0.053273,0.359095,1099.5295,6.9690e+08
0.053273,0.361585,1104.2895,7.1221e+08
0.053273,0.364080,1109.0346,7.2812e+08
0.053273,0.365678,1112.0715,7.3839e+08
0.053273,0.366928,1114.4483,7.4643e+08
0.053273,0.369428,1119.1951,7.6264e+08
0.053273,0.371934,1123.9380,7.7930e+08
0.053273,0.374444,1128.6758,7.9631e+08
0.053273,0.376957,1133.4118,8.1358e+08
0.053273,0.377986,1135.3491,8.2072e+08
0.053273,0.379834,1138.8232,8.3366e+08
0.053273,0.382346,1143.5359,8.5147e+08
0.053273,0.384871,1148.2615,8.6972e+08
0.053273,0.387399,1152.9852,8.8824e+08
0.053273,0.389610,1157.1094,9.0459e+08
0.053273,0.390650,1159.0438,9.1244e+08
0.053273,0.392820,1163.0822,9.2882e+08
0.053273,0.395360,1167.7947,9.4834e+08
0.053273,0.397904,1172.5057,9.6813e+08
0.053273,0.400452,1177.2148,9.8818e+08
0.053273,0.402139,1180.3256,1.0017e+09
0.053273,0.403540,1182.9096,1.0129e+09
0.053273,0.405914,1187.2734,1.0323e+09
0.053273,0.408473,1191.9706,1.0533e+09
0.053273,0.411035,1196.6663,1.0747e+09
0.053273,0.413484,1201.1410,1.0954e+09
0.053273,0.414799,1203.5417,1.1066e+09
0.053273,0.416530,1206.6948,1.1216e+09
0.053273,0.419104,1211.3777,1.1440e+09
0.053273,0.421682,1216.0588,1.1666e+09
0.053273,0.424263,1220.7328,1.1897e+09
0.053273,0.426321,1224.4525,1.2082e+09
0.053273,0.427586,1226.7358,1.2197e+09
0.053273,0.429799,1230.7238,1.2400e+09
0.053273,0.432391,1235.3889,1.2640e+09
0.053273,0.434988,1240.0470,1.2884e+09
0.053273,0.437516,1244.5745,1.3123e+09
0.053273,0.439161,1247.5149,1.3280e+09
0.053273,0.440556,1250.0053,1.3415e+09
0.053273,0.443164,1254.6535,1.3668e+09
0.053273,0.445775,1259.2958,1.3925e+09
0.053273,0.448390,1263.9357,1.4184e+09
0.053273,0.450747,1268.1107,1.4420e+09
0.053273,0.451756,1269.8930,1.4522e+09
0.053273,0.453997,1273.8494,1.4750e+09
0.053273,0.456623,1278.4747,1.5019e+09
0.053273,0.459252,1283.0954,1.5291e+09
0.053273,0.461880,1287.7058,1.5566e+09
0.053273,0.463516,1290.5679,1.5739e+09
0.053273,0.464873,1292.9389,1.5883e+09
0.053273,0.467495,1297.5147,1.6163e+09
0.053273,0.470113,1302.0748,1.6445e+09
0.053273,0.472726,1306.6135,1.6729e+09
0.053273,0.475334,1311.1326,1.7015e+09
0.053273,0.475816,1311.9673,1.7068e+09
0.053273,0.478297,1316.2566,1.7343e+09
0.053273,0.480891,1320.7311,1.7632e+09
0.053273,0.483477,1325.1797,1.7924e+09
0.053273,0.486056,1329.6083,1.8217e+09
0.053273,0.487696,1332.4193,1.8404e+09
0.053273,0.488986,1334.6287,1.8552e+09
0.053273,0.491549,1339.0074,1.8848e+09
0.053273,0.494105,1343.3609,1.9146e+09
0.053273,0.496655,1347.6943,1.9445e+09
0.053273,0.499198,1352.0162,1.9743e+09
0.053273,0.499978,1353.3420,1.9835e+09
0.053273,0.502087,1356.9107,2.0086e+09
0.053273,0.504615,1361.1823,2.0387e+09
0.053273,0.507136,1365.4318,2.0691e+09
0.053273,0.509651,1369.6600,2.0995e+09
0.053273,0.511723,1373.1404,2.1247e+09
0.053273,0.512734,1374.8334,2.1371e+09
0.053273,0.515009,1378.6427,2.1650e+09
0.053273,0.517503,1382.8068,2.1957e+09
0.053273,0.519991,1386.9541,2.2265e+09
0.053273,0.522473,1391.0804,2.2574e+09
0.053273,0.524103,1393.7858,2.2778e+09
0.053273,0.525443,1396.0065,2.2947e+09
0.053273,0.527761,1399.8454,2.3238e+09
0.053273,0.530223,1403.9112,2.3550e+09
0.053273,0.532679,1407.9574,2.3862e+09
0.053273,0.535129,1411.9881,2.4174e+09
0.053273,0.536459,1414.1697,2.4344e+09
0.053273,0.537984,1416.6706,2.4540e+09
0.053273,0.540352,1420.5446,2.4845e+09
0.053273,0.542783,1424.5178,2.5158e+09
0.053273,0.545209,1428.4692,2.5473e+09
0.053273,0.547627,1432.4012,2.5787e+09
0.053273,0.548783,1434.2791,2.5938e+09
0.053273,0.550379,1436.8698,2.6146e+09
0.053273,0.552788,1440.7661,2.6462e+09
0.053273,0.555190,1444.6472,2.6777e+09
0.053273,0.557587,1448.5117,2.7092e+09
0.053273,0.559894,1452.2208,2.7397e+09
0.053273,0.561093,1454.1477,2.7555e+09
0.053273,0.562697,1456.7201,2.7767e+09
0.053273,0.565077,1460.5317,2.8083e+09
0.053273,0.567452,1464.3251,2.8398e+09
0.053273,0.569821,1468.1048,2.8713e+09
0.053273,0.572085,1471.7055,2.9014e+09
0.053273,0.573313,1473.6579,2.9178e+09
0.053273,0.574873,1476.1315,2.9386e+09
0.053273,0.577227,1479.8619,2.9700e+09
0.053273,0.579575,1483.5716,3.0014e+09
0.053273,0.581918,1487.2683,3.0327e+09
0.053273,0.584193,1490.8488,3.0631e+09
0.053273,0.585458,1492.8379,3.0800e+09
0.053273,0.586915,1495.1235,3.0995e+09
0.053273,0.589243,1498.7733,3.1306e+09
0.053273,0.591567,1502.4059,3.1617e+09
0.053273,0.593885,1506.0234,3.1927e+09
0.053273,0.596199,1509.6284,3.2236e+09
0.053273,0.597544,1511.7179,3.2415e+09
0.053273,0.598841,1513.7324,3.2588e+09
0.053273,0.601134,1517.2873,3.2893e+09
0.053273,0.603434,1520.8460,3.3199e+09
0.053273,0.605728,1524.3879,3.3503e+09
0.053273,0.608019,1527.9189,3.3807e+09
0.053273,0.609560,1530.2879,3.4010e+09
0.053273,0.610760,1532.1319,3.4169e+09
0.053273,0.612904,1535.4210,3.4451e+09
0.053273,0.615181,1538.9088,3.4751e+09
0.053273,0.617454,1542.3786,3.5048e+09
0.053273,0.619722,1545.8377,3.5344e+09
0.053273,0.621491,1548.5304,3.5574e+09
0.053273,0.622628,1550.2599,3.5722e+09
0.053273,0.624560,1553.1906,3.5972e+09
0.053273,0.626816,1556.6091,3.6263e+09
0.053273,0.629067,1560.0111,3.6551e+09
0.053273,0.631314,1563.4013,3.6838e+09
0.053273,0.633332,1566.4410,3.7094e+09
0.053273,0.634460,1568.1372,3.7237e+09
0.053273,0.636108,1570.6111,3.7444e+09
0.053273,0.638343,1573.9623,3.7724e+09
0.053273,0.640574,1577.2999,3.8001e+09
0.053273,0.642801,1580.6240,3.8276e+09
0.053273,0.645024,1583.9386,3.8549e+09
0.053273,0.646280,1585.8037,3.8701e+09
0.053273,0.647593,1587.7557,3.8861e+09
0.053273,0.649769,1590.9829,3.9123e+09
0.053273,0.651981,1594.2587,3.9387e+09
0.053273,0.654189,1597.5190,3.9647e+09
0.053273,0.656393,1600.7702,3.9906e+09
0.053273,0.658092,1603.2692,4.0102e+09
0.053273,0.659197,1604.8947,4.0230e+09
0.053273,0.661098,1607.6834,4.0446e+09
0.053273,0.663292,1610.8985,4.0694e+09
0.053273,0.665482,1614.0989,4.0938e+09
0.053273,0.667668,1617.2889,4.1178e+09
0.053273,0.669812,1620.4112,4.1412e+09
0.053273,0.670785,1621.8242,4.1516e+09
0.053273,0.672336,1624.0760,4.1680e+09
0.053273,0.674512,1627.2311,4.1909e+09
0.053273,0.676686,1630.3752,4.2134e+09
0.053273,0.678856,1633.5061,4.2353e+09
0.053273,0.681023,1636.6283,4.2569e+09
0.053273,0.682587,1638.8773,4.2722e+09
0.053273,0.683682,1640.4504,4.2829e+09
0.053273,0.685648,1643.2686,4.3015e+09
0.053273,0.687806,1646.3567,4.3217e+09
0.053273,0.689960,1649.4323,4.3413e+09
0.053273,0.692111,1652.4974,4.3603e+09
0.053273,0.694260,1655.5540,4.3790e+09
0.053273,0.695095,1656.7379,4.3860e+09
0.053273,0.696714,1659.0343,4.3996e+09
0.053273,0.698847,1662.0533,4.4169e+09
0.053273,0.700987,1665.0766,4.4338e+09
0.053273,0.703124,1668.0872,4.4500e+09
0.053273,0.705258,1671.0884,4.4656e+09
0.053273,0.706974,1673.4977,4.4779e+09
0.053273,0.707825,1674.6914,4.4838e+09
0.053273,0.709815,1677.4761,4.4971e+09
0.053273,0.711941,1680.4449,4.5107e+09
0.053273,0.714065,1683.4054,4.5238e+09
0.053273,0.716186,1686.3541,4.5360e+09
0.053273,0.718304,1689.2932,4.5475e+09
0.053273,0.719421,1690.8405,4.5534e+09
0.053273,0.720715,1692.6313,4.5598e+09
0.053273,0.722829,1695.5498,4.5699e+09
0.053273,0.724940,1698.4573,4.5789e+09
0.053273,0.727049,1701.3566,4.5874e+09
0.053273,0.729156,1704.2465,4.5951e+09
0.053273,0.731261,1707.1249,4.6017e+09
0.053273,0.731707,1707.7350,4.6030e+09
0.053273,0.733656,1710.3942,4.6083e+09
0.053273,0.735756,1713.2541,4.6133e+09
0.053273,0.737854,1716.1032,4.6172e+09
0.053273,0.739950,1718.9427,4.6201e+09
0.053273,0.742045,1721.7739,4.6223e+09
0.053273,0.743854,1724.2144,4.6233e+09
0.053273,0.744429,1724.9886,4.6235e+09
0.053273,0.746519,1727.7986,4.6234e+09
0.053273,0.748608,1730.5995,4.6222e+09
0.053273,0.750695,1733.3921,4.6201e+09
0.053273,0.752780,1736.1764,4.6170e+09
0.053273,0.754864,1738.9492,4.6124e+09
0.053273,0.756166,1740.6777,4.6091e+09
0.053273,0.757237,1742.0984,4.6059e+09
0.053273,0.759318,1744.8530,4.5991e+09
0.053273,0.761397,1747.5992,4.5911e+09
0.053273,0.763476,1750.3360,4.5818e+09
0.053273,0.765553,1753.0630,4.5710e+09
0.053273,0.767556,1755.6858,4.5595e+09
0.053273,0.768526,1756.9552,4.5536e+09
0.053273,0.769993,1758.8687,4.5438e+09
0.053273,0.772067,1761.5692,4.5291e+09
0.053273,0.774140,1764.2614,4.5130e+09
0.053273,0.776213,1766.9433,4.4952e+09
0.053273,0.778284,1769.6167,4.4759e+09
0.053273,0.780089,1771.9398,4.4580e+09
0.053273,0.780961,1773.0596,4.4489e+09
0.053273,0.782713,1775.3058,4.4298e+09
0.053273,0.784780,1777.9498,4.4058e+09
0.053273,0.786846,1780.5836,4.3802e+09
0.053273,0.788910,1783.2070,4.3531e+09
0.053273,0.790973,1785.8192,4.3242e+09
0.053273,0.792514,1787.7658,4.3012e+09
0.053273,0.793447,1788.9425,4.2872e+09
0.053273,0.795378,1791.3712,4.2564e+09
0.053273,0.797435,1793.9492,4.2220e+09
0.053273,0.799489,1796.5164,4.1857e+09
0.053273,0.801542,1799.0725,4.1477e+09
0.053273,0.803593,1801.6176,4.1077e+09
0.053273,0.804839,1803.1596,4.0826e+09
0.053273,0.805955,1804.5382,4.0594e+09
0.053273,0.807975,1807.0263,4.0160e+09
0.053273,0.810021,1809.5370,3.9700e+09
0.053273,0.812066,1812.0366,3.9221e+09
0.053273,0.814109,1814.5251,3.8721e+09
0.053273,0.816130,1816.9771,3.8207e+09
0.053273,0.817102,1818.1530,3.7950e+09
0.053273,0.818476,1819.8119,3.7583e+09
0.053273,0.820515,1822.2654,3.7018e+09
0.053273,0.822553,1824.7078,3.6431e+09
0.053273,0.824590,1827.1393,3.5824e+09
0.053273,0.826627,1829.5601,3.5196e+09
0.053273,0.828589,1831.8829,3.4571e+09
0.053273,0.829363,1832.7960,3.4318e+09
0.053273,0.830982,1834.7028,3.3780e+09
0.053273,0.833017,1837.0892,3.3084e+09
0.053273,0.835052,1839.4653,3.2367e+09
0.053273,0.837086,1841.8315,3.1630e+09
0.053273,0.839121,1844.1861,3.0869e+09
0.053273,0.841020,1846.3746,3.0141e+09
0.053273,0.841630,1847.0768,2.9904e+09
0.053273,0.843476,1849.1912,2.9174e+09
0.053273,0.845512,1851.5153,2.8350e+09
0.053273,0.847550,1853.8302,2.7507e+09
0.053273,0.849588,1856.1358,2.6644e+09
0.053273,0.851629,1858.4330,2.5764e+09
0.053273,0.853436,1860.4598,2.4971e+09
0.053273,0.853955,1861.0407,2.4741e+09
0.053273,0.856000,1863.3212,2.3826e+09
0.053273,0.858047,1865.5948,2.2896e+09
0.053273,0.860097,1867.8625,2.1953e+09
0.053273,0.862150,1870.1249,2.1000e+09
0.053273,0.864206,1872.3831,2.0037e+09
0.053273,0.865832,1874.1633,1.9272e+09
0.053273,0.866554,1874.9524,1.8931e+09
0.053273,0.868620,1877.2060,1.7956e+09
0.053273,0.870690,1879.4596,1.6980e+09
0.053273,0.872766,1881.7151,1.6006e+09
0.053273,0.874847,1883.9745,1.5038e+09
0.053273,0.876934,1886.2406,1.4079e+09
0.053273,0.878139,1887.5495,1.3532e+09
0.053273,0.879321,1888.8348,1.3002e+09
0.053273,0.881424,1891.1255,1.2076e+09
0.053273,0.883533,1893.4333,1.1173e+09
0.053273,0.885651,1895.7623,1.0297e+09
0.053273,0.887776,1898.1183,9.4537e+08
0.053273,0.889790,1900.3722,8.6927e+08
0.053273,0.890583,1901.2657,8.4026e+08
0.053273,0.892355,1903.2817,7.7806e+08
0.053273,0.894509,1905.7681,7.0695e+08
0.053273,0.896673,1908.3137,6.4087e+08
0.053273,0.898846,1910.9298,5.8015e+08
0.053273,0.901006,1913.6041,5.2566e+08
0.053273,0.902519,1915.5253,4.9085e+08
0.053273,0.903529,1916.8327,4.6918e+08
0.053273,0.905734,1919.7679,4.2607e+08
0.053273,0.907948,1922.8416,3.8827e+08
0.053273,0.910172,1926.0783,3.5547e+08
0.053273,0.912407,1929.5035,3.2713e+08
0.053273,0.914344,1932.6344,3.0580e+08
0.053273,0.915199,1934.0710,2.9722e+08
0.053273,0.917226,1937.6169,2.7856e+08
0.053273,0.919495,1941.8576,2.6002e+08
0.053273,0.921775,1946.4445,2.4319e+08
0.053273,0.924064,1951.4193,2.2749e+08
0.053273,0.926162,1956.3490,2.1375e+08
0.053273,0.927219,1958.9806,2.0699e+08
0.053273,0.928986,1963.6134,1.9584e+08
0.053273,0.931297,1970.1530,1.8147e+08
0.053273,0.933615,1977.2755,1.6731e+08
0.053273,0.935939,1985.0165,1.5344e+08
0.053273,0.938133,1992.8768,1.4076e+08
0.053273,0.939318,1997.3374,1.3413e+08
0.053273,0.940932,2003.6284,1.2538e+08
0.053273,0.943274,2013.1632,1.1334e+08
0.053273,0.945623,2023.0888,1.0212e+08
0.053273,0.947977,2033.2646,9.1742e+07
0.053273,0.950234,2043.1090,8.2600e+07
0.053273,0.951473,2048.5185,7.7904e+07
0.053273,0.953033,2055.3122,7.2292e+07
0.053273,0.955406,2065.5620,6.4376e+07
0.053273,0.957784,2075.7010,5.7135e+07
0.053273,0.960167,2085.7108,5.0501e+07
0.053273,0.962471,2095.2366,4.4636e+07
0.053273,0.963669,2100.1274,4.1785e+07
0.053273,0.965290,2106.6831,3.8132e+07
0.053273,0.967693,2116.2602,3.3132e+07
0.053273,0.970104,2125.7185,2.8566e+07
0.053273,0.972521,2135.0588,2.4416e+07
0.053273,0.974871,2143.9969,2.0777e+07
0.053273,0.975895,2147.8524,1.9292e+07
0.053273,0.977715,2154.6433,1.6825e+07
0.053273,0.980153,2163.6389,1.3814e+07
0.053273,0.982596,2172.5315,1.1139e+07
0.053273,0.985043,2181.3307,8.7673e+06
0.053273,0.987443,2189.8592,6.7270e+06
0.053273,0.988135,2192.2981,6.1893e+06
0.053273,0.990285,2199.8317,4.6479e+06
0.053273,0.992732,2208.3128,3.1388e+06
0.053273,0.995169,2216.6779,1.8770e+06
0.053273,0.997594,2224.9327,8.5097e+05
0.053273,1.000000,2233.0295,4.0837e+04
0.054529,0.000000,300.0000,7.6048e+00
0.054529,0.002877,306.6325,3.2300e+03
0.054529,0.005624,313.9151,1.4366e+04
0.054529,0.008325,321.0682,3.2894e+04
0.054529,0.010993,328.0995,5.9039e+04
0.054529,0.012120,331.0559,7.2455e+04
0.054529,0.014014,336.0136,9.8223e+04
0.054529,0.016618,342.8011,1.4054e+05
0.054529,0.019213,349.5386,1.9088e+05
0.054529,0.021792,356.2060,2.4957e+05
0.054529,0.023858,361.5326,3.0303e+05
0.054529,0.025017,364.5101,3.3649e+05
0.054529,0.027259,370.2644,4.0609e+05
0.054529,0.029793,376.7475,4.9461e+05
0.054529,0.032315,383.1799,5.9440e+05
0.054529,0.034826,389.5656,7.0680e+05
0.054529,0.036369,393.4801,7.8386e+05
0.054529,0.037805,397.1205,8.5783e+05
0.054529,0.040164,403.0852,9.9453e+05
0.054529,0.042644,409.3400,1.1548e+06
0.054529,0.045115,415.5548,1.3347e+06
0.054529,0.047553,421.6700,1.5324e+06
0.054529,0.048816,424.8326,1.6440e+06
0.054529,0.050376,428.7318,1.7914e+06
0.054529,0.052824,434.8384,2.0425e+06
0.054529,0.055264,440.9110,2.3234e+06
0.054529,0.057697,446.9518,2.6327e+06
0.054529,0.059955,452.5423,2.9486e+06
0.054529,0.061219,455.6692,3.1393e+06
0.054529,0.062883,459.7775,3.4030e+06
0.054529,0.065298,465.7272,3.8216e+06
0.054529,0.067708,471.6498,4.2787e+06
0.054529,0.070112,477.5446,4.7766e+06
0.054529,0.072273,482.8317,5.2608e+06
0.054529,0.073521,485.8804,5.5572e+06
0.054529,0.075239,490.0711,5.9891e+06
0.054529,0.077629,495.8880,6.6287e+06
0.054529,0.080014,501.6812,7.3171e+06
0.054529,0.082395,507.4503,8.0555e+06
0.054529,0.084517,512.5839,8.7556e+06
0.054529,0.085749,515.5572,9.1898e+06
0.054529,0.087475,519.7188,9.8090e+06
0.054529,0.089844,525.4194,1.0717e+07
0.054529,0.092210,531.0983,1.1684e+07
0.054529,0.094572,536.7559,1.2709e+07
0.054529,0.096696,541.8325,1.3680e+07
0.054529,0.097927,544.7698,1.4268e+07
0.054529,0.099615,548.7927,1.5099e+07
0.054529,0.101968,554.3882,1.6312e+07
0.054529,0.104318,559.9653,1.7585e+07
0.054529,0.106666,565.5227,1.8925e+07
0.054529,0.108816,570.6008,2.0216e+07
0.054529,0.110071,573.5616,2.0986e+07
0.054529,0.111679,577.3503,2.2004e+07
0.054529,0.114019,582.8540,2.3530e+07
0.054529,0.116357,588.3366,2.5143e+07
0.054529,0.118692,593.8044,2.6810e+07
0.054529,0.120883,598.9243,2.8416e+07
0.054529,0.122194,601.9792,2.9432e+07
0.054529,0.123682,605.4485,3.0588e+07
0.054529,0.126012,610.8648,3.2466e+07
0.054529,0.128340,616.2690,3.4392e+07
0.054529,0.130667,621.6547,3.6401e+07
0.054529,0.132902,626.8199,3.8393e+07
0.054529,0.134306,630.0583,3.9669e+07
0.054529,0.135638,633.1305,4.0899e+07
0.054529,0.137960,638.4699,4.3117e+07
0.054529,0.140281,643.7964,4.5393e+07
0.054529,0.142600,649.1120,4.7717e+07
0.054529,0.144880,654.3201,5.0099e+07
0.054529,0.146415,657.8258,5.1709e+07
0.054529,0.147559,660.4312,5.2950e+07
0.054529,0.149875,665.7024,5.5491e+07
0.054529,0.152191,670.9594,5.8105e+07
0.054529,0.154505,676.2083,6.0756e+07
0.054529,0.156819,681.4380,6.3511e+07
0.054529,0.158519,685.2795,6.5541e+07
0.054529,0.159468,687.4179,6.6709e+07
0.054529,0.161767,692.5942,6.9568e+07
0.054529,0.164079,697.7901,7.2500e+07
0.054529,0.166391,702.9753,7.5490e+07
0.054529,0.168703,708.1469,7.8557e+07
0.054529,0.170529,712.2287,8.1012e+07
0.054529,0.171493,714.3815,8.2307e+07
0.054529,0.173647,719.1771,8.5313e+07
0.054529,0.175958,724.3206,8.8542e+07
0.054529,0.178268,729.4451,9.1886e+07
0.054529,0.180579,734.5674,9.5246e+07
0.054529,0.182521,738.8564,9.8159e+07
0.054529,0.183530,741.0860,9.9673e+07
0.054529,0.185524,745.4839,1.0270e+08
0.054529,0.187835,750.5701,1.0630e+08
0.054529,0.190147,755.6507,1.0993e+08
0.054529,0.192459,760.7186,1.1366e+08
0.054529,0.194501,765.1908,1.1698e+08
0.054529,0.195585,767.5559,1.1878e+08
0.054529,0.197408,771.5358,1.2183e+08
0.054529,0.199722,776.5792,1.2575e+08
0.054529,0.202037,781.6121,1.2975e+08
0.054529,0.204352,786.6399,1.3381e+08
0.054529,0.206479,791.2459,1.3763e+08
0.054529,0.207660,793.8021,1.3974e+08
0.054529,0.209310,797.3665,1.4276e+08
0.054529,0.211628,802.3667,1.4708e+08
0.054529,0.213948,807.3641,1.5143e+08
0.054529,0.216269,812.3483,1.5592e+08
0.054529,0.218465,817.0636,1.6017e+08
0.054529,0.219757,819.8282,1.6276e+08
0.054529,0.221239,822.9959,1.6574e+08
0.054529,0.223564,827.9675,1.7041e+08
0.054529,0.225890,832.9221,1.7527e+08
0.054529,0.228219,837.8799,1.8013e+08
0.054529,0.230468,842.6534,1.8499e+08
0.054529,0.231878,845.6437,1.8806e+08
0.054529,0.233205,848.4575,1.9094e+08
0.054529,0.235539,853.3901,1.9618e+08
0.054529,0.237874,858.3208,2.0147e+08
0.054529,0.240211,863.2454,2.0688e+08
0.054529,0.242501,868.0584,2.1229e+08
0.054529,0.244022,871.2557,2.1589e+08
0.054529,0.245218,873.7647,2.1880e+08
0.054529,0.247562,878.6699,2.2460e+08
0.054529,0.249908,883.5795,2.3040e+08
0.054529,0.252256,888.4721,2.3647e+08
0.054529,0.254575,893.3045,2.4247e+08
0.054529,0.256186,896.6549,2.4673e+08
0.054529,0.257287,898.9387,2.4971e+08
0.054529,0.259643,903.8247,2.5609e+08
0.054529,0.262001,908.7065,2.6261e+08
0.054529,0.264361,913.5806,2.6931e+08
0.054529,0.266703,918.4170,2.7596e+08
0.054529,0.268369,921.8416,2.8093e+08
0.054529,0.269420,924.0010,2.8406e+08
0.054529,0.271788,928.8701,2.9111e+08
0.054529,0.274160,933.7277,2.9844e+08
0.054529,0.276534,938.5855,3.0586e+08
0.054529,0.278898,943.4153,3.1337e+08
0.054529,0.280566,946.8135,3.1885e+08
0.054529,0.281623,948.9653,3.2232e+08
0.054529,0.284006,953.8189,3.3014e+08
0.054529,0.286392,958.6557,3.3838e+08
0.054529,0.288781,963.4984,3.4662e+08
0.054529,0.291171,968.3308,3.5509e+08
0.054529,0.292773,971.5624,3.6090e+08
0.054529,0.293903,973.8420,3.6500e+08
0.054529,0.296302,978.6778,3.7377e+08
0.054529,0.298704,983.5001,3.8293e+08
0.054529,0.301109,988.3287,3.9210e+08
0.054529,0.303517,993.1487,4.0158e+08
0.054529,0.304983,996.0784,4.0746e+08
0.054529,0.306265,998.6395,4.1260e+08
0.054529,0.308681,1003.4597,4.2240e+08
0.054529,0.311099,1008.2681,4.3260e+08
0.054529,0.313521,1013.0830,4.4280e+08
0.054529,0.315946,1017.8884,4.5337e+08
0.054529,0.317191,1020.3509,4.5889e+08
0.054529,0.318714,1023.3634,4.6563e+08
0.054529,0.321146,1028.1700,4.7653e+08
0.054529,0.323582,1032.9645,4.8787e+08
0.054529,0.326022,1037.7656,4.9922e+08
0.054529,0.328464,1042.5579,5.1095e+08
0.054529,0.329389,1044.3681,5.1546e+08
0.054529,0.331252,1048.0169,5.2457e+08
0.054529,0.333703,1052.8114,5.3664e+08
0.054529,0.336156,1057.5915,5.4922e+08
0.054529,0.338614,1062.3783,5.6183e+08
0.054529,0.341074,1067.1590,5.7477e+08
0.054529,0.341569,1068.1182,5.7743e+08
0.054529,0.343883,1072.6012,5.8988e+08
0.054529,0.346351,1077.3848,6.0316e+08
0.054529,0.348823,1082.1498,6.1710e+08
0.054529,0.351299,1086.9216,6.3107e+08
0.054529,0.353424,1091.0127,6.4317e+08
0.054529,0.354124,1092.3546,6.4731e+08
0.054529,0.356608,1097.1160,6.6198e+08
0.054529,0.359095,1101.8841,6.7667e+08
0.054529,0.361585,1106.6386,6.9191e+08
0.054529,0.364080,1111.3943,7.0733e+08
0.054529,0.365678,1114.4408,7.1720e+08
0.054529,0.366928,1116.8207,7.2505e+08
0.054529,0.369428,1121.5679,7.4104e+08
0.054529,0.371934,1126.3144,7.5737e+08
0.054529,0.374444,1131.0591,7.7396e+08
0.054529,0.376957,1135.8021,7.9080e+08
0.054529,0.377986,1137.7402,7.9782e+08
0.054529,0.379834,1141.2197,8.1044e+08
0.054529,0.382346,1145.9354,8.2792e+08
0.054529,0.384871,1150.6678,8.4573e+08
0.054529,0.387399,1155.3984,8.6379e+08
0.054529,0.389610,1159.5247,8.7986e+08
0.054529,0.390650,1161.4643,8.8745e+08
0.054529,0.392820,1165.5045,9.0355e+08
0.054529,0.395360,1170.2238,9.2261e+08
0.054529,0.397904,1174.9415,9.4193e+08
0.054529,0.400452,1179.6547,9.6158e+08
0.054529,0.402139,1182.7695,9.7479e+08
0.054529,0.403540,1185.3548,9.8581e+08
0.054529,0.405914,1189.7251,1.0047e+09
0.054529,0.408473,1194.4289,1.0253e+09
0.054529,0.411035,1199.1281,1.0462e+09
0.054529,0.413484,1203.6081,1.0665e+09
0.054529,0.414799,1206.0122,1.0775e+09
0.054529,0.416530,1209.1689,1.0921e+09
0.054529,0.419104,1213.8583,1.1140e+09
0.054529,0.421682,1218.5421,1.1362e+09
0.054529,0.424263,1223.2223,1.1588e+09
0.054529,0.426321,1226.9480,1.1769e+09
0.054529,0.427586,1229.2325,1.1882e+09
0.054529,0.429799,1233.2265,1.2080e+09
0.054529,0.432391,1237.8941,1.2315e+09
0.054529,0.434988,1242.5586,1.2554e+09
0.054529,0.437516,1247.0924,1.2788e+09
0.054529,0.439161,1250.0344,1.2943e+09
0.054529,0.440556,1252.5298,1.3074e+09
0.054529,0.443164,1257.1807,1.3322e+09
0.054529,0.445775,1261.8292,1.3573e+09
0.054529,0.448390,1266.4754,1.3827e+09
0.054529,0.450747,1270.6527,1.4059e+09
0.054529,0.451756,1272.4396,1.4158e+09
0.054529,0.453997,1276.3982,1.4382e+09
0.054529,0.456623,1281.0297,1.4645e+09
0.054529,0.459252,1285.6565,1.4912e+09
0.054529,0.461880,1290.2695,1.5181e+09
0.054529,0.463516,1293.1367,1.5350e+09
0.054529,0.464873,1295.5090,1.5491e+09
0.054529,0.467495,1300.0909,1.5766e+09
0.054529,0.470113,1304.6556,1.6042e+09
0.054529,0.472726,1309.1983,1.6320e+09
0.054529,0.475334,1313.7233,1.6601e+09
0.054529,0.475816,1314.5585,1.6653e+09
0.054529,0.478297,1318.8535,1.6922e+09
0.054529,0.480891,1323.3307,1.7206e+09
0.054529,0.483477,1327.7851,1.7491e+09
0.054529,0.486056,1332.2194,1.7778e+09
0.054529,0.487696,1335.0321,1.7962e+09
0.054529,0.488986,1337.2443,1.8106e+09
0.054529,0.491549,1341.6206,1.8398e+09
0.054529,0.494105,1345.9828,1.8689e+09
0.054529,0.496655,1350.3334,1.8980e+09
0.054529,0.499198,1354.6526,1.9274e+09
0.054529,0.499978,1355.9771,1.9364e+09
0.054529,0.502087,1359.5503,1.9610e+09
0.054529,0.504615,1363.8272,1.9906e+09
0.054529,0.507136,1368.0793,2.0203e+09
0.054529,0.509651,1372.3129,2.0502e+09
0.054529,0.511723,1375.7956,2.0749e+09
0.054529,0.512734,1377.4921,2.0870e+09
0.054529,0.515009,1381.3039,2.1143e+09
0.054529,0.517503,1385.4732,2.1445e+09
0.054529,0.519991,1389.6257,2.1747e+09
0.054529,0.522473,1393.7546,2.2050e+09
0.054529,0.524103,1396.4642,2.2250e+09
0.054529,0.525443,1398.6863,2.2415e+09
0.054529,0.527761,1402.5300,2.2701e+09
0.054529,0.530223,1406.5984,2.3006e+09
0.054529,0.532679,1410.6497,2.3312e+09
0.054529,0.535129,1414.6846,2.3619e+09
0.054529,0.536459,1416.8682,2.3786e+09
0.054529,0.537984,1419.3708,2.3978e+09
0.054529,0.540352,1423.2495,2.4277e+09
0.054529,0.542783,1427.2265,2.4584e+09
0.054529,0.545209,1431.1815,2.4893e+09
0.054529,0.547627,1435.1183,2.5202e+09
0.054529,0.548783,1436.9974,2.5350e+09
0.054529,0.550379,1439.5903,2.5554e+09
0.054529,0.552788,1443.4908,2.5864e+09
0.054529,0.555190,1447.3766,2.6173e+09
0.054529,0.557587,1451.2435,2.6483e+09
0.054529,0.559894,1454.9572,2.6781e+09
0.054529,0.561093,1456.8853,2.6937e+09
0.054529,0.562697,1459.4616,2.7145e+09
0.054529,0.565077,1463.2756,2.7455e+09
0.054529,0.567452,1467.0736,2.7765e+09
0.054529,0.569821,1470.8570,2.8074e+09
0.054529,0.572085,1474.4607,2.8370e+09
0.054529,0.573313,1476.4144,2.8531e+09
0.054529,0.574873,1478.8918,2.8736e+09
0.054529,0.577227,1482.6244,2.9044e+09
0.054529,0.579575,1486.3387,2.9353e+09
0.054529,0.581918,1490.0399,2.9661e+09
0.054529,0.584193,1493.6226,2.9960e+09
0.054529,0.585458,1495.6151,3.0126e+09
0.054529,0.586915,1497.9022,3.0318e+09
0.054529,0.589243,1501.5565,3.0624e+09
0.054529,0.591567,1505.1913,3.0930e+09
0.054529,0.593885,1508.8133,3.1235e+09
0.054529,0.596199,1512.4205,3.1539e+09
0.054529,0.597544,1514.5136,3.1716e+09
0.054529,0.598841,1516.5293,3.1886e+09
0.054529,0.601134,1520.0886,3.2187e+09
0.054529,0.603434,1523.6495,3.2488e+09
0.054529,0.605728,1527.1960,3.2788e+09
0.054529,0.608019,1530.7304,3.3088e+09
0.054529,0.609560,1533.1019,3.3289e+09
0.054529,0.610760,1534.9470,3.3445e+09
0.054529,0.612904,1538.2405,3.3724e+09
0.054529,0.615181,1541.7304,3.4020e+09
0.054529,0.617454,1545.2047,3.4314e+09
0.054529,0.619722,1548.6685,3.4606e+09
0.054529,0.621491,1551.3628,3.4834e+09
0.054529,0.622628,1553.0933,3.4980e+09
0.054529,0.624560,1556.0283,3.5227e+09
0.054529,0.626816,1559.4503,3.5515e+09
0.054529,0.629067,1562.8555,3.5801e+09
0.054529,0.631314,1566.2504,3.6085e+09
0.054529,0.633332,1569.2920,3.6339e+09
0.054529,0.634460,1570.9918,3.6481e+09
0.054529,0.636108,1573.4673,3.6687e+09
0.054529,0.638343,1576.8233,3.6965e+09
0.054529,0.640574,1580.1630,3.7241e+09
0.054529,0.642801,1583.4919,3.7515e+09
0.054529,0.645024,1586.8088,3.7786e+09
0.054529,0.646280,1588.6778,3.7939e+09
0.054529,0.647593,1590.6309,3.8097e+09
0.054529,0.649769,1593.8631,3.8359e+09
0.054529,0.651981,1597.1409,3.8623e+09
0.054529,0.654189,1600.4064,3.8883e+09
0.054529,0.656393,1603.6624,3.9142e+09
0.054529,0.658092,1606.1633,3.9339e+09
0.054529,0.659197,1607.7899,3.9467e+09
0.054529,0.661098,1610.5836,3.9685e+09
0.054529,0.663292,1613.8022,3.9934e+09
0.054529,0.665482,1617.0065,4.0180e+09
0.054529,0.667668,1620.2021,4.0423e+09
0.054529,0.669812,1623.3264,4.0658e+09
0.054529,0.670785,1624.7439,4.0764e+09
0.054529,0.672336,1626.9971,4.0930e+09
0.054529,0.674512,1630.1580,4.1163e+09
0.054529,0.676686,1633.3042,4.1390e+09
0.054529,0.678856,1636.4410,4.1615e+09
0.054529,0.681023,1639.5678,4.1836e+09
0.054529,0.682587,1641.8198,4.1992e+09
0.054529,0.683682,1643.3940,4.2101e+09
0.054529,0.685648,1646.2182,4.2293e+09
0.054529,0.687806,1649.3106,4.2501e+09
0.054529,0.689960,1652.3905,4.2704e+09
0.054529,0.692111,1655.4621,4.2903e+09
0.054529,0.694260,1658.5216,4.3096e+09
0.054529,0.695095,1659.7102,4.3171e+09
0.054529,0.696714,1662.0083,4.3312e+09
0.054529,0.698847,1665.0341,4.3495e+09
0.054529,0.700987,1668.0608,4.3673e+09
0.054529,0.703124,1671.0774,4.3846e+09
0.054529,0.705258,1674.0859,4.4014e+09
0.054529,0.706974,1676.4972,4.4144e+09
0.054529,0.707825,1677.6941,4.4208e+09
0.054529,0.709815,1680.4838,4.4353e+09
0.054529,0.711941,1683.4603,4.4504e+09
0.054529,0.714065,1686.4248,4.4647e+09
0.054529,0.716186,1689.3800,4.4784e+09
0.054529,0.718304,1692.3272,4.4917e+09
0.054529,0.719421,1693.8758,4.4982e+09
0.054529,0.720715,1695.6711,4.5058e+09
0.054529,0.722829,1698.5952,4.5174e+09
0.054529,0.724940,1701.5113,4.5285e+09
0.054529,0.727049,1704.4167,4.5388e+09
0.054529,0.729156,1707.3122,4.5483e+09
0.054529,0.731261,1710.1997,4.5573e+09
0.054529,0.731707,1710.8104,4.5590e+09
0.054529,0.733656,1713.4779,4.5665e+09
0.054529,0.735756,1716.3432,4.5735e+09
0.054529,0.737854,1719.2005,4.5799e+09
0.054529,0.739950,1722.0498,4.5856e+09
0.054529,0.742045,1724.8874,4.5902e+09
0.054529,0.743854,1727.3345,4.5935e+09
0.054529,0.744429,1728.1105,4.5944e+09
0.054529,0.746519,1730.9301,4.5973e+09
0.054529,0.748608,1733.7410,4.5993e+09
0.054529,0.750695,1736.5410,4.6001e+09
0.054529,0.752780,1739.3332,4.6001e+09
0.054529,0.754864,1742.1175,4.5992e+09
0.054529,0.756166,1743.8508,4.5979e+09
0.054529,0.757237,1745.2782,4.5969e+09
0.054529,0.759318,1748.0415,4.5935e+09
0.054529,0.761397,1750.7970,4.5892e+09
0.054529,0.763476,1753.5446,4.5839e+09
0.054529,0.765553,1756.2835,4.5775e+09
0.054529,0.767556,1758.9160,4.5700e+09
0.054529,0.768526,1760.1911,4.5662e+09
0.054529,0.769993,1762.1119,4.5595e+09
0.054529,0.772067,1764.8235,4.5493e+09
0.054529,0.774140,1767.5272,4.5379e+09
0.054529,0.776213,1770.2224,4.5252e+09
0.054529,0.778284,1772.9080,4.5110e+09
0.054529,0.780089,1775.2418,4.4976e+09
0.054529,0.780961,1776.3673,4.4909e+09
0.054529,0.782713,1778.6244,4.4763e+09
0.054529,0.784780,1781.2818,4.4580e+09
0.054529,0.786846,1783.9295,4.4383e+09
0.054529,0.788910,1786.5672,4.4172e+09
0.054529,0.790973,1789.1931,4.3944e+09
0.054529,0.792514,1791.1510,4.3762e+09
0.054529,0.793447,1792.3342,4.3651e+09
0.054529,0.795378,1794.7769,4.3405e+09
0.054529,0.797435,1797.3706,4.3129e+09
0.054529,0.799489,1799.9538,4.2836e+09
0.054529,0.801542,1802.5263,4.2528e+09
0.054529,0.803593,1805.0883,4.2202e+09
0.054529,0.804839,1806.6409,4.1997e+09
0.054529,0.805955,1808.0281,4.1806e+09
0.054529,0.807975,1810.5336,4.1448e+09
0.054529,0.810021,1813.0622,4.1068e+09
0.054529,0.812066,1815.5799,4.0670e+09
0.054529,0.814109,1818.0869,4.0253e+09
0.054529,0.816130,1820.5575,3.9823e+09
0.054529,0.817102,1821.7429,3.9608e+09
0.054529,0.818476,1823.4143,3.9298e+09
0.054529,0.820515,1825.8877,3.8822e+09
0.054529,0.822553,1828.3502,3.8326e+09
0.054529,0.824590,1830.8021,3.7810e+09
0.054529,0.826627,1833.2434,3.7274e+09
0.054529,0.828589,1835.5862,3.6738e+09
0.054529,0.829363,1836.5079,3.6523e+09
0.054529,0.830982,1838.4317,3.6061e+09
0.054529,0.833017,1840.8392,3.5460e+09
0.054529,0.835052,1843.2363,3.4838e+09
0.054529,0.837086,1845.6232,3.4195e+09
0.054529,0.839121,1848.0002,3.3532e+09
0.054529,0.841020,1850.2090,3.2895e+09
0.054529,0.841630,1850.9167,3.2685e+09
0.054529,0.843476,1853.0508,3.2041e+09
0.054529,0.845512,1855.3960,3.1312e+09
0.054529,0.847550,1857.7317,3.0562e+09
0.054529,0.849588,1860.0569,2.9789e+09
0.054529,0.851629,1862.3737,2.8997e+09
0.054529,0.853436,1864.4167,2.8279e+09
0.054529,0.853955,1865.0016,2.8069e+09
0.054529,0.856000,1867.2997,2.7235e+09
0.054529,0.858047,1869.5882,2.6379e+09
0.054529,0.860097,1871.8696,2.5507e+09
0.054529,0.862150,1874.1430,2.4616e+09
0.054529,0.864206,1876.4094,2.3708e+09
0.054529,0.865832,1878.1944,2.2981e+09
0.054529,0.866554,1878.9845,2.2655e+09
0.054529,0.868620,1881.2389,2.1716e+09
0.054529,0.870690,1883.4885,2.0765e+09
0.054529,0.872766,1885.7342,1.9803e+09
0.054529,0.874847,1887.9771,1.8833e+09
0.054529,0.876934,1890.2185,1.7857e+09
0.054529,0.878139,1891.5095,1.7293e+09
0.054529,0.879321,1892.7738,1.6741e+09
0.054529,0.881424,1895.0182,1.5762e+09
0.054529,0.883533,1897.2665,1.4788e+09
0.054529,0.885651,1899.5211,1.3821e+09
0.054529,0.887776,1901.7847,1.2866e+09
0.054529,0.889790,1903.9323,1.1980e+09
0.054529,0.890583,1904.7790,1.1637e+09
0.054529,0.892355,1906.6759,1.0884e+09
0.054529,0.894509,1908.9932,9.9991e+08
0.054529,0.896673,1911.3367,9.1458e+08
0.054529,0.898846,1913.7128,8.3300e+08
0.054529,0.901006,1916.1050,7.5650e+08
0.054529,0.902519,1917.8026,7.0599e+08
0.054529,0.903529,1918.9466,6.7366e+08
0.054529,0.905734,1921.4824,6.0713e+08
0.054529,0.907948,1924.0930,5.4629e+08
0.054529,0.910172,1926.7914,4.9117e+08
0.054529,0.912407,1929.5976,4.4203e+08
0.054529,0.914344,1932.1203,4.0429e+08
0.054529,0.915199,1933.2640,3.8897e+08
0.054529,0.917226,1936.0591,3.5592e+08
0.054529,0.919495,1939.3510,3.2393e+08
0.054529,0.921775,1942.8587,2.9643e+08
0.054529,0.924064,1946.6169,2.7274e+08
0.054529,0.926162,1950.3087,2.5379e+08
0.054529,0.927219,1952.2683,2.4506e+08
0.054529,0.928986,1955.7171,2.3138e+08
0.054529,0.931297,1960.5727,2.1480e+08
0.054529,0.933615,1965.9184,1.9918e+08
0.054529,0.935939,1971.7857,1.8408e+08
0.054529,0.938133,1977.8816,1.7017e+08
0.054529,0.939318,1981.4102,1.6278e+08
0.054529,0.940932,1986.4887,1.5286e+08
0.054529,0.943274,1994.4601,1.3884e+08
0.054529,0.945623,2003.1547,1.2537e+08
0.054529,0.947977,2012.5147,1.1263e+08
0.054529,0.950234,2021.9861,1.0126e+08
0.054529,0.951473,2027.3493,9.5388e+07
0.054529,0.953033,2034.2125,8.8372e+07
0.054529,0.955406,2044.7765,7.8489e+07
0.054529,0.957784,2055.3998,6.9487e+07
0.054529,0.960167,2065.9803,6.1290e+07
0.054529,0.962471,2076.0854,5.4081e+07
0.054529,0.963669,2081.2782,5.0592e+07
0.054529,0.965290,2088.2462,4.6113e+07
0.054529,0.967693,2098.4287,3.9991e+07
0.054529,0.970104,2108.4561,3.4436e+07
0.054529,0.972521,2118.3407,2.9378e+07
0.054529,0.974871,2127.7996,2.4929e+07
0.054529,0.975895,2131.8746,2.3133e+07
0.054529,0.977715,2139.0505,2.0128e+07
0.054529,0.980153,2148.5205,1.6484e+07
0.054529,0.982596,2157.8732,1.3234e+07
0.054529,0.985043,2167.1178,1.0357e+07
0.054529,0.987443,2176.0783,7.8874e+06
0.054529,0.988135,2178.6441,7.2355e+06
0.054529,0.990285,2186.5481,5.3893e+06
0.054529,0.992732,2195.4536,3.5949e+06
0.054529,0.995169,2204.2297,2.1082e+06
0.054529,0.997594,2212.9068,9.2731e+05
0.054529,1.000000,2221.4713,3.4341e+04
0.055780,0.000000,300.0000,-1.5608e+01
0.055780,0.002877,306.5996,2.9945e+03
0.055780,0.005624,313.9201,1.3388e+04
0.055780,0.008325,321.1136,3.1116e+04
0.055780,0.010993,328.1869,5.5682e+04
0.055780,0.012120,331.1607,6.8298e+04
0.055780,0.014014,336.1462,9.2797e+04
0.055780,0.016618,342.9716,1.3280e+05
0.055780,0.019213,349.7441,1.8077e+05
0.055780,0.021792,356.4450,2.3670e+05
0.055780,0.023858,361.7971,2.8783e+05
0.055780,0.025017,364.7910,3.1877e+05
0.055780,0.027259,370.5717,3.8513e+05
0.055780,0.029793,377.0833,4.6973e+05
0.055780,0.032315,383.5432,5.6488e+05
0.055780,0.034826,389.9557,6.7173e+05
0.055780,0.036369,393.8892,7.4257e+05
0.055780,0.037805,397.5402,8.1590e+05
0.055780,0.040164,403.5306,9.4321e+05
0.055780,0.042644,409.8082,1.0960e+06
0.055780,0.045115,416.0465,1.2654e+06
0.055780,0.047553,422.1821,1.4538e+06
0.055780,0.048816,425.3556,1.5592e+06
0.055780,0.050376,429.2683,1.6979e+06
0.055780,0.052824,435.3937,1.9368e+06
0.055780,0.055264,441.4865,2.1999e+06
0.055780,0.057697,447.5457,2.4916e+06
0.055780,0.059955,453.1517,2.7911e+06
0.055780,0.061219,456.2878,2.9701e+06
0.055780,0.062883,460.4061,3.2220e+06
0.055780,0.065298,466.3724,3.6150e+06
0.055780,0.067708,472.3108,4.0444e+06
0.055780,0.070112,478.2206,4.5124e+06
0.055780,0.072273,483.5197,4.9703e+06
0.055780,0.073521,486.5746,5.2527e+06
0.055780,0.075239,490.7763,5.6544e+06
0.055780,0.077629,496.6061,6.2562e+06
0.055780,0.080014,502.4117,6.9032e+06
0.055780,0.082395,508.1922,7.5993e+06
0.055780,0.084517,513.3338,8.2663e+06
0.055780,0.085749,516.3140,8.6701e+06
0.055780,0.087475,520.4822,9.2567e+06
0.055780,0.089844,526.1930,1.0111e+07
0.055780,0.092210,531.8821,1.1019e+07
0.055780,0.094572,537.5492,1.1983e+07
0.055780,0.096696,542.6334,1.2898e+07
0.055780,0.097927,545.5757,1.3449e+07
0.055780,0.099615,549.6042,1.4232e+07
0.055780,0.101968,555.2082,1.5371e+07
0.055780,0.104318,560.7923,1.6572e+07
0.055780,0.106666,566.3580,1.7827e+07
0.055780,0.108816,571.4433,1.9037e+07
0.055780,0.110071,574.4058,1.9770e+07
0.055780,0.111679,578.2013,2.0715e+07
0.055780,0.114019,583.7079,2.2166e+07
0.055780,0.116357,589.1978,2.3675e+07
0.055780,0.118692,594.6727,2.5234e+07
0.055780,0.120883,599.7949,2.6758e+07
0.055780,0.122194,602.8552,2.7698e+07
0.055780,0.123682,606.3260,2.8793e+07
0.055780,0.126012,611.7485,3.0550e+07
0.055780,0.128340,617.1577,3.2355e+07
0.055780,0.130667,622.5460,3.4251e+07
0.055780,0.132902,627.7165,3.6114e+07
0.055780,0.134306,630.9559,3.7318e+07
0.055780,0.135638,634.0322,3.8462e+07
0.055780,0.137960,639.3733,4.0554e+07
0.055780,0.140281,644.7042,4.2684e+07
0.055780,0.142600,650.0213,4.4874e+07
0.055780,0.144880,655.2334,4.7102e+07
0.055780,0.146415,658.7401,4.8619e+07
0.055780,0.147559,661.3482,4.9774e+07
0.055780,0.149875,666.6209,5.2164e+07
0.055780,0.152191,671.8809,5.4612e+07
0.055780,0.154505,677.1311,5.7104e+07
0.055780,0.156819,682.3634,5.9684e+07
0.055780,0.158519,686.2059,6.1591e+07
0.055780,0.159468,688.3457,6.2681e+07
0.055780,0.161767,693.5232,6.5365e+07
0.055780,0.164079,698.7209,6.8114e+07
0.055780,0.166391,703.9073,7.0919e+07
0.055780,0.168703,709.0802,7.3794e+07
0.055780,0.170529,713.1630,7.6096e+07
0.055780,0.171493,715.3158,7.7312e+07
0.055780,0.173647,720.1126,8.0129e+07
0.055780,0.175958,725.2564,8.3160e+07
0.055780,0.178268,730.3822,8.6293e+07
0.055780,0.180579,735.5043,8.9448e+07
0.055780,0.182521,739.7944,9.2176e+07
0.055780,0.183530,742.0245,9.3594e+07
0.055780,0.185524,746.4216,9.6442e+07
0.055780,0.187835,751.5093,9.9807e+07
0.055780,0.190147,756.5887,1.0323e+08
0.055780,0.192459,761.6581,1.0671e+08
0.055780,0.194501,766.1284,1.0984e+08
0.055780,0.195585,768.4943,1.1153e+08
0.055780,0.197408,772.4754,1.1438e+08
0.055780,0.199722,777.5166,1.1807e+08
0.055780,0.202037,782.5512,1.2181e+08
0.055780,0.204352,787.5764,1.2564e+08
0.055780,0.206479,792.1841,1.2921e+08
0.055780,0.207660,794.7412,1.3119e+08
0.055780,0.209310,798.3019,1.3404e+08
0.055780,0.211628,803.3039,1.3808e+08
0.055780,0.213948,808.2976,1.4220e+08
0.055780,0.216269,813.2840,1.4639e+08
0.055780,0.218465,817.9949,1.5041e+08
0.055780,0.219757,820.7607,1.5284e+08
0.055780,0.221239,823.9299,1.5562e+08
0.055780,0.223564,828.8966,1.6005e+08
0.055780,0.225890,833.8536,1.6459e+08
0.055780,0.228219,838.8097,1.6917e+08
0.055780,0.230468,843.5821,1.7374e+08
0.055780,0.231878,846.5739,1.7661e+08
0.055780,0.233205,849.3864,1.7933e+08
0.055780,0.235539,854.3161,1.8428e+08
0.055780,0.237874,859.2495,1.8922e+08
0.055780,0.240211,864.1678,1.9437e+08
0.055780,0.242501,868.9838,1.9943e+08
0.055780,0.244022,872.1773,2.0286e+08
0.055780,0.245218,874.6836,2.0562e+08
0.055780,0.247562,879.5921,2.1104e+08
0.055780,0.249908,884.4942,2.1658e+08
0.055780,0.252256,889.3901,2.2225e+08
0.055780,0.254575,894.2221,2.2790e+08
0.055780,0.256186,897.5672,2.3198e+08
0.055780,0.257287,899.8527,2.3476e+08
0.055780,0.259643,904.7425,2.4072e+08
0.055780,0.262001,909.6156,2.4697e+08
0.055780,0.264361,914.4938,2.5323e+08
0.055780,0.266703,919.3207,2.5964e+08
0.055780,0.268369,922.7484,2.6427e+08
0.055780,0.269420,924.9097,2.6719e+08
0.055780,0.271788,929.7742,2.7391e+08
0.055780,0.274160,934.6310,2.8083e+08
0.055780,0.276534,939.4932,2.8777e+08
0.055780,0.278898,944.3126,2.9501e+08
0.055780,0.280566,947.7143,3.0013e+08
0.055780,0.281623,949.8683,3.0337e+08
0.055780,0.284006,954.7106,3.1094e+08
0.055780,0.286392,959.5527,3.1863e+08
0.055780,0.288781,964.3944,3.2644e+08
0.055780,0.291171,969.2213,3.3453e+08
0.055780,0.292773,972.4567,3.3996e+08
0.055780,0.293903,974.7390,3.4378e+08
0.055780,0.296302,979.5622,3.5231e+08
0.055780,0.298704,984.3905,3.6086e+08
0.055780,0.301109,989.2143,3.6963e+08
0.055780,0.303517,994.0321,3.7864e+08
0.055780,0.304983,996.9657,3.8413e+08
0.055780,0.306265,999.5278,3.8898e+08
0.055780,0.308681,1004.3366,3.9849e+08
0.055780,0.311099,1009.1517,4.0801e+08
0.055780,0.313521,1013.9598,4.1782e+08
0.055780,0.315946,1018.7644,4.2786e+08
0.055780,0.317191,1021.2306,4.3301e+08
0.055780,0.318714,1024.2435,4.3940e+08
0.055780,0.321146,1029.0390,4.4997e+08
0.055780,0.323582,1033.8410,4.6056e+08
0.055780,0.326022,1038.6350,4.7150e+08
0.055780,0.328464,1043.4263,4.8265e+08
0.055780,0.329389,1045.2395,4.8688e+08
0.055780,0.331252,1048.8903,4.9548e+08
0.055780,0.333703,1053.6721,5.0723e+08
0.055780,0.336156,1058.4607,5.1900e+08
0.055780,0.338614,1063.2420,5.3112e+08
0.055780,0.341074,1068.0194,5.4350e+08
0.055780,0.341569,1068.9804,5.4599e+08
0.055780,0.343883,1073.4693,5.5769e+08
0.055780,0.346351,1078.2370,5.7071e+08
0.055780,0.348823,1083.0115,5.8376e+08
0.055780,0.351299,1087.7810,5.9711e+08
0.055780,0.353424,1091.8633,6.0886e+08
0.055780,0.354124,1093.2081,6.1273e+08
0.055780,0.356608,1097.9794,6.2646e+08
0.055780,0.359095,1102.7330,6.4082e+08
0.055780,0.361585,1107.4924,6.5524e+08
0.055780,0.364080,1112.2528,6.6982e+08
0.055780,0.365678,1115.2936,6.7939e+08
0.055780,0.366928,1117.6722,6.8692e+08
0.055780,0.369428,1122.4172,7.0223e+08
0.055780,0.371934,1127.1632,7.1784e+08
0.055780,0.374444,1131.9072,7.3370e+08
0.055780,0.376957,1136.6494,7.4981e+08
0.055780,0.377986,1138.5868,7.5654e+08
0.055780,0.379834,1142.0651,7.6862e+08
0.055780,0.382346,1146.7802,7.8535e+08
0.055780,0.384871,1151.5119,8.0239e+08
0.055780,0.387399,1156.2418,8.1969e+08
0.055780,0.389610,1160.3672,8.3509e+08
0.055780,0.390650,1162.3066,8.4236e+08
0.055780,0.392820,1166.3460,8.5778e+08
0.055780,0.395360,1171.0646,8.7604e+08
0.055780,0.397904,1175.7816,8.9457e+08
0.055780,0.400452,1180.4942,9.1341e+08
0.055780,0.402139,1183.6085,9.2607e+08
0.055780,0.403540,1186.1935,9.3664e+08
0.055780,0.405914,1190.5632,9.5477e+08
0.055780,0.408473,1195.2662,9.7453e+08
0.055780,0.411035,1199.9655,9.9461e+08
0.055780,0.413484,1204.4447,1.0141e+09
0.055780,0.414799,1206.8489,1.0246e+09
0.055780,0.416530,1210.0048,1.0386e+09
0.055780,0.419104,1214.6934,1.0596e+09
0.055780,0.421682,1219.3777,1.0810e+09
0.055780,0.424263,1224.0572,1.1027e+09
0.055780,0.426321,1227.7819,1.1201e+09
0.055780,0.427586,1230.0668,1.1309e+09
0.055780,0.429799,1234.0598,1.1500e+09
0.055780,0.432391,1238.7286,1.1726e+09
0.055780,0.434988,1243.3923,1.1955e+09
0.055780,0.437516,1247.9251,1.2181e+09
0.055780,0.439161,1250.8682,1.2329e+09
0.055780,0.440556,1253.3620,1.2455e+09
0.055780,0.443164,1258.0145,1.2694e+09
0.055780,0.445775,1262.6622,1.2936e+09
0.055780,0.448390,1267.3073,1.3180e+09
0.055780,0.450747,1271.4866,1.3403e+09
0.055780,0.451756,1273.2711,1.3499e+09
0.055780,0.453997,1277.2317,1.3713e+09
0.055780,0.456623,1281.8623,1.3968e+09
0.055780,0.459252,1286.4879,1.4224e+09
0.055780,0.461880,1291.1038,1.4483e+09
0.055780,0.463516,1293.9688,1.4647e+09
0.055780,0.464873,1296.3427,1.4782e+09
0.055780,0.467495,1300.9234,1.5046e+09
0.055780,0.470113,1305.4882,1.5312e+09
0.055780,0.472726,1310.0329,1.5581e+09
0.055780,0.475334,1314.5568,1.5851e+09
0.055780,0.475816,1315.3925,1.5901e+09
0.055780,0.478297,1319.6862,1.6161e+09
0.055780,0.480891,1324.1664,1.6434e+09
0.055780,0.483477,1328.6201,1.6710e+09
0.055780,0.486056,1333.0531,1.6987e+09
0.055780,0.487696,1335.8683,1.7163e+09
0.055780,0.488986,1338.0786,1.7303e+09
0.055780,0.491549,1342.4640,1.7583e+09
0.055780,0.494105,1346.8261,1.7864e+09
0.055780,0.496655,1351.1691,1.8146e+09
0.055780,0.499198,1355.4907,1.8430e+09
0.055780,0.499978,1356.8146,1.8517e+09
0.055780,0.502087,1360.3873,1.8755e+09
0.055780,0.504615,1364.6625,1.9041e+09
0.055780,0.507136,1368.9191,1.9327e+09
0.055780,0.509651,1373.1510,1.9616e+09
0.055780,0.511723,1376.6335,1.9855e+09
0.055780,0.512734,1378.3294,1.9972e+09
0.055780,0.515009,1382.1444,2.0236e+09
0.055780,0.517503,1386.3129,2.0527e+09
0.055780,0.519991,1390.4634,2.0819e+09
0.055780,0.522473,1394.5972,2.1112e+09
0.055780,0.524103,1397.3031,2.1306e+09
0.055780,0.525443,1399.5280,2.1465e+09
0.055780,0.527761,1403.3694,2.1742e+09
0.055780,0.530223,1407.4422,2.2037e+09
0.055780,0.532679,1411.4920,2.2333e+09
0.055780,0.535129,1415.5255,2.2630e+09
0.055780,0.536459,1417.7113,2.2792e+09
0.055780,0.537984,1420.2160,2.2977e+09
0.055780,0.540352,1424.0936,2.3267e+09
0.055780,0.542783,1428.0694,2.3565e+09
0.055780,0.545209,1432.0288,2.3863e+09
0.055780,0.547627,1435.9634,2.4162e+09
0.055780,0.548783,1437.8451,2.4305e+09
0.055780,0.550379,1440.4355,2.4504e+09
0.055780,0.552788,1444.3399,2.4803e+09
0.055780,0.555190,1448.2234,2.5103e+09
0.055780,0.557587,1452.0925,2.5403e+09
0.055780,0.559894,1455.8072,2.5693e+09
0.055780,0.561093,1457.7364,2.5844e+09
0.055780,0.562697,1460.3102,2.6046e+09
0.055780,0.565077,1464.1275,2.6346e+09
0.055780,0.567452,1467.9256,2.6647e+09
0.055780,0.569821,1471.7074,2.6947e+09
0.055780,0.572085,1475.3160,2.7235e+09
0.055780,0.573313,1477.2671,2.7391e+09
0.055780,0.574873,1479.7457,2.7589e+09
0.055780,0.577227,1483.4784,2.7889e+09
0.055780,0.579575,1487.1962,2.8189e+09
0.055780,0.581918,1490.8950,2.8488e+09
0.055780,0.584193,1494.4814,2.8779e+09
0.055780,0.585458,1496.4710,2.8940e+09
0.055780,0.586915,1498.7618,2.9127e+09
0.055780,0.589243,1502.4138,2.9425e+09
0.055780,0.591567,1506.0538,2.9722e+09
0.055780,0.593885,1509.6744,3.0019e+09
0.055780,0.596199,1513.2825,3.0315e+09
0.055780,0.597544,1515.3759,3.0487e+09
0.055780,0.598841,1517.3951,3.0653e+09
0.055780,0.601134,1520.9521,3.0946e+09
0.055780,0.603434,1524.5160,3.1240e+09
0.055780,0.605728,1528.0635,3.1533e+09
0.055780,0.608019,1531.5967,3.1825e+09
0.055780,0.609560,1533.9715,3.2021e+09
0.055780,0.610760,1535.8179,3.2174e+09
0.055780,0.612904,1539.1109,3.2446e+09
0.055780,0.615181,1542.6018,3.2735e+09
0.055780,0.617454,1546.0794,3.3023e+09
0.055780,0.619722,1549.5411,3.3309e+09
0.055780,0.621491,1552.2404,3.3532e+09
0.055780,0.622628,1553.9693,3.3675e+09
0.055780,0.624560,1556.9064,3.3917e+09
0.055780,0.626816,1560.3276,3.4199e+09
0.055780,0.629067,1563.7382,3.4480e+09
0.055780,0.631314,1567.1314,3.4758e+09
0.055780,0.633332,1570.1764,3.5008e+09
0.055780,0.634460,1571.8738,3.5147e+09
0.055780,0.636108,1574.3541,3.5350e+09
0.055780,0.638343,1577.7086,3.5623e+09
0.055780,0.640574,1581.0533,3.5895e+09
0.055780,0.642801,1584.3824,3.6165e+09
0.055780,0.645024,1587.7006,3.6432e+09
0.055780,0.646280,1589.5707,3.6583e+09
0.055780,0.647593,1591.5278,3.6740e+09
0.055780,0.649769,1594.7587,3.6998e+09
0.055780,0.651981,1598.0398,3.7259e+09
0.055780,0.654189,1601.3078,3.7518e+09
0.055780,0.656393,1604.5633,3.7774e+09
0.055780,0.658092,1607.0692,3.7971e+09
0.055780,0.659197,1608.6959,3.8097e+09
0.055780,0.661098,1611.4913,3.8314e+09
0.055780,0.663292,1614.7112,3.8562e+09
0.055780,0.665482,1617.9206,3.8808e+09
0.055780,0.667668,1621.1159,3.9050e+09
0.055780,0.669812,1624.2446,3.9286e+09
0.055780,0.670785,1625.6605,3.9391e+09
0.055780,0.672336,1627.9188,3.9560e+09
0.055780,0.674512,1631.0797,3.9792e+09
0.055780,0.676686,1634.2317,4.0023e+09
0.055780,0.678856,1637.3702,4.0249e+09
0.055780,0.681023,1640.4990,4.0472e+09
0.055780,0.682587,1642.7548,4.0631e+09
0.055780,0.683682,1644.3313,4.0742e+09
0.055780,0.685648,1647.1570,4.0937e+09
0.055780,0.687806,1650.2524,4.1149e+09
0.055780,0.689960,1653.3377,4.1357e+09
0.055780,0.692111,1656.4105,4.1560e+09
0.055780,0.694260,1659.4752,4.1761e+09
0.055780,0.695095,1660.6630,4.1837e+09
0.055780,0.696714,1662.9669,4.1984e+09
0.055780,0.698847,1665.9944,4.2173e+09
0.055780,0.700987,1669.0269,4.2360e+09
0.055780,0.703124,1672.0476,4.2541e+09
0.055780,0.705258,1675.0584,4.2718e+09
0.055780,0.706974,1677.4761,4.2858e+09
0.055780,0.707825,1678.6736,4.2925e+09
0.055780,0.709815,1681.4681,4.3080e+09
0.055780,0.711941,1684.4476,4.3241e+09
0.055780,0.714065,1687.4193,4.3398e+09
0.055780,0.716186,1690.3788,4.3548e+09
0.055780,0.718304,1693.3296,4.3693e+09
0.055780,0.719421,1694.8827,4.3768e+09
0.055780,0.720715,1696.6815,4.3853e+09
0.055780,0.722829,1699.6112,4.3985e+09
0.055780,0.724940,1702.5317,4.4111e+09
0.055780,0.727049,1705.4445,4.4233e+09
0.055780,0.729156,1708.3460,4.4347e+09
0.055780,0.731261,1711.2387,4.4454e+09
0.055780,0.731707,1711.8512,4.4476e+09
0.055780,0.733656,1714.5244,4.4570e+09
0.055780,0.735756,1717.3979,4.4664e+09
0.055780,0.737854,1720.2611,4.4749e+09
0.055780,0.739950,1723.1168,4.4829e+09
0.055780,0.742045,1725.9637,4.4902e+09
0.055780,0.743854,1728.4163,4.4956e+09
0.055780,0.744429,1729.1949,4.4973e+09
0.055780,0.746519,1732.0217,4.5029e+09
0.055780,0.748608,1734.8410,4.5078e+09
0.055780,0.750695,1737.6501,4.5116e+09
0.055780,0.752780,1740.4504,4.5147e+09
0.055780,0.754864,1743.2432,4.5170e+09
0.055780,0.756166,1744.9829,4.5179e+09
0.055780,0.757237,1746.4150,4.5186e+09
0.055780,0.759318,1749.1880,4.5188e+09
0.055780,0.761397,1751.9530,4.5182e+09
0.055780,0.763476,1754.7106,4.5167e+09
0.055780,0.765553,1757.4602,4.5143e+09
0.055780,0.767556,1760.1030,4.5108e+09
0.055780,0.768526,1761.3832,4.5090e+09
0.055780,0.769993,1763.3118,4.5053e+09
0.055780,0.772067,1766.0350,4.4996e+09
0.055780,0.774140,1768.7507,4.4930e+09
0.055780,0.776213,1771.4574,4.4850e+09
0.055780,0.778284,1774.1556,4.4759e+09
0.055780,0.780089,1776.5011,4.4670e+09
0.055780,0.780961,1777.6315,4.4625e+09
0.055780,0.782713,1779.9005,4.4526e+09
0.055780,0.784780,1782.5720,4.4399e+09
0.055780,0.786846,1785.2337,4.4260e+09
0.055780,0.788910,1787.8845,4.4106e+09
0.055780,0.790973,1790.5257,4.3940e+09
0.055780,0.792514,1792.4962,4.3808e+09
0.055780,0.793447,1793.6852,4.3723e+09
0.055780,0.795378,1796.1435,4.3541e+09
0.055780,0.797435,1798.7540,4.3333e+09
0.055780,0.799489,1801.3546,4.3112e+09
0.055780,0.801542,1803.9443,4.2875e+09
0.055780,0.803593,1806.5234,4.2623e+09
0.055780,0.804839,1808.0862,4.2463e+09
0.055780,0.805955,1809.4845,4.2315e+09
0.055780,0.807975,1812.0081,4.2035e+09
0.055780,0.810021,1814.5557,4.1735e+09
0.055780,0.812066,1817.0931,4.1420e+09
0.055780,0.814109,1819.6204,4.1088e+09
0.055780,0.816130,1822.1116,4.0744e+09
0.055780,0.817102,1823.3080,4.0574e+09
0.055780,0.818476,1824.9933,4.0324e+09
0.055780,0.820515,1827.4887,3.9939e+09
0.055780,0.822553,1829.9738,3.9537e+09
0.055780,0.824590,1832.4488,3.9118e+09
0.055780,0.826627,1834.9137,3.8680e+09
0.055780,0.828589,1837.2796,3.8241e+09
0.055780,0.829363,1838.2109,3.8065e+09
0.055780,0.830982,1840.1536,3.7682e+09
0.055780,0.833017,1842.5870,3.7186e+09
0.055780,0.835052,1845.0105,3.6671e+09
0.055780,0.837086,1847.4240,3.6137e+09
0.055780,0.839121,1849.8271,3.5581e+09
0.055780,0.841020,1852.0609,3.5045e+09
0.055780,0.841630,1852.7768,3.4868e+09
0.055780,0.843476,1854.9362,3.4326e+09
0.055780,0.845512,1857.3097,3.3708e+09
0.055780,0.847550,1859.6734,3.3069e+09
0.055780,0.849588,1862.0272,3.2408e+09
0.055780,0.851629,1864.3723,3.1728e+09
0.055780,0.853436,1866.4410,3.1108e+09
0.055780,0.853955,1867.0336,3.0927e+09
0.055780,0.856000,1869.3594,3.0201e+09
0.055780,0.858047,1871.6774,2.9455e+09
0.055780,0.860097,1873.9862,2.8688e+09
0.055780,0.862150,1876.2873,2.7900e+09
0.055780,0.864206,1878.5805,2.7092e+09
0.055780,0.865832,1880.3855,2.6440e+09
0.055780,0.866554,1881.1851,2.6147e+09
0.055780,0.868620,1883.4628,2.5296e+09
0.055780,0.870690,1885.7343,2.4427e+09
0.055780,0.872766,1888.0000,2.3541e+09
0.055780,0.874847,1890.2594,2.2636e+09
0.055780,0.876934,1892.5140,2.1716e+09
0.055780,0.878139,1893.8106,2.1179e+09
0.055780,0.879321,1895.0789,2.0650e+09
0.055780,0.881424,1897.3260,1.9701e+09
0.055780,0.883533,1899.5705,1.8741e+09
0.055780,0.885651,1901.8135,1.7773e+09
0.055780,0.887776,1904.0559,1.6799e+09
0.055780,0.889790,1906.1731,1.5878e+09
0.055780,0.890583,1907.0049,1.5516e+09
0.055780,0.892355,1908.8612,1.4711e+09
0.055780,0.894509,1911.1140,1.3740e+09
0.055780,0.896673,1913.3739,1.2780e+09
0.055780,0.898846,1915.6438,1.1833e+09
0.055780,0.901006,1917.9048,1.0916e+09
0.055780,0.902519,1919.4920,1.0289e+09
0.055780,0.903529,1920.5538,9.8795e+08
0.055780,0.905734,1922.8825,9.0106e+08
0.055780,0.907948,1925.2411,8.1786e+08
0.055780,0.910172,1927.6376,7.3897e+08
0.055780,0.912407,1930.0816,6.6488e+08
0.055780,0.914344,1932.2363,6.0510e+08
0.055780,0.915199,1933.2007,5.8007e+08
0.055780,0.917226,1935.5241,5.2432e+08
0.055780,0.919495,1938.1996,4.6780e+08
0.055780,0.921775,1940.9841,4.1739e+08
0.055780,0.924064,1943.8976,3.7302e+08
0.055780,0.926162,1946.6982,3.3768e+08
0.055780,0.927219,1948.1603,3.2166e+08
0.055780,0.928986,1950.6997,2.9734e+08
0.055780,0.931297,1954.2177,2.6972e+08
0.055780,0.933615,1958.0137,2.4604e+08
0.055780,0.935939,1962.1438,2.2547e+08
0.055780,0.938133,1966.4003,2.0821e+08
0.055780,0.939318,1968.8617,1.9951e+08
0.055780,0.940932,1972.4316,1.8817e+08
0.055780,0.943274,1978.0824,1.7243e+08
0.055780,0.945623,1984.4065,1.5722e+08
0.055780,0.947977,1991.4855,1.4241e+08
0.055780,0.950234,1999.0336,1.2869e+08
0.055780,0.951473,2003.5071,1.2140e+08
0.055780,0.953033,2009.4605,1.1252e+08
0.055780,0.955406,2019.1413,9.9781e+07
0.055780,0.957784,2029.4681,8.8061e+07
0.055780,0.960167,2040.2170,7.7394e+07
0.055780,0.962471,2050.7789,6.8067e+07
0.055780,0.963669,2056.2812,6.3575e+07
0.055780,0.965290,2063.7079,5.7853e+07
0.055780,0.967693,2074.6139,5.0074e+07
0.055780,0.970104,2085.3887,4.3027e+07
0.055780,0.972521,2096.0109,3.6645e+07
0.055780,0.974871,2106.1487,3.1053e+07
0.055780,0.975895,2110.5087,2.8794e+07
0.055780,0.977715,2118.1845,2.5018e+07
0.055780,0.980153,2128.3253,2.0425e+07
0.055780,0.982596,2138.3027,1.6351e+07
0.055780,0.985043,2148.1415,1.2738e+07
0.055780,0.987443,2157.6650,9.6459e+06
0.055780,0.988135,2160.3903,8.8324e+06
0.055780,0.990285,2168.8068,6.5212e+06
0.055780,0.992732,2178.2760,4.2879e+06
0.055780,0.995169,2187.6168,2.4684e+06
0.055780,0.997594,2196.8600,1.0489e+06
0.055780,1.000000,2206.0478,2.6471e+04
0.057029,0.000000,300.0000,-5.5350e+01
0.057029,0.002877,306.5532,2.6450e+03
0.057029,0.005624,313.9011,1.2119e+04
0.057029,0.008325,321.1263,2.8113e+04
0.057029,0.010993,328.2300,5.0665e+04
0.057029,0.012120,331.2169,6.2207e+04
0.057029,0.014014,336.2237,8.4600e+04
0.057029,0.016618,343.0764,1.2133e+05
0.057029,0.019213,349.8756,1.6512e+05
0.057029,0.021792,356.6001,2.1662e+05
0.057029,0.023858,361.9711,2.6336e+05
0.057029,0.025017,364.9736,2.9224e+05
0.057029,0.027259,370.7731,3.5299e+05
0.057029,0.029793,377.3050,4.3020e+05
0.057029,0.032315,383.7838,5.1706e+05
0.057029,0.034826,390.2136,6.1471e+05
0.057029,0.036369,394.1536,6.8177e+05
0.057029,0.037805,397.8179,7.4582e+05
0.057029,0.040164,403.8183,8.6468e+05
0.057029,0.042644,410.1109,1.0032e+06
0.057029,0.045115,416.3623,1.1574e+06
0.057029,0.047553,422.5095,1.3293e+06
0.057029,0.048816,425.6889,1.4252e+06
0.057029,0.050376,429.6084,1.5513e+06
0.057029,0.052824,435.7440,1.7684e+06
0.057029,0.055264,441.8462,2.0071e+06
0.057029,0.057697,447.9135,2.2727e+06
0.057029,0.059955,453.5268,2.5442e+06
0.057029,0.061219,456.6675,2.7049e+06
0.057029,0.062883,460.7904,2.9335e+06
0.057029,0.065298,466.7634,3.2888e+06
0.057029,0.067708,472.7070,3.6786e+06
0.057029,0.070112,478.6212,4.1043e+06
0.057029,0.072273,483.9250,4.5174e+06
0.057029,0.073521,486.9818,4.7734e+06
0.057029,0.075239,491.1852,5.1404e+06
0.057029,0.077629,497.0181,5.6860e+06
0.057029,0.080014,502.8263,6.2733e+06
0.057029,0.082395,508.6093,6.9033e+06
0.057029,0.084517,513.7544,7.5011e+06
0.057029,0.085749,516.7343,7.8706e+06
0.057029,0.087475,520.9033,8.4029e+06
0.057029,0.089844,526.6157,9.1732e+06
0.057029,0.092210,532.3057,9.9956e+06
0.057029,0.094572,537.9724,1.0871e+07
0.057029,0.096696,543.0568,1.1700e+07
0.057029,0.097927,545.9989,1.2199e+07
0.057029,0.099615,550.0269,1.2909e+07
0.057029,0.101968,555.6298,1.3943e+07
0.057029,0.104318,561.2127,1.5032e+07
0.057029,0.106666,566.7769,1.6170e+07
0.057029,0.108816,571.8612,1.7266e+07
0.057029,0.110071,574.8238,1.7927e+07
0.057029,0.111679,578.6136,1.8803e+07
0.057029,0.114019,584.1192,2.0113e+07
0.057029,0.116357,589.6091,2.1470e+07
0.057029,0.118692,595.0782,2.2897e+07
0.057029,0.120883,600.1963,2.4286e+07
0.057029,0.122194,603.2562,2.5133e+07
0.057029,0.123682,606.7247,2.6127e+07
0.057029,0.126012,612.1452,2.7714e+07
0.057029,0.128340,617.5452,2.9379e+07
0.057029,0.130667,622.9323,3.1087e+07
0.057029,0.132902,628.0998,3.2774e+07
0.057029,0.134306,631.3348,3.3877e+07
0.057029,0.135638,634.4052,3.4932e+07
0.057029,0.137960,639.7445,3.6818e+07
0.057029,0.140281,645.0725,3.8745e+07
0.057029,0.142600,650.3801,4.0757e+07
0.057029,0.144880,655.5898,4.2769e+07
0.057029,0.146415,659.0898,4.4163e+07
0.057029,0.147559,661.6977,4.5202e+07
0.057029,0.149875,666.9628,4.7385e+07
0.057029,0.152191,672.2196,4.9599e+07
0.057029,0.154505,677.4599,5.1886e+07
0.057029,0.156819,682.6886,5.4221e+07
0.057029,0.158519,686.5239,5.5969e+07
0.057029,0.159468,688.6645,5.6945e+07
0.057029,0.161767,693.8334,5.9399e+07
0.057029,0.164079,699.0266,6.1891e+07
0.057029,0.166391,704.2036,6.4458e+07
0.057029,0.168703,709.3717,6.7067e+07
0.057029,0.170529,713.4472,6.9173e+07
0.057029,0.171493,715.5967,7.0283e+07
0.057029,0.173647,720.3884,7.2842e+07
0.057029,0.175958,725.5250,7.5604e+07
0.057029,0.178268,730.6434,7.8460e+07
0.057029,0.180579,735.7592,8.1330e+07
0.057029,0.182521,740.0422,8.3822e+07
0.057029,0.183530,742.2687,8.5117e+07
0.057029,0.185524,746.6601,8.7709e+07
0.057029,0.187835,751.7396,9.0781e+07
0.057029,0.190147,756.8118,9.3898e+07
0.057029,0.192459,761.8733,9.7080e+07
0.057029,0.194501,766.3368,9.9929e+07
0.057029,0.195585,768.6991,1.0147e+08
0.057029,0.197408,772.6742,1.0407e+08
0.057029,0.199722,777.7072,1.0744e+08
0.057029,0.202037,782.7345,1.1086e+08
0.057029,0.204352,787.7509,1.1436e+08
0.057029,0.206479,792.3522,1.1761e+08
0.057029,0.207660,794.9051,1.1942e+08
0.057029,0.209310,798.4592,1.2204e+08
0.057029,0.211628,803.4546,1.2571e+08
0.057029,0.213948,808.4385,1.2949e+08
0.057029,0.216269,813.4185,1.3331e+08
0.057029,0.218465,818.1192,1.3701e+08
0.057029,0.219757,820.8817,1.3922e+08
0.057029,0.221239,824.0472,1.4175e+08
0.057029,0.223564,829.0029,1.4583e+08
0.057029,0.225890,833.9543,1.4996e+08
0.057029,0.228219,838.8986,1.5419e+08
0.057029,0.230468,843.6661,1.5835e+08
0.057029,0.231878,846.6548,1.6096e+08
0.057029,0.233205,849.4571,1.6350e+08
0.057029,0.235539,854.3820,1.6800e+08
0.057029,0.237874,859.3044,1.7256e+08
0.057029,0.240211,864.2163,1.7726e+08
0.057029,0.242501,869.0264,1.8188e+08
0.057029,0.244022,872.2094,1.8508e+08
0.057029,0.245218,874.7138,1.8759e+08
0.057029,0.247562,879.6183,1.9252e+08
0.057029,0.249908,884.5063,1.9767e+08
0.057029,0.252256,889.3989,2.0282e+08
0.057029,0.254575,894.2158,2.0809e+08
0.057029,0.256186,897.5589,2.1180e+08
0.057029,0.257287,899.8431,2.1433e+08
0.057029,0.259643,904.7171,2.1990e+08
0.057029,0.262001,909.5877,2.2558e+08
0.057029,0.264361,914.4570,2.3135e+08
0.057029,0.266703,919.2742,2.3726e+08
0.057029,0.268369,922.7005,2.4147e+08
0.057029,0.269420,924.8585,2.4416e+08
0.057029,0.271788,929.7084,2.5043e+08
0.057029,0.274160,934.5638,2.5672e+08
0.057029,0.276534,939.4080,2.6325e+08
0.057029,0.278898,944.2266,2.6983e+08
0.057029,0.280566,947.6255,2.7450e+08
0.057029,0.281623,949.7693,2.7759e+08
0.057029,0.284006,954.6052,2.8456e+08
0.057029,0.286392,959.4436,2.9159e+08
0.057029,0.288781,964.2692,2.9893e+08
0.057029,0.291171,969.0965,3.0627e+08
0.057029,0.292773,972.3229,3.1135e+08
0.057029,0.293903,974.5948,3.1499e+08
0.057029,0.296302,979.4178,3.2274e+08
0.057029,0.298704,984.2369,3.3068e+08
0.057029,0.301109,989.0499,3.3884e+08
0.057029,0.303517,993.8691,3.4702e+08
0.057029,0.304983,996.7898,3.5226e+08
0.057029,0.306265,999.3431,3.5683e+08
0.057029,0.308681,1004.1540,3.6545e+08
0.057029,0.311099,1008.9559,3.7439e+08
0.057029,0.313521,1013.7568,3.8347e+08
0.057029,0.315946,1018.5599,3.9266e+08
0.057029,0.317191,1021.0156,3.9757e+08
0.057029,0.318714,1024.0199,4.0358e+08
0.057029,0.321146,1028.8189,4.1317e+08
0.057029,0.323582,1033.6053,4.2318e+08
0.057029,0.326022,1038.3941,4.3328e+08
0.057029,0.328464,1043.1825,4.4356e+08
0.057029,0.329389,1044.9884,4.4758e+08
0.057029,0.331252,1048.6285,4.5569e+08
0.057029,0.333703,1053.4153,4.6635e+08
0.057029,0.336156,1058.1874,4.7750e+08
0.057029,0.338614,1062.9638,4.8873e+08
0.057029,0.341074,1067.7387,5.0016e+08
0.057029,0.341569,1068.6960,5.0253e+08
0.057029,0.343883,1073.1700,5.1361e+08
0.057029,0.346351,1077.9441,5.2544e+08
0.057029,0.348823,1082.7029,5.3780e+08
0.057029,0.351299,1087.4661,5.5024e+08
0.057029,0.353424,1091.5505,5.6102e+08
0.057029,0.354124,1092.8903,5.6470e+08
0.057029,0.356608,1097.6441,5.7777e+08
0.057029,0.359095,1102.4046,5.9085e+08
0.057029,0.361585,1107.1562,6.0435e+08
0.057029,0.364080,1111.9048,6.1811e+08
0.057029,0.365678,1114.9431,6.2702e+08
0.057029,0.366928,1117.3163,6.3410e+08
0.057029,0.369428,1122.0569,6.4837e+08
0.057029,0.371934,1126.7963,6.6297e+08
0.057029,0.374444,1131.5331,6.7784e+08
0.057029,0.376957,1136.2679,6.9294e+08
0.057029,0.377986,1138.2042,6.9921e+08
0.057029,0.379834,1141.6776,7.1054e+08
0.057029,0.382346,1146.3886,7.2616e+08
0.057029,0.384871,1151.1130,7.4216e+08
0.057029,0.387399,1155.8355,7.5842e+08
0.057029,0.389610,1159.9581,7.7279e+08
0.057029,0.390650,1161.8925,7.7968e+08
0.057029,0.392820,1165.9304,7.9406e+08
0.057029,0.395360,1170.6422,8.1123e+08
0.057029,0.397904,1175.3518,8.2866e+08
0.057029,0.400452,1180.0592,8.4634e+08
0.057029,0.402139,1183.1712,8.5821e+08
0.057029,0.403540,1185.7532,8.6814e+08
0.057029,0.405914,1190.1185,8.8515e+08
0.057029,0.408473,1194.8142,9.0378e+08
0.057029,0.411035,1199.5080,9.2267e+08
0.057029,0.413484,1203.9855,9.4092e+08
0.057029,0.414799,1206.3832,9.5090e+08
0.057029,0.416530,1209.5391,9.6403e+08
0.057029,0.419104,1214.2203,9.8387e+08
0.057029,0.421682,1218.8993,1.0040e+09
0.057029,0.424263,1223.5766,1.0243e+09
0.057029,0.426321,1227.2955,1.0408e+09
0.057029,0.427586,1229.5807,1.0510e+09
0.057029,0.429799,1233.5668,1.0690e+09
0.057029,0.432391,1238.2307,1.0903e+09
0.057029,0.434988,1242.8923,1.1119e+09
0.057029,0.437516,1247.4203,1.1332e+09
0.057029,0.439161,1250.3596,1.1472e+09
0.057029,0.440556,1252.8502,1.1591e+09
0.057029,0.443164,1257.4985,1.1816e+09
0.057029,0.445775,1262.1441,1.2044e+09
0.057029,0.448390,1266.7848,1.2275e+09
0.057029,0.450747,1270.9578,1.2486e+09
0.057029,0.451756,1272.7423,1.2577e+09
0.057029,0.453997,1276.6988,1.2780e+09
0.057029,0.456623,1281.3274,1.3020e+09
0.057029,0.459252,1285.9486,1.3263e+09
0.057029,0.461880,1290.5583,1.3509e+09
0.057029,0.463516,1293.4246,1.3662e+09
0.057029,0.464873,1295.7942,1.3791e+09
0.057029,0.467495,1300.3730,1.4041e+09
0.057029,0.470113,1304.9330,1.4293e+09
0.057029,0.472726,1309.4730,1.4548e+09
0.057029,0.475334,1313.9952,1.4804e+09
0.057029,0.475816,1314.8296,1.4851e+09
0.057029,0.478297,1319.1218,1.5097e+09
0.057029,0.480891,1323.5957,1.5357e+09
0.057029,0.483477,1328.0473,1.5618e+09
0.057029,0.486056,1332.4786,1.5880e+09
0.057029,0.487696,1335.2898,1.6048e+09
0.057029,0.488986,1337.5009,1.6181e+09
0.057029,0.491549,1341.8810,1.6447e+09
0.057029,0.494105,1346.2416,1.6714e+09
0.057029,0.496655,1350.5829,1.6981e+09
0.057029,0.499198,1354.8993,1.7251e+09
0.057029,0.499978,1356.2235,1.7334e+09
0.057029,0.502087,1359.7937,1.7560e+09
0.057029,0.504615,1364.0673,1.7831e+09
0.057029,0.507136,1368.3193,1.8104e+09
0.057029,0.509651,1372.5497,1.8379e+09
0.057029,0.511723,1376.0313,1.8606e+09
0.057029,0.512734,1377.7256,1.8717e+09
0.057029,0.515009,1381.5380,1.8968e+09
0.057029,0.517503,1385.7041,1.9246e+09
0.057029,0.519991,1389.8530,1.9524e+09
0.057029,0.522473,1393.9834,1.9803e+09
0.057029,0.524103,1396.6889,1.9988e+09
0.057029,0.525443,1398.9120,2.0139e+09
0.057029,0.527761,1402.7520,2.0403e+09
0.057029,0.530223,1406.8227,2.0684e+09
0.057029,0.532679,1410.8704,2.0967e+09
0.057029,0.535129,1414.9022,2.1250e+09
0.057029,0.536459,1417.0867,2.1404e+09
0.057029,0.537984,1419.5905,2.1581e+09
0.057029,0.540352,1423.4661,2.1857e+09
0.057029,0.542783,1427.4403,2.2142e+09
0.057029,0.545209,1431.3978,2.2427e+09
0.057029,0.547627,1435.3309,2.2713e+09
0.057029,0.548783,1437.2118,2.2849e+09
0.057029,0.550379,1439.8011,2.3039e+09
0.057029,0.552788,1443.7041,2.3325e+09
0.057029,0.555190,1447.5860,2.3612e+09
0.057029,0.557587,1451.4532,2.3899e+09
0.057029,0.559894,1455.1671,2.4176e+09
0.057029,0.561093,1457.0949,2.4320e+09
0.057029,0.562697,1459.6683,2.4514e+09
0.057029,0.565077,1463.4837,2.4801e+09
0.057029,0.567452,1467.2814,2.5089e+09
0.057029,0.569821,1471.0615,2.5376e+09
0.057029,0.572085,1474.6692,2.5652e+09
0.057029,0.573313,1476.6193,2.5801e+09
0.057029,0.574873,1479.0979,2.5992e+09
0.057029,0.577227,1482.8287,2.6279e+09
0.057029,0.579575,1486.5466,2.6566e+09
0.057029,0.581918,1490.2438,2.6853e+09
0.057029,0.584193,1493.8282,2.7132e+09
0.057029,0.585458,1495.8182,2.7288e+09
0.057029,0.586915,1498.1094,2.7467e+09
0.057029,0.589243,1501.7596,2.7753e+09
0.057029,0.591567,1505.3977,2.8039e+09
0.057029,0.593885,1509.0193,2.8324e+09
0.057029,0.596199,1512.6256,2.8609e+09
0.057029,0.597544,1514.7197,2.8774e+09
0.057029,0.598841,1516.7373,2.8934e+09
0.057029,0.601134,1520.2948,2.9216e+09
0.057029,0.603434,1523.8568,2.9499e+09
0.057029,0.605728,1527.4059,2.9781e+09
0.057029,0.608019,1530.9374,3.0063e+09
0.057029,0.609560,1533.3133,3.0252e+09
0.057029,0.610760,1535.1570,3.0399e+09
0.057029,0.612904,1538.4518,3.0662e+09
0.057029,0.615181,1541.9411,3.0941e+09
0.057029,0.617454,1545.4192,3.1219e+09
0.057029,0.619722,1548.8808,3.1495e+09
0.057029,0.621491,1551.5787,3.1711e+09
0.057029,0.622628,1553.3080,3.1849e+09
0.057029,0.624560,1556.2471,3.2084e+09
0.057029,0.626816,1559.6668,3.2357e+09
0.057029,0.629067,1563.0761,3.2628e+09
0.057029,0.631314,1566.4717,3.2899e+09
0.057029,0.633332,1569.5149,3.3141e+09
0.057029,0.634460,1571.2138,3.3276e+09
0.057029,0.636108,1573.6941,3.3473e+09
0.057029,0.638343,1577.0494,3.3739e+09
0.057029,0.640574,1580.3927,3.4003e+09
0.057029,0.642801,1583.7250,3.4266e+09
0.057029,0.645024,1587.0420,3.4527e+09
0.057029,0.646280,1588.9140,3.4674e+09
0.057029,0.647593,1590.8687,3.4827e+09
0.057029,0.649769,1594.1030,3.5080e+09
0.057029,0.651981,1597.3830,3.5334e+09
0.057029,0.654189,1600.6535,3.5588e+09
0.057029,0.656393,1603.9094,3.5839e+09
0.057029,0.658092,1606.4156,3.6031e+09
0.057029,0.659197,1608.0423,3.6156e+09
0.057029,0.661098,1610.8411,3.6369e+09
0.057029,0.663292,1614.0605,3.6613e+09
0.057029,0.665482,1617.2705,3.6855e+09
0.057029,0.667668,1620.4689,3.7095e+09
0.057029,0.669812,1623.5972,3.7327e+09
0.057029,0.670785,1625.0152,3.7432e+09
0.057029,0.672336,1627.2743,3.7598e+09
0.057029,0.674512,1630.4375,3.7829e+09
0.057029,0.676686,1633.5894,3.8057e+09
0.057029,0.678856,1636.7328,3.8284e+09
0.057029,0.681023,1639.8618,3.8506e+09
0.057029,0.682587,1642.1203,3.8665e+09
0.057029,0.683682,1643.6956,3.8775e+09
0.057029,0.685648,1646.5260,3.8972e+09
0.057029,0.687806,1649.6221,3.9184e+09
0.057029,0.689960,1652.7098,3.9394e+09
0.057029,0.692111,1655.7865,3.9600e+09
0.057029,0.694260,1658.8523,3.9802e+09
0.057029,0.695095,1660.0423,3.9880e+09
0.057029,0.696714,1662.3480,4.0030e+09
0.057029,0.698847,1665.3794,4.0224e+09
0.057029,0.700987,1668.4134,4.0414e+09
0.057029,0.703124,1671.4394,4.0602e+09
0.057029,0.705258,1674.4529,4.0784e+09
0.057029,0.706974,1676.8727,4.0928e+09
0.057029,0.707825,1678.0715,4.0998e+09
0.057029,0.709815,1680.8713,4.1162e+09
0.057029,0.711941,1683.8540,4.1330e+09
0.057029,0.714065,1686.8283,4.1495e+09
0.057029,0.716186,1689.7947,4.1657e+09
0.057029,0.718304,1692.7486,4.1811e+09
0.057029,0.719421,1694.3055,4.1892e+09
0.057029,0.720715,1696.1048,4.1982e+09
0.057029,0.722829,1699.0415,4.2129e+09
0.057029,0.724940,1701.9661,4.2267e+09
0.057029,0.727049,1704.8829,4.2402e+09
0.057029,0.729156,1707.7922,4.2532e+09
0.057029,0.731261,1710.6894,4.2655e+09
0.057029,0.731707,1711.3036,4.2681e+09
0.057029,0.733656,1713.9809,4.2789e+09
0.057029,0.735756,1716.8613,4.2901e+09
0.057029,0.737854,1719.7312,4.3005e+09
0.057029,0.739950,1722.5924,4.3104e+09
0.057029,0.742045,1725.4463,4.3198e+09
0.057029,0.743854,1727.9056,4.3272e+09
0.057029,0.744429,1728.6866,4.3296e+09
0.057029,0.746519,1731.5199,4.3374e+09
0.057029,0.748608,1734.3460,4.3446e+09
0.057029,0.750695,1737.1645,4.3512e+09
0.057029,0.752780,1739.9722,4.3569e+09
0.057029,0.754864,1742.7728,4.3619e+09
0.057029,0.756166,1744.5187,4.3647e+09
0.057029,0.757237,1745.9541,4.3668e+09
0.057029,0.759318,1748.7374,4.3703e+09
0.057029,0.761397,1751.5112,4.3728e+09
0.057029,0.763476,1754.2780,4.3746e+09
0.057029,0.765553,1757.0377,4.3757e+09
0.057029,0.767556,1759.6908,4.3758e+09
0.057029,0.768526,1760.9752,4.3756e+09
0.057029,0.769993,1762.9119,4.3748e+09
0.057029,0.772067,1765.6458,4.3731e+09
0.057029,0.774140,1768.3728,4.3705e+09
0.057029,0.776213,1771.0916,4.3669e+09
0.057029,0.778284,1773.8018,4.3622e+09
0.057029,0.780089,1776.1581,4.3574e+09
0.057029,0.780961,1777.2939,4.3548e+09
0.057029,0.782713,1779.5740,4.3491e+09
0.057029,0.784780,1782.2590,4.3415e+09
0.057029,0.786846,1784.9339,4.3326e+09
0.057029,0.788910,1787.5991,4.3226e+09
0.057029,0.790973,1790.2552,4.3116e+09
0.057029,0.792514,1792.2375,4.3028e+09
0.057029,0.793447,1793.4329,4.2969e+09
0.057029,0.795378,1795.9063,4.2843e+09
0.057029,0.797435,1798.5333,4.2698e+09
0.057029,0.799489,1801.1495,4.2539e+09
0.057029,0.801542,1803.7558,4.2368e+09
0.057029,0.803593,1806.3528,4.2184e+09
0.057029,0.804839,1807.9279,4.2068e+09
0.057029,0.805955,1809.3348,4.1957e+09
0.057029,0.807975,1811.8773,4.1749e+09
0.057029,0.810021,1814.4446,4.1525e+09
0.057029,0.812066,1817.0023,4.1287e+09
0.057029,0.814109,1819.5505,4.1036e+09
0.057029,0.816130,1822.0625,4.0772e+09
0.057029,0.817102,1823.2676,4.0639e+09
0.057029,0.818476,1824.9693,4.0448e+09
0.057029,0.820515,1827.4869,4.0150e+09
0.057029,0.822553,1829.9948,3.9837e+09
0.057029,0.824590,1832.4932,3.9508e+09
0.057029,0.826627,1834.9824,3.9164e+09
0.057029,0.828589,1837.3722,3.8816e+09
0.057029,0.829363,1838.3127,3.8676e+09
0.057029,0.830982,1840.2766,3.8374e+09
0.057029,0.833017,1842.7364,3.7978e+09
0.057029,0.835052,1845.1869,3.7566e+09
0.057029,0.837086,1847.6280,3.7136e+09
0.057029,0.839121,1850.0599,3.6687e+09
0.057029,0.841020,1852.3210,3.6253e+09
0.057029,0.841630,1853.0454,3.6109e+09
0.057029,0.843476,1855.2320,3.5668e+09
0.057029,0.845512,1857.6358,3.5163e+09
0.057029,0.847550,1860.0310,3.4639e+09
0.057029,0.849588,1862.4177,3.4097e+09
0.057029,0.851629,1864.7959,3.3535e+09
0.057029,0.853436,1866.8937,3.3020e+09
0.057029,0.853955,1867.4943,3.2868e+09
0.057029,0.856000,1869.8547,3.2264e+09
0.057029,0.858047,1872.2074,3.1640e+09
0.057029,0.860097,1874.5512,3.0993e+09
0.057029,0.862150,1876.8876,3.0327e+09
0.057029,0.864206,1879.2174,2.9641e+09
0.057029,0.865832,1881.0509,2.9084e+09
0.057029,0.866554,1881.8620,2.8832e+09
0.057029,0.868620,1884.1771,2.8101e+09
0.057029,0.870690,1886.4840,2.7347e+09
0.057029,0.872766,1888.7858,2.6575e+09
0.057029,0.874847,1891.0802,2.5780e+09
0.057029,0.876934,1893.3694,2.4967e+09
0.057029,0.878139,1894.6854,2.4489e+09
0.057029,0.879321,1895.9721,2.4015e+09
0.057029,0.881424,1898.2507,2.3159e+09
0.057029,0.883533,1900.5241,2.2284e+09
0.057029,0.885651,1902.7933,2.1392e+09
0.057029,0.887776,1905.0586,2.0483e+09
0.057029,0.889790,1907.1932,1.9612e+09
0.057029,0.890583,1908.0307,1.9267e+09
0.057029,0.892355,1909.8967,1.8492e+09
0.057029,0.894509,1912.1541,1.7543e+09
0.057029,0.896673,1914.4102,1.6585e+09
0.057029,0.898846,1916.6655,1.5623e+09
0.057029,0.901006,1918.8999,1.4668e+09
0.057029,0.902519,1920.4598,1.4003e+09
0.057029,0.903529,1921.4988,1.3562e+09
0.057029,0.905734,1923.7643,1.2605e+09
0.057029,0.907948,1926.0369,1.1661e+09
0.057029,0.910172,1928.3198,1.0731e+09
0.057029,0.912407,1930.6175,9.8247e+08
0.057029,0.914344,1932.6153,9.0634e+08
0.057029,0.915199,1933.5003,8.7351e+08
0.057029,0.917226,1935.6083,7.9824e+08
0.057029,0.919495,1937.9904,7.1805e+08
0.057029,0.921775,1940.4161,6.4257e+08
0.057029,0.924064,1942.8951,5.7232e+08
0.057029,0.926162,1945.2178,5.1305e+08
0.057029,0.927219,1946.4093,4.8524e+08
0.057029,0.928986,1948.4413,4.4159e+08
0.057029,0.931297,1951.1865,3.9027e+08
0.057029,0.933615,1954.0626,3.4524e+08
0.057029,0.935939,1957.1003,3.0625e+08
0.057029,0.938133,1960.1441,2.7471e+08
0.057029,0.939318,1961.8712,2.5958e+08
0.057029,0.940932,1964.3366,2.4096e+08
0.057029,0.943274,1968.1750,2.1729e+08
0.057029,0.945623,1972.3953,1.9677e+08
0.057029,0.947977,1977.1094,1.7857e+08
0.057029,0.950234,1982.1374,1.6251e+08
0.057029,0.951473,1985.1743,1.5411e+08
0.057029,0.953033,1989.2824,1.4381e+08
0.057029,0.955406,1996.2456,1.2864e+08
0.057029,0.957784,2004.1875,1.1405e+08
0.057029,0.960167,2013.1686,1.0023e+08
0.057029,0.962471,2022.7661,8.7849e+07
0.057029,0.963669,2028.0550,8.1847e+07
0.057029,0.965290,2035.4651,7.4213e+07
0.057029,0.967693,2046.7625,6.3902e+07
0.057029,0.970104,2058.2339,5.4682e+07
0.057029,0.972521,2069.6836,4.6436e+07
0.057029,0.974871,2080.6724,3.9243e+07
0.057029,0.975895,2085.4070,3.6343e+07
0.057029,0.977715,2093.7328,3.1516e+07
0.057029,0.980153,2104.6970,2.5679e+07
0.057029,0.982596,2115.4965,2.0476e+07
0.057029,0.985043,2126.1275,1.5900e+07
0.057029,0.987443,2136.3802,1.1972e+07
0.057029,0.988135,2139.3112,1.0940e+07
0.057029,0.990285,2148.3574,8.0154e+06
0.057029,0.992732,2158.5665,5.1992e+06
0.057029,0.995169,2168.6358,2.9290e+06
0.057029,0.997594,2178.5945,1.2018e+06
0.057029,1.000000,2188.5587,2.0679e+04
0.058274,0.000000,300.0000,2.1040e+01
0.058274,0.002877,306.4962,2.2476e+03
0.058274,0.005624,313.8620,1.0475e+04
0.058274,0.008325,321.1089,2.4600e+04
0.058274,0.010993,328.2352,4.4343e+04
0.058274,0.012120,331.2310,5.4568e+04
0.058274,0.014014,336.2532,7.4298e+04
0.058274,0.016618,343.1257,1.0667e+05
0.058274,0.019213,349.9423,1.4546e+05
0.058274,0.021792,356.6834,1.9085e+05
0.058274,0.023858,362.0659,2.3223e+05
0.058274,0.025017,365.0749,2.5767e+05
0.058274,0.027259,370.8853,3.1140e+05
0.058274,0.029793,377.4285,3.7960e+05
0.058274,0.032315,383.9174,4.5619e+05
0.058274,0.034826,390.3560,5.4214e+05
0.058274,0.036369,394.3001,6.0149e+05
0.058274,0.037805,397.9670,6.5880e+05
0.058274,0.040164,403.9758,7.6173e+05
0.058274,0.042644,410.2714,8.8410e+05
0.058274,0.045115,416.5272,1.0196e+06
0.058274,0.047553,422.6799,1.1683e+06
0.058274,0.048816,425.8599,1.2528e+06
0.058274,0.050376,429.7808,1.3632e+06
0.058274,0.052824,435.9190,1.5516e+06
0.058274,0.055264,442.0210,1.7611e+06
0.058274,0.057697,448.0894,1.9910e+06
0.058274,0.059955,453.7034,2.2254e+06
0.058274,0.061219,456.8414,2.3685e+06
0.058274,0.062883,460.9640,2.5660e+06
0.058274,0.065298,466.9347,2.8755e+06
0.058274,0.067708,472.8763,3.2129e+06
0.058274,0.070112,478.7885,3.5802e+06
0.058274,0.072273,484.0886,3.9395e+06
0.058274,0.073521,487.1430,4.1626e+06
0.058274,0.075239,491.3436,4.4803e+06
0.058274,0.077629,497.1716,4.9543e+06
0.058274,0.080014,502.9745,5.4645e+06
0.058274,0.082395,508.7517,6.0122e+06
0.058274,0.084517,513.8911,6.5324e+06
0.058274,0.085749,516.8678,6.8531e+06
0.058274,0.087475,521.0317,7.3169e+06
0.058274,0.089844,526.7361,7.9899e+06
0.058274,0.092210,532.4191,8.7029e+06
0.058274,0.094572,538.0790,9.4626e+06
0.058274,0.096696,543.1555,1.0187e+07
0.058274,0.097927,546.0931,1.0623e+07
0.058274,0.099615,550.1153,1.1242e+07
0.058274,0.101968,555.7095,1.2144e+07
0.058274,0.104318,561.2839,1.3092e+07
0.058274,0.106666,566.8376,1.4090e+07
0.058274,0.108816,571.9142,1.5044e+07
0.058274,0.110071,574.8715,1.5622e+07
0.058274,0.111679,578.6565,1.6381e+07
0.058274,0.114019,584.1496,1.7536e+07
0.058274,0.116357,589.6267,1.8733e+07
0.058274,0.118692,595.0877,1.9973e+07
0.058274,0.120883,600.1963,2.1186e+07
0.058274,0.122194,603.2480,2.1936e+07
0.058274,0.123682,606.7097,2.2805e+07
0.058274,0.126012,612.1162,2.4208e+07
0.058274,0.128340,617.5090,2.5650e+07
0.058274,0.130667,622.8830,2.7154e+07
0.058274,0.132902,628.0358,2.8648e+07
0.058274,0.134306,631.2672,2.9601e+07
0.058274,0.135638,634.3298,3.0532e+07
0.058274,0.137960,639.6580,3.2183e+07
0.058274,0.140281,644.9685,3.3898e+07
0.058274,0.142600,650.2679,3.5649e+07
0.058274,0.144880,655.4640,3.7423e+07
0.058274,0.146415,658.9560,3.8647e+07
0.058274,0.147559,661.5540,3.9576e+07
0.058274,0.149875,666.8102,4.1480e+07
0.058274,0.152191,672.0513,4.3441e+07
0.058274,0.154505,677.2786,4.5454e+07
0.058274,0.156819,682.4976,4.7494e+07
0.058274,0.158519,686.3190,4.9053e+07
0.058274,0.159468,688.4518,4.9923e+07
0.058274,0.161767,693.6109,5.2070e+07
0.058274,0.164079,698.7892,5.4272e+07
0.058274,0.166391,703.9523,5.6539e+07
0.058274,0.168703,709.1095,5.8827e+07
0.058274,0.170529,713.1709,6.0699e+07
0.058274,0.171493,715.3129,6.1687e+07
0.058274,0.173647,720.0946,6.3932e+07
0.058274,0.175958,725.2138,6.6387e+07
0.058274,0.178268,730.3206,6.8898e+07
0.058274,0.180579,735.4208,7.1440e+07
0.058274,0.182521,739.6931,7.3637e+07
0.058274,0.183530,741.9123,7.4786e+07
0.058274,0.185524,746.2933,7.7069e+07
0.058274,0.187835,751.3567,7.9794e+07
0.058274,0.190147,756.4156,8.2545e+07
0.058274,0.192459,761.4614,8.5367e+07
0.058274,0.194501,765.9129,8.7885e+07
0.058274,0.195585,768.2681,8.9253e+07
0.058274,0.197408,772.2313,9.1555e+07
0.058274,0.199722,777.2501,9.4540e+07
0.058274,0.202037,782.2627,9.7567e+07
0.058274,0.204352,787.2643,1.0067e+08
0.058274,0.206479,791.8526,1.0355e+08
0.058274,0.207660,794.3967,1.0516e+08
0.058274,0.209310,797.9411,1.0748e+08
0.058274,0.211628,802.9230,1.1073e+08
0.058274,0.213948,807.8908,1.1409e+08
0.058274,0.216269,812.8579,1.1747e+08
0.058274,0.218465,817.5425,1.2076e+08
0.058274,0.219757,820.2981,1.2272e+08
0.058274,0.221239,823.4556,1.2496e+08
0.058274,0.223564,828.3939,1.2860e+08
0.058274,0.225890,833.3336,1.3225e+08
0.058274,0.228219,838.2597,1.3603e+08
0.058274,0.230468,843.0163,1.3971e+08
0.058274,0.231878,845.9919,1.4206e+08
0.058274,0.233205,848.7865,1.4432e+08
0.058274,0.235539,853.7008,1.4829e+08
0.058274,0.237874,858.6035,1.5239e+08
0.058274,0.240211,863.5054,1.5654e+08
0.058274,0.242501,868.2951,1.6071e+08
0.058274,0.244022,871.4720,1.6352e+08
0.058274,0.245218,873.9717,1.6574e+08
0.058274,0.247562,878.8546,1.7019e+08
0.058274,0.249908,883.7340,1.7473e+08
0.058274,0.252256,888.6094,1.7936e+08
0.058274,0.254575,893.4132,1.8405e+08
0.058274,0.256186,896.7509,1.8731e+08
0.058274,0.257287,899.0241,1.8961e+08
0.058274,0.259643,903.8826,1.9460e+08
0.058274,0.262001,908.7436,1.9962e+08
0.058274,0.264361,913.5914,2.0486e+08
0.058274,0.266703,918.4022,2.1006e+08
0.058274,0.268369,921.8123,2.1390e+08
0.058274,0.269420,923.9607,2.1634e+08
0.058274,0.271788,928.8049,2.2186e+08
0.058274,0.274160,933.6393,2.2757e+08
0.058274,0.276534,938.4735,2.3337e+08
0.058274,0.278898,943.2781,2.3927e+08
0.058274,0.280566,946.6609,2.4355e+08
0.058274,0.281623,948.8028,2.4626e+08
0.058274,0.284006,953.6290,2.5245e+08
0.058274,0.286392,958.4453,2.5887e+08
0.058274,0.288781,963.2676,2.6531e+08
0.058274,0.291171,968.0716,2.7205e+08
0.058274,0.292773,971.2906,2.7658e+08
0.058274,0.293903,973.5613,2.7978e+08
0.058274,0.296302,978.3665,2.8681e+08
0.058274,0.298704,983.1716,2.9396e+08
0.058274,0.301109,987.9755,3.0124e+08
0.058274,0.303517,992.7713,3.0876e+08
0.058274,0.304983,995.6916,3.1335e+08
0.058274,0.306265,998.2426,3.1739e+08
0.058274,0.308681,1003.0307,3.2533e+08
0.058274,0.311099,1007.8252,3.3327e+08
0.058274,0.313521,1012.6113,3.4151e+08
0.058274,0.315946,1017.3966,3.4988e+08
0.058274,0.317191,1019.8529,3.5418e+08
0.058274,0.318714,1022.8492,3.5961e+08
0.058274,0.321146,1027.6268,3.6843e+08
0.058274,0.323582,1032.4110,3.7727e+08
0.058274,0.326022,1037.1805,3.8654e+08
0.058274,0.328464,1041.9554,3.9585e+08
0.058274,0.329389,1043.7624,3.9938e+08
0.058274,0.331252,1047.3906,4.0677e+08
0.058274,0.333703,1052.1576,4.1657e+08
0.058274,0.336156,1056.9280,4.2646e+08
0.058274,0.338614,1061.6853,4.3678e+08
0.058274,0.341074,1066.4493,4.4711e+08
0.058274,0.341569,1067.4076,4.4919e+08
0.058274,0.343883,1071.8680,4.5931e+08
0.058274,0.346351,1076.6239,4.7018e+08
0.058274,0.348823,1081.3799,4.8121e+08
0.058274,0.351299,1086.1257,4.9264e+08
0.058274,0.353424,1090.1994,5.0245e+08
0.058274,0.354124,1091.5413,5.0568e+08
0.058274,0.356608,1096.2864,5.1751e+08
0.058274,0.359095,1101.0288,5.2958e+08
0.058274,0.361585,1105.7693,5.4187e+08
0.058274,0.364080,1110.5077,5.5438e+08
0.058274,0.365678,1113.5360,5.6257e+08
0.058274,0.366928,1115.9061,5.6897e+08
0.058274,0.369428,1120.6330,5.8205e+08
0.058274,0.371934,1125.3619,5.9537e+08
0.058274,0.374444,1130.0887,6.0892e+08
0.058274,0.376957,1134.8135,6.2270e+08
0.058274,0.377986,1136.7442,6.2846e+08
0.058274,0.379834,1140.2104,6.3879e+08
0.058274,0.382346,1144.9089,6.5313e+08
0.058274,0.384871,1149.6237,6.6775e+08
0.058274,0.387399,1154.3363,6.8262e+08
0.058274,0.389610,1158.4496,6.9580e+08
0.058274,0.390650,1160.3801,7.0210e+08
0.058274,0.392820,1164.4083,7.1531e+08
0.058274,0.395360,1169.1102,7.3104e+08
0.058274,0.397904,1173.8103,7.4703e+08
0.058274,0.400452,1178.5081,7.6325e+08
0.058274,0.402139,1181.6130,7.7416e+08
0.058274,0.403540,1184.1902,7.8327e+08
0.058274,0.405914,1188.5462,7.9892e+08
0.058274,0.408473,1193.2325,8.1604e+08
0.058274,0.411035,1197.9169,8.3341e+08
0.058274,0.413484,1202.3851,8.5021e+08
0.058274,0.414799,1204.7785,8.5939e+08
0.058274,0.416530,1207.9287,8.7147e+08
0.058274,0.419104,1212.6007,8.8975e+08
0.058274,0.421682,1217.2704,9.0828e+08
0.058274,0.424263,1221.9382,9.2707e+08
0.058274,0.426321,1225.6515,9.4223e+08
0.058274,0.427586,1227.9308,9.5164e+08
0.058274,0.429799,1231.9114,9.6822e+08
0.058274,0.432391,1236.5661,9.8793e+08
0.058274,0.434988,1241.2183,1.0079e+09
0.058274,0.437516,1245.7399,1.0275e+09
0.058274,0.439161,1248.6732,1.0405e+09
0.058274,0.440556,1251.1611,1.0515e+09
0.058274,0.443164,1255.8002,1.0724e+09
0.058274,0.445775,1260.4366,1.0935e+09
0.058274,0.448390,1265.0702,1.1149e+09
0.058274,0.450747,1269.2378,1.1344e+09
0.058274,0.451756,1271.0187,1.1428e+09
0.058274,0.453997,1274.9690,1.1616e+09
0.058274,0.456623,1279.5884,1.1839e+09
0.058274,0.459252,1284.2027,1.2064e+09
0.058274,0.461880,1288.8080,1.2292e+09
0.058274,0.463516,1291.6658,1.2435e+09
0.058274,0.464873,1294.0347,1.2554e+09
0.058274,0.467495,1298.6044,1.2787e+09
0.058274,0.470113,1303.1579,1.3021e+09
0.058274,0.472726,1307.6943,1.3257e+09
0.058274,0.475334,1312.2077,1.3495e+09
0.058274,0.475816,1313.0422,1.3540e+09
0.058274,0.478297,1317.3252,1.3769e+09
0.058274,0.480891,1321.7942,1.4010e+09
0.058274,0.483477,1326.2423,1.4253e+09
0.058274,0.486056,1330.6646,1.4498e+09
0.058274,0.487696,1333.4735,1.4655e+09
0.058274,0.488986,1335.6785,1.4779e+09
0.058274,0.491549,1340.0555,1.5026e+09
0.058274,0.494105,1344.4116,1.5275e+09
0.058274,0.496655,1348.7436,1.5525e+09
0.058274,0.499198,1353.0564,1.5777e+09
0.058274,0.499978,1354.3772,1.5854e+09
0.058274,0.502087,1357.9462,1.6065e+09
0.058274,0.504615,1362.2130,1.6319e+09
0.058274,0.507136,1366.4588,1.6574e+09
0.058274,0.509651,1370.6863,1.6831e+09
0.058274,0.511723,1374.1616,1.7043e+09
0.058274,0.512734,1375.8571,1.7147e+09
0.058274,0.515009,1379.6614,1.7383e+09
0.058274,0.517503,1383.8247,1.7642e+09
0.058274,0.519991,1387.9706,1.7902e+09
0.058274,0.522473,1392.0932,1.8164e+09
0.058274,0.524103,1394.7984,1.8337e+09
0.058274,0.525443,1397.0175,1.8479e+09
0.058274,0.527761,1400.8550,1.8726e+09
0.058274,0.530223,1404.9187,1.8991e+09
0.058274,0.532679,1408.9637,1.9256e+09
0.058274,0.535129,1412.9925,1.9521e+09
0.058274,0.536459,1415.1737,1.9666e+09
0.058274,0.537984,1417.6743,1.9832e+09
0.058274,0.540352,1421.5468,2.0092e+09
0.058274,0.542783,1425.5180,2.0359e+09
0.058274,0.545209,1429.4702,2.0627e+09
0.058274,0.547627,1433.4004,2.0896e+09
0.058274,0.548783,1435.2791,2.1024e+09
0.058274,0.550379,1437.8670,2.1202e+09
0.058274,0.552788,1441.7656,2.1472e+09
0.058274,0.555190,1445.6446,2.1742e+09
0.058274,0.557587,1449.5088,2.2012e+09
0.058274,0.559894,1453.2191,2.2273e+09
0.058274,0.561093,1455.1456,2.2409e+09
0.058274,0.562697,1457.7167,2.2591e+09
0.058274,0.565077,1461.5290,2.2862e+09
0.058274,0.567452,1465.3237,2.3134e+09
0.058274,0.569821,1469.1008,2.3405e+09
0.058274,0.572085,1472.7054,2.3665e+09
0.058274,0.573313,1474.6543,2.3806e+09
0.058274,0.574873,1477.1314,2.3986e+09
0.058274,0.577227,1480.8591,2.4258e+09
0.058274,0.579575,1484.5737,2.4529e+09
0.058274,0.581918,1488.2694,2.4801e+09
0.058274,0.584193,1491.8506,2.5065e+09
0.058274,0.585458,1493.8399,2.5212e+09
0.058274,0.586915,1496.1292,2.5381e+09
0.058274,0.589243,1499.7775,2.5652e+09
0.058274,0.591567,1503.4124,2.5923e+09
0.058274,0.593885,1507.0333,2.6193e+09
0.058274,0.596199,1510.6365,2.6463e+09
0.058274,0.597544,1512.7304,2.6620e+09
0.058274,0.598841,1514.7448,2.6771e+09
0.058274,0.601134,1518.3024,2.7039e+09
0.058274,0.603434,1521.8612,2.7308e+09
0.058274,0.605728,1525.4079,2.7576e+09
0.058274,0.608019,1528.9390,2.7844e+09
0.058274,0.609560,1531.3119,2.8024e+09
0.058274,0.610760,1533.1556,2.8164e+09
0.058274,0.612904,1536.4495,2.8414e+09
0.058274,0.615181,1539.9373,2.8679e+09
0.058274,0.617454,1543.4122,2.8944e+09
0.058274,0.619722,1546.8752,2.9208e+09
0.058274,0.621491,1549.5697,2.9413e+09
0.058274,0.622628,1551.2997,2.9545e+09
0.058274,0.624560,1554.2355,2.9769e+09
0.058274,0.626816,1557.6571,3.0030e+09
0.058274,0.629067,1561.0632,3.0290e+09
0.058274,0.631314,1564.4589,3.0549e+09
0.058274,0.633332,1567.5011,3.0780e+09
0.058274,0.634460,1569.2013,3.0910e+09
0.058274,0.636108,1571.6778,3.1098e+09
0.058274,0.638343,1575.0349,3.1353e+09
0.058274,0.640574,1578.3763,3.1607e+09
0.058274,0.642801,1581.7066,3.1859e+09
0.058274,0.645024,1585.0259,3.2110e+09
0.058274,0.646280,1586.8954,3.2251e+09
0.058274,0.647593,1588.8503,3.2398e+09
0.058274,0.649769,1592.0842,3.2642e+09
0.058274,0.651981,1595.3655,3.2888e+09
0.058274,0.654189,1598.6332,3.3132e+09
0.058274,0.656393,1601.8919,3.3375e+09
0.058274,0.658092,1604.3959,3.3561e+09
0.058274,0.659197,1606.0247,3.3681e+09
0.058274,0.661098,1608.8207,3.3888e+09
0.058274,0.663292,1612.0440,3.4125e+09
0.058274,0.665482,1615.2521,3.4359e+09
0.058274,0.667668,1618.4511,3.4592e+09
0.058274,0.669812,1621.5814,3.4819e+09
0.058274,0.670785,1622.9993,3.4921e+09
0.058274,0.672336,1625.2573,3.5082e+09
0.058274,0.674512,1628.4224,3.5308e+09
0.058274,0.676686,1631.5759,3.5532e+09
0.058274,0.678856,1634.7176,3.5753e+09
0.058274,0.681023,1637.8509,3.5972e+09
0.058274,0.682587,1640.1076,3.6128e+09
0.058274,0.683682,1641.6860,3.6237e+09
0.058274,0.685648,1644.5153,3.6430e+09
0.058274,0.687806,1647.6159,3.6641e+09
0.058274,0.689960,1650.7033,3.6848e+09
0.058274,0.692111,1653.7818,3.7052e+09
0.058274,0.694260,1656.8515,3.7254e+09
0.058274,0.695095,1658.0413,3.7332e+09
0.058274,0.696714,1660.3474,3.7480e+09
0.058274,0.698847,1663.3814,3.7674e+09
0.058274,0.700987,1666.4195,3.7867e+09
0.058274,0.703124,1669.4452,3.8054e+09
0.058274,0.705258,1672.4632,3.8239e+09
0.058274,0.706974,1674.8846,3.8385e+09
0.058274,0.707825,1676.0866,3.8458e+09
0.058274,0.709815,1678.8861,3.8623e+09
0.058274,0.711941,1681.8737,3.8796e+09
0.058274,0.714065,1684.8520,3.8966e+09
0.058274,0.716186,1687.8194,3.9131e+09
0.058274,0.718304,1690.7793,3.9294e+09
0.058274,0.719421,1692.3359,3.9377e+09
0.058274,0.720715,1694.1405,3.9473e+09
0.058274,0.722829,1697.0786,3.9625e+09
0.058274,0.724940,1700.0093,3.9774e+09
0.058274,0.727049,1702.9312,3.9918e+09
0.058274,0.729156,1705.8426,4.0057e+09
0.058274,0.731261,1708.7467,4.0192e+09
0.058274,0.731707,1709.3612,4.0219e+09
0.058274,0.733656,1712.0453,4.0340e+09
0.058274,0.735756,1714.9286,4.0463e+09
0.058274,0.737854,1717.8047,4.0582e+09
0.058274,0.739950,1720.6737,4.0697e+09
0.058274,0.742045,1723.5313,4.0805e+09
0.058274,0.743854,1725.9967,4.0894e+09
0.058274,0.744429,1726.7785,4.0921e+09
0.058274,0.746519,1729.6202,4.1019e+09
0.058274,0.748608,1732.4527,4.1110e+09
0.058274,0.750695,1735.2765,4.1194e+09
0.058274,0.752780,1738.0933,4.1273e+09
0.058274,0.754864,1740.9023,4.1347e+09
0.058274,0.756166,1742.6516,4.1388e+09
0.058274,0.757237,1744.0914,4.1421e+09
0.058274,0.759318,1746.8823,4.1480e+09
0.058274,0.761397,1749.6663,4.1533e+09
0.058274,0.763476,1752.4420,4.1579e+09
0.058274,0.765553,1755.2092,4.1616e+09
0.058274,0.767556,1757.8724,4.1647e+09
0.058274,0.768526,1759.1608,4.1659e+09
0.058274,0.769993,1761.1059,4.1675e+09
0.058274,0.772067,1763.8503,4.1691e+09
0.058274,0.774140,1766.5865,4.1697e+09
0.058274,0.776213,1769.3161,4.1697e+09
0.058274,0.778284,1772.0392,4.1690e+09
0.058274,0.780089,1774.4054,4.1675e+09
0.058274,0.780961,1775.5467,4.1666e+09
0.058274,0.782713,1777.8366,4.1643e+09
0.058274,0.784780,1780.5331,4.1607e+09
0.058274,0.786846,1783.2215,4.1563e+09
0.058274,0.788910,1785.9015,4.1511e+09
0.058274,0.790973,1788.5715,4.1448e+09
0.058274,0.792514,1790.5627,4.1394e+09
0.058274,0.793447,1791.7663,4.1360e+09
0.058274,0.795378,1794.2527,4.1281e+09
0.058274,0.797435,1796.8944,4.1188e+09
0.058274,0.799489,1799.5274,4.1085e+09
0.058274,0.801542,1802.1512,4.0972e+09
0.058274,0.803593,1804.7648,4.0847e+09
0.058274,0.804839,1806.3489,4.0765e+09
0.058274,0.805955,1807.7668,4.0690e+09
0.058274,0.807975,1810.3267,4.0543e+09
0.058274,0.810021,1812.9122,4.0384e+09
0.058274,0.812066,1815.4888,4.0213e+09
0.058274,0.814109,1818.0565,4.0031e+09
0.058274,0.816130,1820.5891,3.9839e+09
0.058274,0.817102,1821.8044,3.9741e+09
0.058274,0.818476,1823.5198,3.9599e+09
0.058274,0.820515,1826.0596,3.9379e+09
0.058274,0.822553,1828.5902,3.9144e+09
0.058274,0.824590,1831.1115,3.8896e+09
0.058274,0.826627,1833.6242,3.8635e+09
0.058274,0.828589,1836.0375,3.8370e+09
0.058274,0.829363,1836.9875,3.8263e+09
0.058274,0.830982,1838.9713,3.8031e+09
0.058274,0.833017,1841.4569,3.7726e+09
0.058274,0.835052,1843.9339,3.7406e+09
0.058274,0.837086,1846.4026,3.7072e+09
0.058274,0.839121,1848.8630,3.6722e+09
0.058274,0.841020,1851.1511,3.6382e+09
0.058274,0.841630,1851.8852,3.6270e+09
0.058274,0.843476,1854.0992,3.5922e+09
0.058274,0.845512,1856.5337,3.5522e+09
0.058274,0.847550,1858.9603,3.5106e+09
0.058274,0.849588,1861.3791,3.4673e+09
0.058274,0.851629,1863.7903,3.4222e+09
0.058274,0.853436,1865.9188,3.3809e+09
0.058274,0.853955,1866.5289,3.3689e+09
0.058274,0.856000,1868.9250,3.3202e+09
0.058274,0.858047,1871.3133,3.2695e+09
0.058274,0.860097,1873.6943,3.2170e+09
0.058274,0.862150,1876.0689,3.1626e+09
0.058274,0.864206,1878.4374,3.1064e+09
0.058274,0.865832,1880.3024,3.0607e+09
0.058274,0.866554,1881.1277,3.0399e+09
0.058274,0.868620,1883.4829,2.9794e+09
0.058274,0.870690,1885.8325,2.9170e+09
0.058274,0.872766,1888.1753,2.8524e+09
0.058274,0.874847,1890.5137,2.7858e+09
0.058274,0.876934,1892.8458,2.7171e+09
0.058274,0.878139,1894.1871,2.6766e+09
0.058274,0.879321,1895.4987,2.6363e+09
0.058274,0.881424,1897.8212,2.5631e+09
0.058274,0.883533,1900.1391,2.4879e+09
0.058274,0.885651,1902.4529,2.4106e+09
0.058274,0.887776,1904.7614,2.3312e+09
0.058274,0.889790,1906.9362,2.2545e+09
0.058274,0.890583,1907.7894,2.2239e+09
0.058274,0.892355,1909.6890,2.1547e+09
0.058274,0.894509,1911.9858,2.0692e+09
0.058274,0.896673,1914.2787,1.9820e+09
0.058274,0.898846,1916.5678,1.8932e+09
0.058274,0.901006,1918.8306,1.8039e+09
0.058274,0.902519,1920.4063,1.7407e+09
0.058274,0.903529,1921.4544,1.6984e+09
0.058274,0.905734,1923.7345,1.6057e+09
0.058274,0.907948,1926.0130,1.5122e+09
0.058274,0.910172,1928.2900,1.4182e+09
0.058274,0.912407,1930.5674,1.3242e+09
0.058274,0.914344,1932.5344,1.2432e+09
0.058274,0.915199,1933.4012,1.2077e+09
0.058274,0.917226,1935.4526,1.1244e+09
0.058274,0.919495,1937.7466,1.0328e+09
0.058274,0.921775,1940.0519,9.4304e+08
0.058274,0.924064,1942.3713,8.5582e+08
0.058274,0.926162,1944.5080,7.7885e+08
0.058274,0.927219,1945.5886,7.4136e+08
0.058274,0.928986,1947.4073,6.8062e+08
0.058274,0.931297,1949.8129,6.0560e+08
0.058274,0.933615,1952.2659,5.3561e+08
0.058274,0.935939,1954.7818,4.7126e+08
0.058274,0.938133,1957.2251,4.1618e+08
0.058274,0.939318,1958.5780,3.8874e+08
0.058274,0.940932,1960.4679,3.5419e+08
0.058274,0.943274,1963.3240,3.0938e+08
0.058274,0.945623,1966.3558,2.7072e+08
0.058274,0.947977,1969.6120,2.3783e+08
0.058274,0.950234,1972.9922,2.1115e+08
0.058274,0.951473,1974.9758,1.9820e+08
0.058274,0.953033,1977.6366,1.8342e+08
0.058274,0.955406,1982.0898,1.6348e+08
0.058274,0.957784,1987.1359,1.4565e+08
0.058274,0.960167,1992.9724,1.2922e+08
0.058274,0.962471,1999.5157,1.1420e+08
0.058274,0.963669,2003.3256,1.0668e+08
0.058274,0.965290,2008.9847,9.6833e+07
0.058274,0.967693,2018.4585,8.3096e+07
0.058274,0.970104,2029.1562,7.0594e+07
0.058274,0.972521,2040.7325,5.9472e+07
0.058274,0.974871,2052.3774,4.9946e+07
0.058274,0.975895,2057.4863,4.6154e+07
0.058274,0.977715,2066.5399,3.9895e+07
0.058274,0.980153,2078.5419,3.2365e+07
0.058274,0.982596,2090.3598,2.5718e+07
0.058274,0.985043,2101.9785,1.9871e+07
0.058274,0.987443,2113.1992,1.4873e+07
0.058274,0.988135,2116.3928,1.3574e+07
0.058274,0.990285,2126.2356,9.8714e+06
0.058274,0.992732,2137.3331,6.3237e+06
0.058274,0.995169,2148.3106,3.4896e+06
0.058274,0.997594,2159.1772,1.3783e+06
0.058274,1.000000,2170.0657,1.6943e+04
0.059516,0.000000,300.0000,5.3958e+01
0.059516,0.002877,306.4304,1.8519e+03
0.059516,0.005624,313.8031,8.6477e+03
0.059516,0.008325,321.0641,2.0476e+04
0.059516,0.010993,328.2029,3.7226e+04
0.059516,0.012120,331.2044,4.5825e+04
0.059516,0.014014,336.2369,6.2376e+04
0.059516,0.016618,343.1212,8.9745e+04
0.059516,0.019213,349.9478,1.2257e+05
0.059516,0.021792,356.6978,1.6086e+05
0.059516,0.023858,362.0849,1.9609e+05
0.059516,0.025017,365.0969,2.1749e+05
0.059516,0.027259,370.9116,2.6295e+05
0.059516,0.029793,377.4563,3.2122e+05
0.059516,0.032315,383.9460,3.8642e+05
0.059516,0.034826,390.3847,4.5934e+05
0.059516,0.036369,394.3305,5.0861e+05
0.059516,0.037805,397.9968,5.5690e+05
0.059516,0.040164,404.0015,6.4477e+05
0.059516,0.042644,410.2945,7.4756e+05
0.059516,0.045115,416.5448,8.6173e+05
0.059516,0.047553,422.6950,9.8475e+05
0.059516,0.048816,425.8728,1.0552e+06
0.059516,0.050376,429.7904,1.1473e+06
0.059516,0.052824,435.9227,1.3040e+06
0.059516,0.055264,442.0177,1.4784e+06
0.059516,0.057697,448.0786,1.6691e+06
0.059516,0.059955,453.6840,1.8646e+06
0.059516,0.061219,456.8184,1.9821e+06
0.059516,0.062883,460.9344,2.1460e+06
0.059516,0.065298,466.8959,2.4015e+06
0.059516,0.067708,472.8263,2.6824e+06
0.059516,0.070112,478.7263,2.9887e+06
0.059516,0.072273,484.0160,3.2864e+06
0.059516,0.073521,487.0665,3.4670e+06
0.059516,0.075239,491.2571,3.7325e+06
0.059516,0.077629,497.0728,4.1248e+06
0.059516,0.080014,502.8627,4.5476e+06
0.059516,0.082395,508.6264,5.0020e+06
0.059516,0.084517,513.7522,5.4367e+06
0.059516,0.085749,516.7225,5.7008e+06
0.059516,0.087475,520.8767,6.0843e+06
0.059516,0.089844,526.5656,6.6458e+06
0.059516,0.092210,532.2318,7.2434e+06
0.059516,0.094572,537.8752,7.8777e+06
0.059516,0.096696,542.9395,8.4763e+06
0.059516,0.097927,545.8689,8.8398e+06
0.059516,0.099615,549.8791,9.3575e+06
0.059516,0.101968,555.4573,1.0110e+07
0.059516,0.104318,561.0143,1.0906e+07
0.059516,0.106666,566.5515,1.1740e+07
0.059516,0.108816,571.6120,1.2540e+07
0.059516,0.110071,574.5601,1.3024e+07
0.059516,0.111679,578.3331,1.3661e+07
0.059516,0.114019,583.8106,1.4626e+07
0.059516,0.116357,589.2679,1.5638e+07
0.059516,0.118692,594.7100,1.6682e+07
0.059516,0.120883,599.8029,1.7698e+07
0.059516,0.122194,602.8425,1.8335e+07
0.059516,0.123682,606.2938,1.9062e+07
0.059516,0.126012,611.6805,2.0247e+07
0.059516,0.128340,617.0526,2.1470e+07
0.059516,0.130667,622.4106,2.2728e+07
0.059516,0.132902,627.5436,2.3994e+07
0.059516,0.134306,630.7628,2.4801e+07
0.059516,0.135638,633.8132,2.5591e+07
0.059516,0.137960,639.1216,2.6989e+07
0.059516,0.140281,644.4152,2.8430e+07
0.059516,0.142600,649.6914,2.9924e+07
0.059516,0.144880,654.8687,3.1425e+07
0.059516,0.146415,658.3470,3.2464e+07
0.059516,0.147559,660.9388,3.3238e+07
0.059516,0.149875,666.1703,3.4869e+07
0.059516,0.152191,671.3918,3.6531e+07
0.059516,0.154505,676.6013,3.8231e+07
0.059516,0.156819,681.7939,3.9987e+07
0.059516,0.158519,685.6073,4.1285e+07
0.059516,0.159468,687.7284,4.2037e+07
0.059516,0.161767,692.8678,4.3860e+07
0.059516,0.164079,698.0220,4.5747e+07
0.059516,0.166391,703.1690,4.7658e+07
0.059516,0.168703,708.2993,4.9630e+07
0.059516,0.170529,712.3493,5.1206e+07
0.059516,0.171493,714.4801,5.2057e+07
0.059516,0.173647,719.2447,5.3962e+07
0.059516,0.175958,724.3393,5.6069e+07
0.059516,0.178268,729.4288,5.8196e+07
0.059516,0.180579,734.5032,6.0385e+07
0.059516,0.182521,738.7618,6.2244e+07
0.059516,0.183530,740.9700,6.3233e+07
0.059516,0.185524,745.3319,6.5186e+07
0.059516,0.187835,750.3747,6.7512e+07
0.059516,0.190147,755.4144,6.9855e+07
0.059516,0.192459,760.4366,7.2278e+07
0.059516,0.194501,764.8710,7.4423e+07
0.059516,0.195585,767.2155,7.5598e+07
0.059516,0.197408,771.1605,7.7575e+07
0.059516,0.199722,776.1592,8.0124e+07
0.059516,0.202037,781.1495,8.2721e+07
0.059516,0.204352,786.1304,8.5372e+07
0.059516,0.206479,790.6989,8.7842e+07
0.059516,0.207660,793.2319,8.9225e+07
0.059516,0.209310,796.7615,9.1209e+07
0.059516,0.211628,801.7225,9.3997e+07
0.059516,0.213948,806.6685,9.6881e+07
0.059516,0.216269,811.6154,9.9773e+07
0.059516,0.218465,816.2786,1.0261e+08
0.059516,0.219757,819.0234,1.0428e+08
0.059516,0.221239,822.1657,1.0621e+08
0.059516,0.223564,827.0837,1.0933e+08
0.059516,0.225890,832.0017,1.1248e+08
0.059516,0.228219,836.9069,1.1573e+08
0.059516,0.230468,841.6442,1.1888e+08
0.059516,0.231878,844.6038,1.2093e+08
0.059516,0.233205,847.3888,1.2285e+08
0.059516,0.235539,852.2813,1.2627e+08
0.059516,0.237874,857.1632,1.2980e+08
0.059516,0.240211,862.0452,1.3337e+08
0.059516,0.242501,866.8125,1.3697e+08
0.059516,0.244022,869.9796,1.3937e+08
0.059516,0.245218,872.4662,1.4130e+08
0.059516,0.247562,877.3269,1.4515e+08
0.059516,0.249908,882.1887,1.4904e+08
0.059516,0.252256,887.0388,1.5307e+08
0.059516,0.254575,891.8286,1.5706e+08
0.059516,0.256186,895.1437,1.5996e+08
0.059516,0.257287,897.4086,1.6194e+08
0.059516,0.259643,902.2536,1.6618e+08
0.059516,0.262001,907.0848,1.7061e+08
0.059516,0.264361,911.9211,1.7505e+08
0.059516,0.266703,916.7030,1.7964e+08
0.059516,0.268369,920.1026,1.8292e+08
0.059516,0.269420,922.2463,1.8499e+08
0.059516,0.271788,927.0630,1.8985e+08
0.059516,0.274160,931.8821,1.9475e+08
0.059516,0.276534,936.6937,1.9981e+08
0.059516,0.278898,941.4778,2.0493e+08
0.059516,0.280566,944.8521,2.0857e+08
0.059516,0.281623,946.9812,2.1098e+08
0.059516,0.284006,951.7841,2.1639e+08
0.059516,0.286392,956.5861,2.2191e+08
0.059516,0.288781,961.3804,2.2761e+08
0.059516,0.291171,966.1749,2.3334e+08
0.059516,0.292773,969.3758,2.3735e+08
0.059516,0.293903,971.6338,2.4018e+08
0.059516,0.296302,976.4273,2.4620e+08
0.059516,0.298704,981.2075,2.5251e+08
0.059516,0.301109,985.9927,2.5884e+08
0.059516,0.303517,990.7708,2.6539e+08
0.059516,0.304983,993.6758,2.6944e+08
0.059516,0.306265,996.2153,2.7299e+08
0.059516,0.308681,1000.9902,2.7983e+08
0.059516,0.311099,1005.7606,2.8686e+08
0.059516,0.313521,1010.5342,2.9396e+08
0.059516,0.315946,1015.2964,3.0136e+08
0.059516,0.317191,1017.7409,3.0516e+08
0.059516,0.318714,1020.7313,3.0981e+08
0.059516,0.321146,1025.4879,3.1759e+08
0.059516,0.323582,1030.2500,3.2540e+08
0.059516,0.326022,1035.0060,3.3345e+08
0.059516,0.328464,1039.7598,3.4167e+08
0.059516,0.329389,1041.5589,3.4479e+08
0.059516,0.331252,1045.1775,3.5120e+08
0.059516,0.333703,1049.9245,3.5986e+08
0.059516,0.336156,1054.6781,3.6853e+08
0.059516,0.338614,1059.4174,3.7762e+08
0.059516,0.341074,1064.1625,3.8674e+08
0.059516,0.341569,1065.1170,3.8858e+08
0.059516,0.343883,1069.5626,3.9746e+08
0.059516,0.346351,1074.3006,4.0706e+08
0.059516,0.348823,1079.0408,4.1676e+08
0.059516,0.351299,1083.7750,4.2675e+08
0.059516,0.353424,1087.8295,4.3551e+08
0.059516,0.354124,1089.1652,4.3840e+08
0.059516,0.356608,1093.8927,4.4888e+08
0.059516,0.359095,1098.6182,4.5956e+08
0.059516,0.361585,1103.3415,4.7045e+08
0.059516,0.364080,1108.0627,4.8155e+08
0.059516,0.365678,1111.0820,4.8877e+08
0.059516,0.366928,1113.4426,4.9447e+08
0.059516,0.369428,1118.1554,5.0603e+08
0.059516,0.371934,1122.8675,5.1787e+08
0.059516,0.374444,1127.5775,5.2992e+08
0.059516,0.376957,1132.2854,5.4220e+08
0.059516,0.377986,1134.2113,5.4728e+08
0.059516,0.379834,1137.6644,5.5651e+08
0.059516,0.382346,1142.3495,5.6922e+08
0.059516,0.384871,1147.0496,5.8223e+08
0.059516,0.387399,1151.7457,5.9551e+08
0.059516,0.389610,1155.8443,6.0729e+08
0.059516,0.390650,1157.7702,6.1288e+08
0.059516,0.392820,1161.7843,6.2470e+08
0.059516,0.395360,1166.4733,6.3871e+08
0.059516,0.397904,1171.1602,6.5296e+08
0.059516,0.400452,1175.8416,6.6751e+08
0.059516,0.402139,1178.9371,6.7727e+08
0.059516,0.403540,1181.5058,6.8544e+08
0.059516,0.405914,1185.8485,6.9945e+08
0.059516,0.408473,1190.5221,7.1476e+08
0.059516,0.411035,1195.1937,7.3031e+08
0.059516,0.413484,1199.6466,7.4543e+08
0.059516,0.414799,1202.0347,7.5363e+08
0.059516,0.416530,1205.1736,7.6453e+08
0.059516,0.419104,1209.8333,7.8092e+08
0.059516,0.421682,1214.4906,7.9756e+08
0.059516,0.424263,1219.1460,8.1445e+08
0.059516,0.426321,1222.8474,8.2813e+08
0.059516,0.427586,1225.1219,8.3656e+08
0.059516,0.429799,1229.0903,8.5153e+08
0.059516,0.432391,1233.7330,8.6927e+08
0.059516,0.434988,1238.3730,8.8726e+08
0.059516,0.437516,1242.8826,9.0498e+08
0.059516,0.439161,1245.8081,9.1669e+08
0.059516,0.440556,1248.2895,9.2663e+08
0.059516,0.443164,1252.9169,9.4549e+08
0.059516,0.445775,1257.5414,9.6459e+08
0.059516,0.448390,1262.1630,9.8393e+08
0.059516,0.450747,1266.3213,1.0016e+09
0.059516,0.451756,1268.0965,1.0092e+09
0.059516,0.453997,1272.0386,1.0262e+09
0.059516,0.456623,1276.6463,1.0464e+09
0.059516,0.459252,1281.2488,1.0669e+09
0.059516,0.461880,1285.8425,1.0875e+09
0.059516,0.463516,1288.6952,1.1005e+09
0.059516,0.464873,1291.0591,1.1113e+09
0.059516,0.467495,1295.6185,1.1324e+09
0.059516,0.470113,1300.1605,1.1538e+09
0.059516,0.472726,1304.6852,1.1753e+09
0.059516,0.475334,1309.1916,1.1969e+09
0.059516,0.475816,1310.0226,1.2009e+09
0.059516,0.478297,1314.2987,1.2218e+09
0.059516,0.480891,1318.7563,1.2438e+09
0.059516,0.483477,1323.1929,1.2660e+09
0.059516,0.486056,1327.6089,1.2883e+09
0.059516,0.487696,1330.4105,1.3026e+09
0.059516,0.488986,1332.6140,1.3139e+09
0.059516,0.491549,1336.9797,1.3365e+09
0.059516,0.494105,1341.3255,1.3592e+09
0.059516,0.496655,1345.6516,1.3821e+09
0.059516,0.499198,1349.9564,1.4051e+09
0.059516,0.499978,1351.2749,1.4122e+09
0.059516,0.502087,1354.8348,1.4315e+09
0.059516,0.504615,1359.0936,1.4548e+09
0.059516,0.507136,1363.3336,1.4781e+09
0.059516,0.509651,1367.5523,1.5016e+09
0.059516,0.511723,1371.0205,1.5211e+09
0.059516,0.512734,1372.7118,1.5307e+09
0.059516,0.515009,1376.5111,1.5523e+09
0.059516,0.517503,1380.6686,1.5761e+09
0.059516,0.519991,1384.8040,1.6000e+09
0.059516,0.522473,1388.9210,1.6241e+09
0.059516,0.524103,1391.6221,1.6399e+09
0.059516,0.525443,1393.8379,1.6530e+09
0.059516,0.527761,1397.6687,1.6758e+09
0.059516,0.530223,1401.7249,1.7001e+09
0.059516,0.532679,1405.7644,1.7245e+09
0.059516,0.535129,1409.7871,1.7489e+09
0.059516,0.536459,1411.9645,1.7623e+09
0.059516,0.537984,1414.4603,1.7776e+09
0.059516,0.540352,1418.3275,1.8015e+09
0.059516,0.542783,1422.2931,1.8262e+09
0.059516,0.545209,1426.2387,1.8509e+09
0.059516,0.547627,1430.1635,1.8757e+09
0.059516,0.548783,1432.0392,1.8876e+09
0.059516,0.550379,1434.6236,1.9041e+09
0.059516,0.552788,1438.5166,1.9290e+09
0.059516,0.555190,1442.3902,1.9540e+09
0.059516,0.557587,1446.2487,1.9789e+09
0.059516,0.559894,1449.9547,2.0031e+09
0.059516,0.561093,1451.8777,2.0157e+09
0.059516,0.562697,1454.4461,2.0326e+09
0.059516,0.565077,1458.2527,2.0577e+09
0.059516,0.567452,1462.0440,2.0828e+09
0.059516,0.569821,1465.8155,2.1080e+09
0.059516,0.572085,1469.4144,2.1321e+09
0.059516,0.573313,1471.3620,2.1453e+09
0.059516,0.574873,1473.8373,2.1619e+09
0.059516,0.577227,1477.5596,2.1872e+09
0.059516,0.579575,1481.2683,2.2124e+09
0.059516,0.581918,1484.9624,2.2376e+09
0.059516,0.584193,1488.5380,2.2622e+09
0.059516,0.585458,1490.5267,2.2758e+09
0.059516,0.586915,1492.8104,2.2916e+09
0.059516,0.589243,1496.4581,2.3168e+09
0.059516,0.591567,1500.0872,2.3421e+09
0.059516,0.593885,1503.7032,2.3673e+09
0.059516,0.596199,1507.3055,2.3924e+09
0.059516,0.597544,1509.3945,2.4071e+09
0.059516,0.598841,1511.4080,2.4212e+09
0.059516,0.601134,1514.9612,2.4462e+09
0.059516,0.603434,1518.5193,2.4713e+09
0.059516,0.605728,1522.0600,2.4964e+09
0.059516,0.608019,1525.5892,2.5214e+09
0.059516,0.609560,1527.9591,2.5382e+09
0.059516,0.610760,1529.8037,2.5513e+09
0.059516,0.612904,1533.0915,2.5748e+09
0.059516,0.615181,1536.5783,2.5996e+09
0.059516,0.617454,1540.0506,2.6244e+09
0.059516,0.619722,1543.5084,2.6492e+09
0.059516,0.621491,1546.2044,2.6685e+09
0.059516,0.622628,1547.9313,2.6809e+09
0.059516,0.624560,1550.8654,2.7019e+09
0.059516,0.626816,1554.2828,2.7264e+09
0.059516,0.629067,1557.6894,2.7509e+09
0.059516,0.631314,1561.0806,2.7752e+09
0.059516,0.633332,1564.1218,2.7970e+09
0.059516,0.634460,1565.8188,2.8092e+09
0.059516,0.636108,1568.2973,2.8270e+09
0.059516,0.638343,1571.6496,2.8511e+09
0.059516,0.640574,1574.9905,2.8750e+09
0.059516,0.642801,1578.3205,2.8989e+09
0.059516,0.645024,1581.6354,2.9226e+09
0.059516,0.646280,1583.5065,2.9360e+09
0.059516,0.647593,1585.4595,2.9499e+09
0.059516,0.649769,1588.6928,2.9730e+09
0.059516,0.651981,1591.9709,2.9963e+09
0.059516,0.654189,1595.2391,3.0195e+09
0.059516,0.656393,1598.4954,3.0425e+09
0.059516,0.658092,1600.9994,3.0602e+09
0.059516,0.659197,1602.6266,3.0717e+09
0.059516,0.661098,1605.4234,3.0914e+09
0.059516,0.663292,1608.6443,3.1139e+09
0.059516,0.665482,1611.8526,3.1363e+09
0.059516,0.667668,1615.0521,3.1586e+09
0.059516,0.669812,1618.1804,3.1802e+09
0.059516,0.670785,1619.5997,3.1901e+09
0.059516,0.672336,1621.8566,3.2056e+09
0.059516,0.674512,1625.0223,3.2273e+09
0.059516,0.676686,1628.1746,3.2487e+09
0.059516,0.678856,1631.3170,3.2700e+09
0.059516,0.681023,1634.4509,3.2911e+09
0.059516,0.682587,1636.7073,3.3062e+09
0.059516,0.683682,1638.2855,3.3167e+09
0.059516,0.685648,1641.1158,3.3354e+09
0.059516,0.687806,1644.2172,3.3558e+09
0.059516,0.689960,1647.3050,3.3759e+09
0.059516,0.692111,1650.3846,3.3958e+09
0.059516,0.694260,1653.4550,3.4155e+09
0.059516,0.695095,1654.6455,3.4231e+09
0.059516,0.696714,1656.9526,3.4376e+09
0.059516,0.698847,1659.9879,3.4567e+09
0.059516,0.700987,1663.0275,3.4755e+09
0.059516,0.703124,1666.0550,3.4940e+09
0.059516,0.705258,1669.0746,3.5123e+09
0.059516,0.706974,1671.4978,3.5268e+09
0.059516,0.707825,1672.7003,3.5340e+09
0.059516,0.709815,1675.5022,3.5504e+09
0.059516,0.711941,1678.4918,3.5677e+09
0.059516,0.714065,1681.4732,3.5847e+09
0.059516,0.716186,1684.4431,3.6013e+09
0.059516,0.718304,1687.4054,3.6177e+09
0.059516,0.719421,1688.9641,3.6261e+09
0.059516,0.720715,1690.7707,3.6359e+09
0.059516,0.722829,1693.7120,3.6514e+09
0.059516,0.724940,1696.6457,3.6666e+09
0.059516,0.727049,1699.5721,3.6816e+09
0.059516,0.729156,1702.4871,3.6959e+09
0.059516,0.731261,1705.3947,3.7100e+09
0.059516,0.731707,1706.0104,3.7129e+09
0.059516,0.733656,1708.6980,3.7256e+09
0.059516,0.735756,1711.5869,3.7388e+09
0.059516,0.737854,1714.4672,3.7515e+09
0.059516,0.739950,1717.3404,3.7639e+09
0.059516,0.742045,1720.2048,3.7758e+09
0.059516,0.743854,1722.6741,3.7856e+09
0.059516,0.744429,1723.4578,3.7887e+09
0.059516,0.746519,1726.3045,3.7996e+09
0.059516,0.748608,1729.1443,3.8101e+09
0.059516,0.750695,1731.9741,3.8199e+09
0.059516,0.752780,1734.7968,3.8293e+09
0.059516,0.754864,1737.6126,3.8383e+09
0.059516,0.756166,1739.3666,3.8435e+09
0.059516,0.757237,1740.8110,3.8478e+09
0.059516,0.759318,1743.6086,3.8555e+09
0.059516,0.761397,1746.3997,3.8627e+09
0.059516,0.763476,1749.1841,3.8694e+09
0.059516,0.765553,1751.9601,3.8754e+09
0.059516,0.767556,1754.6309,3.8806e+09
0.059516,0.768526,1755.9244,3.8830e+09
0.059516,0.769993,1757.8747,3.8862e+09
0.059516,0.772067,1760.6290,3.8904e+09
0.059516,0.774140,1763.3756,3.8938e+09
0.059516,0.776213,1766.1148,3.8966e+09
0.059516,0.778284,1768.8476,3.8987e+09
0.059516,0.780089,1771.2247,3.9001e+09
0.059516,0.780961,1772.3692,3.9004e+09
0.059516,0.782713,1774.6703,3.9010e+09
0.059516,0.784780,1777.3780,3.9008e+09
0.059516,0.786846,1780.0780,3.8999e+09
0.059516,0.788910,1782.7700,3.8983e+09
0.059516,0.790973,1785.4536,3.8960e+09
0.059516,0.792514,1787.4550,3.8936e+09
0.059516,0.793447,1788.6650,3.8921e+09
0.059516,0.795378,1791.1645,3.8881e+09
0.059516,0.797435,1793.8201,3.8831e+09
0.059516,0.799489,1796.4674,3.8773e+09
0.059516,0.801542,1799.1062,3.8707e+09
0.059516,0.803593,1801.7367,3.8632e+09
0.059516,0.804839,1803.3304,3.8581e+09
0.059516,0.805955,1804.7578,3.8534e+09
0.059516,0.807975,1807.3343,3.8439e+09
0.059516,0.810021,1809.9371,3.8334e+09
0.059516,0.812066,1812.5315,3.8220e+09
0.059516,0.814109,1815.1176,3.8095e+09
0.059516,0.816130,1817.6690,3.7963e+09
0.059516,0.817102,1818.8942,3.7895e+09
0.059516,0.818476,1820.6226,3.7796e+09
0.059516,0.820515,1823.1828,3.7640e+09
0.059516,0.822553,1825.7348,3.7473e+09
0.059516,0.824590,1828.2783,3.7295e+09
0.059516,0.826627,1830.8134,3.7104e+09
0.059516,0.828589,1833.2489,3.6910e+09
0.059516,0.829363,1834.2078,3.6831e+09
0.059516,0.830982,1836.2108,3.6660e+09
0.059516,0.833017,1838.7210,3.6433e+09
0.059516,0.835052,1841.2235,3.6194e+09
0.059516,0.837086,1843.7184,3.5943e+09
0.059516,0.839121,1846.2058,3.5678e+09
0.059516,0.841020,1848.5199,3.5420e+09
0.059516,0.841630,1849.2632,3.5336e+09
0.059516,0.843476,1851.5029,3.5070e+09
0.059516,0.845512,1853.9674,3.4764e+09
0.059516,0.847550,1856.4249,3.4443e+09
0.059516,0.849588,1858.8752,3.4108e+09
0.059516,0.851629,1861.3188,3.3759e+09
0.059516,0.853436,1863.4769,3.3437e+09
0.059516,0.853955,1864.0949,3.3342e+09
0.059516,0.856000,1866.5252,3.2960e+09
0.059516,0.858047,1868.9493,3.2563e+09
0.059516,0.860097,1871.3677,3.2150e+09
0.059516,0.862150,1873.7804,3.1721e+09
0.059516,0.864206,1876.1868,3.1273e+09
0.059516,0.865832,1878.0832,3.0908e+09
0.059516,0.866554,1878.9229,3.0743e+09
0.059516,0.868620,1881.3197,3.0260e+09
0.059516,0.870690,1883.7110,2.9757e+09
0.059516,0.872766,1886.0976,2.9237e+09
0.059516,0.874847,1888.4805,2.8698e+09
0.059516,0.876934,1890.8586,2.8140e+09
0.059516,0.878139,1892.2270,2.7810e+09
0.059516,0.879321,1893.5651,2.7480e+09
0.059516,0.881424,1895.9356,2.6880e+09
0.059516,0.883533,1898.3031,2.6260e+09
0.059516,0.885651,1900.6664,2.5619e+09
0.059516,0.887776,1903.0271,2.4958e+09
0.059516,0.889790,1905.2505,2.4315e+09
0.059516,0.890583,1906.1231,2.4058e+09
0.059516,0.892355,1908.0663,2.3473e+09
0.059516,0.894509,1910.4164,2.2747e+09
0.059516,0.896673,1912.7628,2.2001e+09
0.059516,0.898846,1915.1052,2.1234e+09
0.059516,0.901006,1917.4201,2.0456e+09
0.059516,0.902519,1919.0315,1.9901e+09
0.059516,0.903529,1920.1036,1.9527e+09
0.059516,0.905734,1922.4335,1.8701e+09
0.059516,0.907948,1924.7590,1.7858e+09
0.059516,0.910172,1927.0803,1.7000e+09
0.059516,0.912407,1929.3981,1.6128e+09
0.059516,0.914344,1931.3948,1.5366e+09
0.059516,0.915199,1932.2724,1.5028e+09
0.059516,0.917226,1934.3458,1.4225e+09
0.059516,0.919495,1936.6551,1.3323e+09
0.059516,0.921775,1938.9620,1.2419e+09
0.059516,0.924064,1941.2677,1.1517e+09
0.059516,0.926162,1943.3742,1.0697e+09
0.059516,0.927219,1944.4322,1.0289e+09
0.059516,0.928986,1946.2010,9.6127e+08
0.059516,0.931297,1948.5120,8.7472e+08
0.059516,0.933615,1950.8323,7.9056e+08
0.059516,0.935939,1953.1682,7.0937e+08
0.059516,0.938133,1955.3883,6.3613e+08
0.059516,0.939318,1956.5960,5.9810e+08
0.059516,0.940932,1958.2543,5.4837e+08
0.059516,0.943274,1960.6984,4.8053e+08
0.059516,0.945623,1963.2071,4.1819e+08
0.059516,0.947977,1965.8014,3.6173e+08
0.059516,0.950234,1968.3890,3.1360e+08
0.059516,0.951473,1969.8628,2.8967e+08
0.059516,0.953033,1971.7849,2.6207e+08
0.059516,0.955406,1974.8778,2.2526e+08
0.059516,0.957784,1978.2450,1.9422e+08
0.059516,0.960167,1981.9850,1.6825e+08
0.059516,0.962471,1986.0285,1.4691e+08
0.059516,0.963669,1988.3588,1.3704e+08
0.059516,0.965290,1991.8109,1.2467e+08
0.059516,0.967693,1997.7024,1.0784e+08
0.059516,0.970104,2004.8234,9.2195e+07
0.059516,0.972521,2013.4908,7.7577e+07
0.059516,0.974871,2023.5360,6.4609e+07
0.059516,0.975895,2028.3777,5.9422e+07
0.059516,0.977715,2037.4778,5.0930e+07
0.059516,0.980153,2050.2429,4.0935e+07
0.059516,0.982596,2063.1906,3.2300e+07
0.059516,0.985043,2076.0415,2.4801e+07
0.059516,0.987443,2088.4320,1.8458e+07
0.059516,0.988135,2091.9697,1.6797e+07
0.059516,0.990285,2102.8613,1.2126e+07
0.059516,0.992732,2115.0690,7.6698e+06
0.059516,0.995169,2127.1571,4.1441e+06
0.059516,0.997594,2139.1252,1.5768e+06
0.059516,1.000000,2151.0878,1.4475e+04
0.060755,0.000000,300.0000,1.5778e+02
0.060755,0.002877,306.3517,1.4242e+03
0.060755,0.005624,313.7240,6.7648e+03
0.060755,0.008325,320.9905,1.6218e+04
0.060755,0.010993,328.1342,2.9664e+04
0.060755,0.012120,331.1364,3.6681e+04
0.060755,0.014014,336.1704,5.0082e+04
0.060755,0.016618,343.0601,7.1934e+04
0.060755,0.019213,349.8893,9.8340e+04
0.060755,0.021792,356.6389,1.2935e+05
0.060755,0.023858,362.0254,1.5773e+05
0.060755,0.025017,365.0362,1.7505e+05
0.060755,0.027259,370.8473,2.1187e+05
0.060755,0.029793,377.3874,2.5886e+05
0.060755,0.032315,383.8715,3.1131e+05
0.060755,0.034826,390.3035,3.6984e+05
0.060755,0.036369,394.2423,4.1002e+05
0.060755,0.037805,397.9022,4.4932e+05
0.060755,0.040164,403.8981,5.1964e+05
0.060755,0.042644,410.1807,6.0169e+05
0.060755,0.045115,416.4202,6.9225e+05
0.060755,0.047553,422.5545,7.9160e+05
0.060755,0.048816,425.7231,8.4874e+05
0.060755,0.050376,429.6335,9.2053e+05
0.060755,0.052824,435.7517,1.0450e+06
0.060755,0.055264,441.8328,1.1822e+06
0.060755,0.057697,447.8769,1.3339e+06
0.060755,0.059955,453.4672,1.4881e+06
0.060755,0.061219,456.5929,1.5806e+06
0.060755,0.062883,460.6975,1.7093e+06
0.060755,0.065298,466.6402,1.9117e+06
0.060755,0.067708,472.5531,2.1317e+06
0.060755,0.070112,478.4350,2.3715e+06
0.060755,0.072273,483.7069,2.6061e+06
0.060755,0.073521,486.7458,2.7499e+06
0.060755,0.075239,490.9225,2.9582e+06
0.060755,0.077629,496.7176,3.2672e+06
0.060755,0.080014,502.4866,3.6000e+06
0.060755,0.082395,508.2291,3.9580e+06
0.060755,0.084517,513.3355,4.3008e+06
0.060755,0.085749,516.2935,4.5109e+06
0.060755,0.087475,520.4313,4.8142e+06
0.060755,0.089844,526.0978,5.2579e+06
0.060755,0.092210,531.7415,5.7303e+06
0.060755,0.094572,537.3622,6.2319e+06
0.060755,0.096696,542.4034,6.7101e+06
0.060755,0.097927,545.3188,7.0021e+06
0.060755,0.099615,549.3139,7.4085e+06
0.060755,0.101968,554.8677,8.0087e+06
0.060755,0.104318,560.4005,8.6423e+06
0.060755,0.106666,565.9130,9.3085e+06
0.060755,0.108816,570.9510,9.9473e+06
0.060755,0.110071,573.8859,1.0334e+07
0.060755,0.111679,577.6413,1.0845e+07
0.060755,0.114019,583.0936,1.1617e+07
0.060755,0.116357,588.5274,1.2425e+07
0.060755,0.118692,593.9435,1.3265e+07
0.060755,0.120883,599.0088,1.4091e+07
0.060755,0.122194,602.0360,1.4597e+07
0.060755,0.123682,605.4689,1.5187e+07
0.060755,0.126012,610.8300,1.6141e+07
0.060755,0.128340,616.1758,1.7126e+07
0.060755,0.130667,621.5068,1.8144e+07
0.060755,0.132902,626.6141,1.9168e+07
0.060755,0.134306,629.8165,1.9822e+07
0.060755,0.135638,632.8519,2.0461e+07
0.060755,0.137960,638.1324,2.1595e+07
0.060755,0.140281,643.4001,2.2760e+07
0.060755,0.142600,648.6489,2.3974e+07
0.060755,0.144880,653.7976,2.5198e+07
0.060755,0.146415,657.2602,2.6035e+07
0.060755,0.147559,659.8348,2.6676e+07
0.060755,0.149875,665.0426,2.7992e+07
0.060755,0.152191,670.2339,2.9353e+07
0.060755,0.154505,675.4148,3.0741e+07
0.060755,0.156819,680.5832,3.2162e+07
0.060755,0.158519,684.3705,3.3239e+07
0.060755,0.159468,686.4830,3.3844e+07
0.060755,0.161767,691.5937,3.5337e+07
0.060755,0.164079,696.7240,3.6866e+07
0.060755,0.166391,701.8376,3.8447e+07
0.060755,0.168703,706.9431,4.0050e+07
0.060755,0.170529,710.9689,4.1347e+07
0.060755,0.171493,713.0921,4.2031e+07
0.060755,0.173647,717.8246,4.3611e+07
0.060755,0.175958,722.8957,4.5323e+07
0.060755,0.178268,727.9537,4.7079e+07
0.060755,0.180579,733.0012,4.8871e+07
0.060755,0.182521,737.2362,5.0397e+07
0.060755,0.183530,739.4340,5.1203e+07
0.060755,0.185524,743.7674,5.2822e+07
0.060755,0.187835,748.7851,5.4723e+07
0.060755,0.190147,753.7927,5.6662e+07
0.060755,0.192459,758.7895,5.8646e+07
0.060755,0.194501,763.1975,6.0417e+07
0.060755,0.195585,765.5310,6.1375e+07
0.060755,0.197408,769.4521,6.3009e+07
0.060755,0.199722,774.4237,6.5104e+07
0.060755,0.202037,779.3847,6.7248e+07
0.060755,0.204352,784.3379,6.9432e+07
0.060755,0.206479,788.8803,7.1470e+07
0.060755,0.207660,791.3984,7.2612e+07
0.060755,0.209310,794.9084,7.4247e+07
0.060755,0.211628,799.8412,7.6549e+07
0.060755,0.213948,804.7592,7.8929e+07
0.060755,0.216269,809.6761,8.1327e+07
0.060755,0.218465,814.3147,8.3661e+07
0.060755,0.219757,817.0454,8.5035e+07
0.060755,0.221239,820.1658,8.6652e+07
0.060755,0.223564,825.0593,8.9215e+07
0.060755,0.225890,829.9453,9.1836e+07
0.060755,0.228219,834.8271,9.4499e+07
0.060755,0.230468,839.5323,9.7138e+07
0.060755,0.231878,842.4783,9.8814e+07
0.060755,0.233205,845.2505,1.0039e+08
0.060755,0.235539,850.1094,1.0326e+08
0.060755,0.237874,854.9699,1.0615e+08
0.060755,0.240211,859.8173,1.0915e+08
0.060755,0.242501,864.5647,1.1209e+08
0.060755,0.244022,867.7076,1.1412e+08
0.060755,0.245218,870.1797,1.1573e+08
0.060755,0.247562,875.0189,1.1888e+08
0.060755,0.249908,879.8463,1.2216e+08
0.060755,0.252256,884.6762,1.2546e+08
0.060755,0.254575,889.4305,1.2884e+08
0.060755,0.256186,892.7338,1.3120e+08
0.060755,0.257287,894.9867,1.3284e+08
0.060755,0.259643,899.7970,1.3643e+08
0.060755,0.262001,904.6090,1.4005e+08
0.060755,0.264361,909.4107,1.4382e+08
0.060755,0.266703,914.1738,1.4757e+08
0.060755,0.268369,917.5498,1.5035e+08
0.060755,0.269420,919.6786,1.5211e+08
0.060755,0.271788,924.4755,1.5609e+08
0.060755,0.274160,929.2622,1.6024e+08
0.060755,0.276534,934.0531,1.6440e+08
0.060755,0.278898,938.8060,1.6873e+08
0.060755,0.280566,942.1608,1.7179e+08
0.060755,0.281623,944.2834,1.7375e+08
0.060755,0.284006,949.0560,1.7832e+08
0.060755,0.286392,953.8345,1.8291e+08
0.060755,0.288781,958.6007,1.8771e+08
0.060755,0.291171,963.3676,1.9253e+08
0.060755,0.292773,966.5537,1.9587e+08
0.060755,0.293903,968.7986,1.9826e+08
0.060755,0.296302,973.5641,2.0333e+08
0.060755,0.298704,978.3209,2.0860e+08
0.060755,0.301109,983.0794,2.1394e+08
0.060755,0.303517,987.8328,2.1944e+08
0.060755,0.304983,990.7222,2.2285e+08
0.060755,0.306265,993.2482,2.2584e+08
0.060755,0.308681,997.9973,2.3161e+08
0.060755,0.311099,1002.7435,2.3753e+08
0.060755,0.313521,1007.4900,2.4354e+08
0.060755,0.315946,1012.2292,2.4976e+08
0.060755,0.317191,1014.6618,2.5296e+08
0.060755,0.318714,1017.6336,2.5693e+08
0.060755,0.321146,1022.3675,2.6348e+08
0.060755,0.323582,1027.1079,2.7005e+08
0.060755,0.326022,1031.8354,2.7693e+08
0.060755,0.328464,1036.5688,2.8383e+08
0.060755,0.329389,1038.3585,2.8648e+08
0.060755,0.331252,1041.9538,2.9200e+08
0.060755,0.333703,1046.6819,2.9927e+08
0.060755,0.336156,1051.4049,3.0674e+08
0.060755,0.338614,1056.1258,3.1438e+08
0.060755,0.341074,1060.8490,3.2211e+08
0.060755,0.341569,1061.7968,3.2371e+08
0.060755,0.343883,1066.2241,3.3122e+08
0.060755,0.346351,1070.9396,3.3939e+08
0.060755,0.348823,1075.6526,3.4774e+08
0.060755,0.351299,1080.3623,3.5629e+08
0.060755,0.353424,1084.3975,3.6377e+08
0.060755,0.354124,1085.7261,3.6625e+08
0.060755,0.356608,1090.4316,3.7519e+08
0.060755,0.359095,1095.1349,3.8433e+08
0.060755,0.361585,1099.8361,3.9365e+08
0.060755,0.364080,1104.5351,4.0316e+08
0.060755,0.365678,1107.5402,4.0935e+08
0.060755,0.366928,1109.8897,4.1425e+08
0.060755,0.369428,1114.5805,4.2417e+08
0.060755,0.371934,1119.2718,4.3432e+08
0.060755,0.374444,1123.9603,4.4469e+08
0.060755,0.376957,1128.6465,4.5526e+08
0.060755,0.377986,1130.5646,4.5962e+08
0.060755,0.379834,1134.0012,4.6759e+08
0.060755,0.382346,1138.6648,4.7856e+08
0.060755,0.384871,1143.3444,4.8978e+08
0.060755,0.387399,1148.0217,5.0121e+08
0.060755,0.389610,1152.1020,5.1140e+08
0.060755,0.390650,1154.0196,5.1623e+08
0.060755,0.392820,1158.0168,5.2644e+08
0.060755,0.395360,1162.6846,5.3860e+08
0.060755,0.397904,1167.3503,5.5097e+08
0.060755,0.400452,1172.0135,5.6355e+08
0.060755,0.402139,1175.0973,5.7199e+08
0.060755,0.403540,1177.6545,5.7910e+08
0.060755,0.405914,1181.9808,5.9124e+08
0.060755,0.408473,1186.6350,6.0455e+08
0.060755,0.411035,1191.2859,6.1812e+08
0.060755,0.413484,1195.7215,6.3128e+08
0.060755,0.414799,1198.1014,6.3839e+08
0.060755,0.416530,1201.2270,6.4791e+08
0.060755,0.419104,1205.8692,6.6219e+08
0.060755,0.421682,1210.5089,6.7670e+08
0.060755,0.424263,1215.1456,6.9146e+08
0.060755,0.426321,1218.8329,7.0342e+08
0.060755,0.427586,1221.0992,7.1079e+08
0.060755,0.429799,1225.0525,7.2389e+08
0.060755,0.432391,1229.6781,7.3943e+08
0.060755,0.434988,1234.3010,7.5519e+08
0.060755,0.437516,1238.7938,7.7074e+08
0.060755,0.439161,1241.7094,7.8100e+08
0.060755,0.440556,1244.1819,7.8972e+08
0.060755,0.443164,1248.7934,8.0628e+08
0.060755,0.445775,1253.4013,8.2308e+08
0.060755,0.448390,1258.0061,8.4011e+08
0.060755,0.450747,1262.1499,8.5564e+08
0.060755,0.451756,1263.9193,8.6236e+08
0.060755,0.453997,1267.8481,8.7736e+08
0.060755,0.456623,1272.4425,8.9514e+08
0.060755,0.459252,1277.0288,9.1320e+08
0.060755,0.461880,1281.6061,9.3147e+08
0.060755,0.463516,1284.4516,9.4292e+08
0.060755,0.464873,1286.8050,9.5253e+08
0.060755,0.467495,1291.3511,9.7120e+08
0.060755,0.470113,1295.8807,9.9004e+08
0.060755,0.472726,1300.3907,1.0091e+09
0.060755,0.475334,1304.8812,1.0283e+09
0.060755,0.475816,1305.7110,1.0319e+09
0.060755,0.478297,1309.9725,1.0504e+09
0.060755,0.480891,1314.4184,1.0700e+09
0.060755,0.483477,1318.8432,1.0896e+09
0.060755,0.486056,1323.2449,1.1095e+09
0.060755,0.487696,1326.0385,1.1222e+09
0.060755,0.488986,1328.2339,1.1323e+09
0.060755,0.491549,1332.5886,1.1524e+09
0.060755,0.494105,1336.9231,1.1727e+09
0.060755,0.496655,1341.2378,1.1931e+09
0.060755,0.499198,1345.5288,1.2136e+09
0.060755,0.499978,1346.8452,1.2199e+09
0.060755,0.502087,1350.3946,1.2372e+09
0.060755,0.504615,1354.6425,1.2580e+09
0.060755,0.507136,1358.8714,1.2789e+09
0.060755,0.509651,1363.0789,1.2999e+09
0.060755,0.511723,1366.5384,1.3174e+09
0.060755,0.512734,1368.2255,1.3259e+09
0.060755,0.515009,1372.0150,1.3453e+09
0.060755,0.517503,1376.1616,1.3666e+09
0.060755,0.519991,1380.2880,1.3881e+09
0.060755,0.522473,1384.3946,1.4097e+09
0.060755,0.524103,1387.0892,1.4239e+09
0.060755,0.525443,1389.2992,1.4357e+09
0.060755,0.527761,1393.1210,1.4562e+09
0.060755,0.530223,1397.1691,1.4780e+09
0.060755,0.532679,1401.1981,1.5000e+09
0.060755,0.535129,1405.2104,1.5220e+09
0.060755,0.536459,1407.3846,1.5341e+09
0.060755,0.537984,1409.8754,1.5479e+09
0.060755,0.540352,1413.7342,1.5695e+09
0.060755,0.542783,1417.6891,1.5917e+09
0.060755,0.545209,1421.6278,1.6141e+09
0.060755,0.547627,1425.5455,1.6365e+09
0.060755,0.548783,1427.4160,1.6472e+09
0.060755,0.550379,1429.9946,1.6621e+09
0.060755,0.552788,1433.8789,1.6846e+09
0.060755,0.555190,1437.7474,1.7072e+09
0.060755,0.557587,1441.5966,1.7299e+09
0.060755,0.559894,1445.2944,1.7518e+09
0.060755,0.561093,1447.2145,1.7632e+09
0.060755,0.562697,1449.7786,1.7785e+09
0.060755,0.565077,1453.5787,1.8013e+09
0.060755,0.567452,1457.3601,1.8241e+09
0.060755,0.569821,1461.1266,1.8470e+09
0.060755,0.572085,1464.7197,1.8689e+09
0.060755,0.573313,1466.6631,1.8808e+09
0.060755,0.574873,1469.1321,1.8960e+09
0.060755,0.577227,1472.8493,1.9190e+09
0.060755,0.579575,1476.5527,1.9419e+09
0.060755,0.581918,1480.2385,1.9649e+09
0.060755,0.584193,1483.8092,1.9873e+09
0.060755,0.585458,1485.7937,1.9998e+09
0.060755,0.586915,1488.0751,2.0142e+09
0.060755,0.589243,1491.7156,2.0372e+09
0.060755,0.591567,1495.3397,2.0602e+09
0.060755,0.593885,1498.9503,2.0832e+09
0.060755,0.596199,1502.5467,2.1063e+09
0.060755,0.597544,1504.6328,2.1197e+09
0.060755,0.598841,1506.6433,2.1326e+09
0.060755,0.601134,1510.1912,2.1555e+09
0.060755,0.603434,1513.7445,2.1785e+09
0.060755,0.605728,1517.2801,2.2014e+09
0.060755,0.608019,1520.8037,2.2244e+09
0.060755,0.609560,1523.1712,2.2398e+09
0.060755,0.610760,1525.0124,2.2519e+09
0.060755,0.612904,1528.2968,2.2734e+09
0.060755,0.615181,1531.7780,2.2962e+09
0.060755,0.617454,1535.2473,2.3190e+09
0.060755,0.619722,1538.7003,2.3418e+09
0.060755,0.621491,1541.3916,2.3596e+09
0.060755,0.622628,1543.1172,2.3710e+09
0.060755,0.624560,1546.0486,2.3904e+09
0.060755,0.626816,1549.4622,2.4130e+09
0.060755,0.629067,1552.8631,2.4355e+09
0.060755,0.631314,1556.2530,2.4580e+09
0.060755,0.633332,1559.2897,2.4782e+09
0.060755,0.634460,1560.9868,2.4895e+09
0.060755,0.636108,1563.4596,2.5059e+09
0.060755,0.638343,1566.8108,2.5282e+09
0.060755,0.640574,1570.1480,2.5504e+09
0.060755,0.642801,1573.4729,2.5725e+09
0.060755,0.645024,1576.7878,2.5945e+09
0.060755,0.646280,1578.6544,2.6069e+09
0.060755,0.647593,1580.6078,2.6198e+09
0.060755,0.649769,1583.8364,2.6413e+09
0.060755,0.651981,1587.1144,2.6630e+09
0.060755,0.654189,1590.3789,2.6846e+09
0.060755,0.656393,1593.6321,2.7061e+09
0.060755,0.658092,1596.1364,2.7226e+09
0.060755,0.659197,1597.7616,2.7333e+09
0.060755,0.661098,1600.5564,2.7517e+09
0.060755,0.663292,1603.7744,2.7728e+09
0.060755,0.665482,1606.9826,2.7938e+09
0.060755,0.667668,1610.1787,2.8146e+09
0.060755,0.669812,1613.3059,2.8349e+09
0.060755,0.670785,1614.7233,2.8441e+09
0.060755,0.672336,1616.9814,2.8587e+09
0.060755,0.674512,1620.1445,2.8791e+09
0.060755,0.676686,1623.2958,2.8993e+09
0.060755,0.678856,1626.4382,2.9194e+09
0.060755,0.681023,1629.5693,2.9393e+09
0.060755,0.682587,1631.8267,2.9536e+09
0.060755,0.683682,1633.4037,2.9635e+09
0.060755,0.685648,1636.2344,2.9813e+09
0.060755,0.687806,1639.3340,3.0006e+09
0.060755,0.689960,1642.4222,3.0198e+09
0.060755,0.692111,1645.5021,3.0387e+09
0.060755,0.694260,1648.5718,3.0575e+09
0.060755,0.695095,1649.7630,3.0647e+09
0.060755,0.696714,1652.0698,3.0787e+09
0.060755,0.698847,1655.1057,3.0969e+09
0.060755,0.700987,1658.1455,3.1150e+09
0.060755,0.703124,1661.1738,3.1328e+09
0.060755,0.705258,1664.1941,3.1504e+09
0.060755,0.706974,1666.6183,3.1644e+09
0.060755,0.707825,1667.8207,3.1713e+09
0.060755,0.709815,1670.6242,3.1873e+09
0.060755,0.711941,1673.6149,3.2041e+09
0.060755,0.714065,1676.5978,3.2207e+09
0.060755,0.716186,1679.5698,3.2370e+09
0.060755,0.718304,1682.5335,3.2530e+09
0.060755,0.719421,1684.0939,3.2614e+09
0.060755,0.720715,1685.9006,3.2710e+09
0.060755,0.722829,1688.8457,3.2864e+09
0.060755,0.724940,1691.7812,3.3015e+09
0.060755,0.727049,1694.7093,3.3163e+09
0.060755,0.729156,1697.6291,3.3308e+09
0.060755,0.731261,1700.5390,3.3449e+09
0.060755,0.731707,1701.1557,3.3479e+09
0.060755,0.733656,1703.8454,3.3607e+09
0.060755,0.735756,1706.7391,3.3742e+09
0.060755,0.737854,1709.6232,3.3872e+09
0.060755,0.739950,1712.4994,3.3999e+09
0.060755,0.742045,1715.3685,3.4124e+09
0.060755,0.743854,1717.8423,3.4227e+09
0.060755,0.744429,1718.6280,3.4260e+09
0.060755,0.746519,1721.4784,3.4375e+09
0.060755,0.748608,1724.3220,3.4487e+09
0.060755,0.750695,1727.1589,3.4595e+09
0.060755,0.752780,1729.9872,3.4698e+09
0.060755,0.754864,1732.8076,3.4797e+09
0.060755,0.756166,1734.5674,3.4858e+09
0.060755,0.757237,1736.0127,3.4905e+09
0.060755,0.759318,1738.8186,3.4995e+09
0.060755,0.761397,1741.6161,3.5080e+09
0.060755,0.763476,1744.4063,3.5160e+09
0.060755,0.765553,1747.1901,3.5235e+09
0.060755,0.767556,1749.8699,3.5304e+09
0.060755,0.768526,1751.1652,3.5335e+09
0.060755,0.769993,1753.1226,3.5381e+09
0.060755,0.772067,1755.8840,3.5440e+09
0.060755,0.774140,1758.6393,3.5494e+09
0.060755,0.776213,1761.3887,3.5544e+09
0.060755,0.778284,1764.1313,3.5587e+09
0.060755,0.780089,1766.5150,3.5620e+09
0.060755,0.780961,1767.6655,3.5635e+09
0.060755,0.782713,1769.9734,3.5660e+09
0.060755,0.784780,1772.6928,3.5685e+09
0.060755,0.786846,1775.4046,3.5704e+09
0.060755,0.788910,1778.1080,3.5717e+09
0.060755,0.790973,1780.8023,3.5722e+09
0.060755,0.792514,1782.8134,3.5723e+09
0.060755,0.793447,1784.0282,3.5721e+09
0.060755,0.795378,1786.5401,3.5713e+09
0.060755,0.797435,1789.2096,3.5699e+09
0.060755,0.799489,1791.8713,3.5677e+09
0.060755,0.801542,1794.5236,3.5648e+09
0.060755,0.803593,1797.1677,3.5611e+09
0.060755,0.804839,1798.7715,3.5585e+09
0.060755,0.805955,1800.2060,3.5559e+09
0.060755,0.807975,1802.7984,3.5507e+09
0.060755,0.810021,1805.4179,3.5447e+09
0.060755,0.812066,1808.0295,3.5379e+09
0.060755,0.814109,1810.6333,3.5303e+09
0.060755,0.816130,1813.2021,3.5219e+09
0.060755,0.817102,1814.4355,3.5174e+09
0.060755,0.818476,1816.1770,3.5111e+09
0.060755,0.820515,1818.7558,3.5007e+09
0.060755,0.822553,1821.3269,3.4894e+09
0.060755,0.824590,1823.8906,3.4773e+09
0.060755,0.826627,1826.4470,3.4642e+09
0.060755,0.828589,1828.9037,3.4508e+09
0.060755,0.829363,1829.8710,3.4452e+09
0.060755,0.830982,1831.8917,3.4331e+09
0.060755,0.833017,1834.4253,3.4170e+09
0.060755,0.835052,1836.9518,3.3999e+09
0.060755,0.837086,1839.4715,3.3817e+09
0.060755,0.839121,1841.9844,3.3625e+09
0.060755,0.841020,1844.3233,3.3436e+09
0.060755,0.841630,1845.0737,3.3373e+09
0.060755,0.843476,1847.3383,3.3177e+09
0.060755,0.845512,1849.8309,3.2950e+09
0.060755,0.847550,1852.3173,3.2712e+09
0.060755,0.849588,1854.7977,3.2461e+09
0.060755,0.851629,1857.2724,3.2199e+09
0.060755,0.853436,1859.4585,3.1956e+09
0.060755,0.853955,1860.0857,3.1885e+09
0.060755,0.856000,1862.5492,3.1596e+09
0.060755,0.858047,1865.0069,3.1292e+09
0.060755,0.860097,1867.4598,3.0975e+09
0.060755,0.862150,1869.9081,3.0645e+09
0.060755,0.864206,1872.3523,3.0301e+09
0.060755,0.865832,1874.2789,3.0019e+09
0.060755,0.866554,1875.1331,2.9891e+09
0.060755,0.868620,1877.5690,2.9515e+09
0.060755,0.870690,1880.0013,2.9123e+09
0.060755,0.872766,1882.4307,2.8717e+09
0.060755,0.874847,1884.8576,2.8295e+09
0.060755,0.876934,1887.2804,2.7854e+09
0.060755,0.878139,1888.6754,2.7594e+09
0.060755,0.879321,1890.0401,2.7333e+09
0.060755,0.881424,1892.4588,2.6856e+09
0.060755,0.883533,1894.8756,2.6362e+09
0.060755,0.885651,1897.2904,2.5850e+09
0.060755,0.887776,1899.7029,2.5320e+09
0.060755,0.889790,1901.9780,2.4802e+09
0.060755,0.890583,1902.8707,2.4593e+09
0.060755,0.892355,1904.8604,2.4120e+09
0.060755,0.894509,1907.2657,2.3526e+09
0.060755,0.896673,1909.6709,2.2916e+09
0.060755,0.898846,1912.0737,2.2286e+09
0.060755,0.901006,1914.4497,2.1643e+09
0.060755,0.902519,1916.1036,2.1180e+09
0.060755,0.903529,1917.2052,2.0870e+09
0.060755,0.905734,1919.5987,2.0176e+09
0.060755,0.907948,1921.9880,1.9463e+09
0.060755,0.910172,1924.3731,1.8731e+09
0.060755,0.912407,1926.7540,1.7980e+09
0.060755,0.914344,1928.8052,1.7318e+09
0.060755,0.915199,1929.7074,1.7022e+09
0.060755,0.917226,1931.8362,1.6315e+09
0.060755,0.919495,1934.2047,1.5511e+09
0.060755,0.921775,1936.5674,1.4692e+09
0.060755,0.924064,1938.9246,1.3863e+09
0.060755,0.926162,1941.0721,1.3096e+09
0.060755,0.927219,1942.1485,1.2709e+09
0.060755,0.928986,1943.9428,1.2060e+09
0.060755,0.931297,1946.2767,1.1212e+09
0.060755,0.933615,1948.6050,1.0365e+09
0.060755,0.935939,1950.9298,9.5234e+08
0.060755,0.938133,1953.1176,8.7396e+08
0.060755,0.939318,1954.2976,8.3221e+08
0.060755,0.940932,1955.9034,7.7616e+08
0.060755,0.943274,1958.2371,6.9690e+08
0.060755,0.945623,1960.5848,6.2032e+08
0.060755,0.947977,1962.9557,5.4720e+08
0.060755,0.950234,1965.2546,4.8103e+08
0.060755,0.951473,1966.5327,4.4653e+08
0.060755,0.953033,1968.1633,4.0509e+08
0.060755,0.955406,1970.7011,3.4673e+08
0.060755,0.957784,1973.3401,2.9420e+08
0.060755,0.960167,1976.1213,2.4797e+08
0.060755,0.962471,1978.9863,2.0936e+08
0.060755,0.963669,1980.5661,1.9163e+08
0.060755,0.965290,1982.8235,1.6993e+08
0.060755,0.967693,1986.5170,1.4253e+08
0.060755,0.970104,1990.7633,1.1972e+08
0.060755,0.972521,1995.8280,1.0050e+08
0.060755,0.974871,2001.8603,8.4128e+07
0.060755,0.975895,2004.9485,7.7494e+07
0.060755,0.977715,2011.3082,6.6326e+07
0.060755,0.980153,2021.8447,5.2708e+07
0.060755,0.982596,2034.5068,4.0942e+07
0.060755,0.985043,2048.3174,3.1053e+07
0.060755,0.987443,2062.1019,2.2882e+07
0.060755,0.988135,2066.0582,2.0769e+07
0.060755,0.990285,2078.2283,1.4865e+07
0.060755,0.992732,2091.8870,9.2854e+06
0.060755,0.995169,2105.3131,4.9150e+06
0.060755,0.997594,2118.6388,1.7926e+06
0.060755,1.000000,2131.8434,1.2642e+04
0.061990,0.000000,300.0000,-9.3714e+01
0.061990,0.002877,306.2607,1.0307e+03
0.061990,0.005624,313.6229,5.0093e+03
0.061990,0.008325,320.8866,1.2118e+04
0.061990,0.010993,328.0275,2.2272e+04
0.061990,0.012120,331.0276,2.7622e+04
0.061990,0.014014,336.0585,3.7762e+04
0.061990,0.016618,342.9373,5.4771e+04
0.061990,0.019213,349.7621,7.4711e+04
0.061990,0.021792,356.5044,9.8357e+04
0.061990,0.023858,361.8821,1.2020e+05
0.061990,0.025017,364.8884,1.3344e+05
0.061990,0.027259,370.6890,1.6167e+05
0.061990,0.029793,377.2180,1.9733e+05
0.061990,0.032315,383.6855,2.3786e+05
0.061990,0.034826,390.1005,2.8289e+05
0.061990,0.036369,394.0305,3.1322e+05
0.061990,0.037805,397.6818,3.4283e+05
0.061990,0.040164,403.6597,3.9652e+05
0.061990,0.042644,409.9223,4.5909e+05
0.061990,0.045115,416.1406,5.2805e+05
0.061990,0.047553,422.2536,6.0331e+05
0.061990,0.048816,425.4104,6.4657e+05
0.061990,0.050376,429.3075,7.0037e+05
0.061990,0.052824,435.3997,7.9485e+05
0.061990,0.055264,441.4551,8.9859e+05
0.061990,0.057697,447.4785,1.0102e+06
0.061990,0.059955,453.0458,1.1256e+06
0.061990,0.061219,456.1592,1.1941e+06
0.061990,0.062883,460.2462,1.2902e+06
0.061990,0.065298,466.1621,1.4416e+06
0.061990,0.067708,472.0480,1.6057e+06
0.061990,0.070112,477.9032,1.7838e+06
0.061990,0.072273,483.1500,1.9586e+06
0.061990,0.073521,486.1749,2.0650e+06
0.061990,0.075239,490.3312,2.2200e+06
0.061990,0.077629,496.0982,2.4493e+06
0.061990,0.080014,501.8374,2.6981e+06
0.061990,0.082395,507.5494,2.9661e+06
0.061990,0.084517,512.6294,3.2216e+06
0.061990,0.085749,515.5730,3.3768e+06
0.061990,0.087475,519.6870,3.6058e+06
0.061990,0.089844,525.3229,3.9377e+06
0.061990,0.092210,530.9355,4.2917e+06
0.061990,0.094572,536.5247,4.6685e+06
0.061990,0.096696,541.5371,5.0285e+06
0.061990,0.097927,544.4374,5.2456e+06
0.061990,0.099615,548.4086,5.5532e+06
0.061990,0.101968,553.9296,6.0061e+06
0.061990,0.104318,559.4299,6.4843e+06
0.061990,0.106666,564.9105,6.9873e+06
0.061990,0.108816,569.9181,7.4722e+06
0.061990,0.110071,572.8354,7.7658e+06
0.061990,0.111679,576.5682,8.1538e+06
0.061990,0.114019,581.9875,8.7410e+06
0.061990,0.116357,587.3886,9.3549e+06
0.061990,0.118692,592.7705,9.9982e+06
0.061990,0.120883,597.8058,1.0627e+07
0.061990,0.122194,600.8140,1.1015e+07
0.061990,0.123682,604.2247,1.1468e+07
0.061990,0.126012,609.5535,1.2195e+07
0.061990,0.128340,614.8629,1.2957e+07
0.061990,0.130667,620.1566,1.3746e+07
0.061990,0.132902,625.2327,1.4530e+07
0.061990,0.134306,628.4146,1.5034e+07
0.061990,0.135638,631.4304,1.5526e+07
0.061990,0.137960,636.6773,1.6400e+07
0.061990,0.140281,641.9070,1.7308e+07
0.061990,0.142600,647.1218,1.8246e+07
0.061990,0.144880,652.2369,1.9193e+07
0.061990,0.146415,655.6751,1.9845e+07
0.061990,0.147559,658.2333,2.0340e+07
0.061990,0.149875,663.4053,2.1364e+07
0.061990,0.152191,668.5617,2.2422e+07
0.061990,0.154505,673.7066,2.3505e+07
0.061990,0.156819,678.8404,2.4611e+07
0.061990,0.158519,682.6012,2.5453e+07
0.061990,0.159468,684.7003,2.5922e+07
0.061990,0.161767,689.7742,2.7092e+07
0.061990,0.164079,694.8678,2.8291e+07
0.061990,0.166391,699.9491,2.9519e+07
0.061990,0.168703,705.0163,3.0782e+07
0.061990,0.170529,709.0166,3.1791e+07
0.061990,0.171493,711.1206,3.2339e+07
0.061990,0.173647,715.8253,3.3563e+07
0.061990,0.175958,720.8565,3.4919e+07
0.061990,0.178268,725.8800,3.6295e+07
0.061990,0.180579,730.8941,3.7698e+07
0.061990,0.182521,735.0953,3.8908e+07
0.061990,0.183530,737.2780,3.9540e+07
0.061990,0.185524,741.5825,4.0810e+07
0.061990,0.187835,746.5650,4.2305e+07
0.061990,0.190147,751.5346,4.3840e+07
0.061990,0.192459,756.4987,4.5395e+07
0.061990,0.194501,760.8716,4.6802e+07
0.061990,0.195585,763.1915,4.7549e+07
0.061990,0.197408,767.0833,4.8842e+07
0.061990,0.199722,772.0208,5.0491e+07
0.061990,0.202037,776.9441,5.2191e+07
0.061990,0.204352,781.8628,5.3913e+07
0.061990,0.206479,786.3718,5.5527e+07
0.061990,0.207660,788.8721,5.6429e+07
0.061990,0.209310,792.3570,5.7722e+07
0.061990,0.211628,797.2532,5.9546e+07
0.061990,0.213948,802.1370,6.1425e+07
0.061990,0.216269,807.0169,6.3330e+07
0.061990,0.218465,811.6243,6.5170e+07
0.061990,0.219757,814.3343,6.6263e+07
0.061990,0.221239,817.4314,6.7548e+07
0.061990,0.223564,822.2930,6.9565e+07
0.061990,0.225890,827.1409,7.1656e+07
0.061990,0.228219,831.9883,7.3765e+07
0.061990,0.230468,836.6592,7.5861e+07
0.061990,0.231878,839.5874,7.7175e+07
0.061990,0.233205,842.3336,7.8456e+07
0.061990,0.235539,847.1621,8.0713e+07
0.061990,0.237874,851.9821,8.3035e+07
0.061990,0.240211,856.8013,8.5383e+07
0.061990,0.242501,861.5076,8.7763e+07
0.061990,0.244022,864.6328,8.9352e+07
0.061990,0.245218,867.0890,9.0617e+07
0.061990,0.247562,871.8875,9.3165e+07
0.061990,0.249908,876.6856,9.5745e+07
0.061990,0.252256,881.4757,9.8404e+07
0.061990,0.254575,886.2008,1.0107e+08
0.061990,0.256186,889.4764,1.0297e+08
0.061990,0.257287,891.7144,1.0427e+08
0.061990,0.259643,896.4922,1.0713e+08
0.061990,0.262001,901.2682,1.1003e+08
0.061990,0.264361,906.0375,1.1303e+08
0.061990,0.266703,910.7648,1.1604e+08
0.061990,0.268369,914.1198,1.1825e+08
0.061990,0.269420,916.2323,1.1966e+08
0.061990,0.271788,920.9955,1.2284e+08
0.061990,0.274160,925.7483,1.2617e+08
0.061990,0.276534,930.5050,1.2950e+08
0.061990,0.278898,935.2252,1.3297e+08
0.061990,0.280566,938.5561,1.3543e+08
0.061990,0.281623,940.6637,1.3699e+08
0.061990,0.284006,945.4036,1.4067e+08
0.061990,0.286392,950.1480,1.4435e+08
0.061990,0.288781,954.8818,1.4821e+08
0.061990,0.291171,959.6164,1.5207e+08
0.061990,0.292773,962.7786,1.5478e+08
0.061990,0.293903,965.0093,1.5669e+08
0.061990,0.296302,969.7421,1.6077e+08
0.061990,0.298704,974.4658,1.6503e+08
0.061990,0.301109,979.1939,1.6931e+08
0.061990,0.303517,983.9120,1.7378e+08
0.061990,0.304983,986.7849,1.7650e+08
0.061990,0.306265,989.2933,1.7892e+08
0.061990,0.308681,994.0074,1.8362e+08
0.061990,0.311099,998.7262,1.8835e+08
0.061990,0.313521,1003.4348,1.9329e+08
0.061990,0.315946,1008.1498,1.9824e+08
0.061990,0.317191,1010.5607,2.0091e+08
0.061990,0.318714,1013.5100,2.0416e+08
0.061990,0.321146,1018.2207,2.0938e+08
0.061990,0.323582,1022.9199,2.1484e+08
0.061990,0.326022,1027.6257,2.2031e+08
0.061990,0.328464,1032.3212,2.2603e+08
0.061990,0.329389,1034.0975,2.2820e+08
0.061990,0.331252,1037.6780,2.3258e+08
0.061990,0.333703,1042.3738,2.3853e+08
0.061990,0.336156,1047.0671,2.4463e+08
0.061990,0.338614,1051.7582,2.5087e+08
0.061990,0.341074,1056.4471,2.5725e+08
0.061990,0.341569,1057.3897,2.5854e+08
0.061990,0.343883,1061.7880,2.6470e+08
0.061990,0.346351,1066.4730,2.7140e+08
0.061990,0.348823,1071.1559,2.7826e+08
0.061990,0.351299,1075.8367,2.8527e+08
0.061990,0.353424,1079.8479,2.9140e+08
0.061990,0.354124,1081.1672,2.9345e+08
0.061990,0.356608,1085.8441,3.0080e+08
0.061990,0.359095,1090.5188,3.0831e+08
0.061990,0.361585,1095.1914,3.1599e+08
0.061990,0.364080,1099.8619,3.2383e+08
0.061990,0.365678,1102.8483,3.2896e+08
0.061990,0.366928,1105.1840,3.3299e+08
0.061990,0.369428,1109.8464,3.4120e+08
0.061990,0.371934,1114.5100,3.4959e+08
0.061990,0.374444,1119.1710,3.5817e+08
0.061990,0.376957,1123.8298,3.6693e+08
0.061990,0.377986,1125.7362,3.7056e+08
0.061990,0.379834,1129.1534,3.7716e+08
0.061990,0.382346,1133.7896,3.8628e+08
0.061990,0.384871,1138.4419,3.9562e+08
0.061990,0.387399,1143.0918,4.0514e+08
0.061990,0.389610,1147.1504,4.1360e+08
0.061990,0.390650,1149.0562,4.1765e+08
0.061990,0.392820,1153.0314,4.2616e+08
0.061990,0.395360,1157.6742,4.3629e+08
0.061990,0.397904,1162.3149,4.4661e+08
0.061990,0.400452,1166.9524,4.5714e+08
0.061990,0.402139,1170.0176,4.6424e+08
0.061990,0.403540,1172.5631,4.7015e+08
0.061990,0.405914,1176.8644,4.8036e+08
0.061990,0.408473,1181.4934,4.9154e+08
0.061990,0.411035,1186.1203,5.0292e+08
0.061990,0.413484,1190.5331,5.1397e+08
0.061990,0.414799,1192.8999,5.1997e+08
0.061990,0.416530,1196.0099,5.2796e+08
0.061990,0.419104,1200.6282,5.4000e+08
0.061990,0.421682,1205.2441,5.5224e+08
0.061990,0.424263,1209.8577,5.6469e+08
0.061990,0.426321,1213.5267,5.7479e+08
0.061990,0.427586,1215.7807,5.8104e+08
0.061990,0.429799,1219.7157,5.9210e+08
0.061990,0.432391,1224.3185,6.0525e+08
0.061990,0.434988,1228.9183,6.1863e+08
0.061990,0.437516,1233.3886,6.3183e+08
0.061990,0.439161,1236.2927,6.4050e+08
0.061990,0.440556,1238.7507,6.4796e+08
0.061990,0.443164,1243.3415,6.6202e+08
0.061990,0.445775,1247.9293,6.7628e+08
0.061990,0.448390,1252.5136,6.9078e+08
0.061990,0.450747,1256.6365,7.0405e+08
0.061990,0.451756,1258.3996,7.0975e+08
0.061990,0.453997,1262.3092,7.2258e+08
0.061990,0.456623,1266.8817,7.3780e+08
0.061990,0.459252,1271.4488,7.5323e+08
0.061990,0.461880,1276.0069,7.6885e+08
0.061990,0.463516,1278.8394,7.7867e+08
0.061990,0.464873,1281.1835,7.8689e+08
0.061990,0.467495,1285.7104,8.0290e+08
0.061990,0.470113,1290.2205,8.1908e+08
0.061990,0.472726,1294.7112,8.3546e+08
0.061990,0.475334,1299.1835,8.5200e+08
0.061990,0.475816,1300.0099,8.5507e+08
0.061990,0.478297,1304.2541,8.7102e+08
0.061990,0.480891,1308.6819,8.8787e+08
0.061990,0.483477,1313.0885,9.0484e+08
0.061990,0.486056,1317.4742,9.2195e+08
0.061990,0.487696,1320.2563,9.3297e+08
0.061990,0.488986,1322.4444,9.4164e+08
0.061990,0.491549,1326.7818,9.5908e+08
0.061990,0.494105,1331.0989,9.7663e+08
0.061990,0.496655,1335.3960,9.9431e+08
0.061990,0.499198,1339.6733,1.0121e+09
0.061990,0.499978,1340.9828,1.0176e+09
0.061990,0.502087,1344.5223,1.0325e+09
0.061990,0.504615,1348.7543,1.0506e+09
0.061990,0.507136,1352.9662,1.0688e+09
0.061990,0.509651,1357.1592,1.0871e+09
0.061990,0.511723,1360.6088,1.1023e+09
0.061990,0.512734,1362.2884,1.1098e+09
0.061990,0.515009,1366.0664,1.1266e+09
0.061990,0.517503,1370.1975,1.1453e+09
0.061990,0.519991,1374.3094,1.1640e+09
0.061990,0.522473,1378.4033,1.1829e+09
0.061990,0.524103,1381.0886,1.1953e+09
0.061990,0.525443,1383.2922,1.2056e+09
0.061990,0.527761,1387.1020,1.2235e+09
0.061990,0.530223,1391.1362,1.2427e+09
0.061990,0.532679,1395.1529,1.2619e+09
0.061990,0.535129,1399.1527,1.2813e+09
0.061990,0.536459,1401.3203,1.2918e+09
0.061990,0.537984,1403.8032,1.3039e+09
0.061990,0.540352,1407.6510,1.3229e+09
0.061990,0.542783,1411.5938,1.3425e+09
0.061990,0.545209,1415.5202,1.3622e+09
0.061990,0.547627,1419.4271,1.3818e+09
0.061990,0.548783,1421.2917,1.3913e+09
0.061990,0.550379,1423.8645,1.4044e+09
0.061990,0.552788,1427.7369,1.4243e+09
0.061990,0.555190,1431.5931,1.4443e+09
0.061990,0.557587,1435.4336,1.4643e+09
0.061990,0.559894,1439.1215,1.4836e+09
0.061990,0.561093,1441.0359,1.4937e+09
0.061990,0.562697,1443.5928,1.5073e+09
0.061990,0.565077,1447.3817,1.5274e+09
0.061990,0.567452,1451.1556,1.5476e+09
0.061990,0.569821,1454.9120,1.5679e+09
0.061990,0.572085,1458.4939,1.5874e+09
0.061990,0.573313,1460.4348,1.5979e+09
0.061990,0.574873,1462.8965,1.6114e+09
0.061990,0.577227,1466.6061,1.6318e+09
0.061990,0.579575,1470.2987,1.6522e+09
0.061990,0.581918,1473.9756,1.6727e+09
0.061990,0.584193,1477.5393,1.6926e+09
0.061990,0.585458,1479.5178,1.7037e+09
0.061990,0.586915,1481.7956,1.7165e+09
0.061990,0.589243,1485.4259,1.7370e+09
0.061990,0.591567,1489.0428,1.7576e+09
0.061990,0.593885,1492.6457,1.7781e+09
0.061990,0.596199,1496.2334,1.7987e+09
0.061990,0.597544,1498.3156,1.8106e+09
0.061990,0.598841,1500.3217,1.8222e+09
0.061990,0.601134,1503.8621,1.8427e+09
0.061990,0.603434,1507.4079,1.8632e+09
0.061990,0.605728,1510.9366,1.8838e+09
0.061990,0.608019,1514.4528,1.9044e+09
0.061990,0.609560,1516.8164,1.9182e+09
0.061990,0.610760,1518.6527,1.9290e+09
0.061990,0.612904,1521.9322,1.9483e+09
0.061990,0.615181,1525.4060,1.9689e+09
0.061990,0.617454,1528.8676,1.9894e+09
0.061990,0.619722,1532.3169,2.0098e+09
0.061990,0.621491,1535.0014,2.0258e+09
0.061990,0.622628,1536.7254,2.0361e+09
0.061990,0.624560,1539.6497,2.0536e+09
0.061990,0.626816,1543.0590,2.0740e+09
0.061990,0.629067,1546.4544,2.0943e+09
0.061990,0.631314,1549.8366,2.1146e+09
0.061990,0.633332,1552.8706,2.1328e+09
0.061990,0.634460,1554.5625,2.1430e+09
0.061990,0.636108,1557.0346,2.1579e+09
0.061990,0.638343,1560.3782,2.1780e+09
0.061990,0.640574,1563.7110,2.1981e+09
0.061990,0.642801,1567.0328,2.2182e+09
0.061990,0.645024,1570.3405,2.2382e+09
0.061990,0.646280,1572.2065,2.2494e+09
0.061990,0.647593,1574.1555,2.2612e+09
0.061990,0.649769,1577.3811,2.2807e+09
0.061990,0.651981,1580.6539,2.3004e+09
0.061990,0.654189,1583.9140,2.3201e+09
0.061990,0.656393,1587.1641,2.3397e+09
0.061990,0.658092,1589.6640,2.3547e+09
0.061990,0.659197,1591.2889,2.3645e+09
0.061990,0.661098,1594.0793,2.3813e+09
0.061990,0.663292,1597.2944,2.4006e+09
0.061990,0.665482,1600.4994,2.4198e+09
0.061990,0.667668,1603.6916,2.4389e+09
0.061990,0.669812,1606.8160,2.4575e+09
0.061990,0.670785,1608.2320,2.4660e+09
0.061990,0.672336,1610.4879,2.4794e+09
0.061990,0.674512,1613.6484,2.4981e+09
0.061990,0.676686,1616.7970,2.5167e+09
0.061990,0.678856,1619.9364,2.5352e+09
0.061990,0.681023,1623.0661,2.5536e+09
0.061990,0.682587,1625.3210,2.5668e+09
0.061990,0.683682,1626.8977,2.5760e+09
0.061990,0.685648,1629.7256,2.5924e+09
0.061990,0.687806,1632.8239,2.6104e+09
0.061990,0.689960,1635.9108,2.6281e+09
0.061990,0.692111,1638.9881,2.6457e+09
0.061990,0.694260,1642.0568,2.6632e+09
0.061990,0.695095,1643.2467,2.6699e+09
0.061990,0.696714,1645.5547,2.6830e+09
0.061990,0.698847,1648.5882,2.7000e+09
0.061990,0.700987,1651.6263,2.7169e+09
0.061990,0.703124,1654.6562,2.7337e+09
0.061990,0.705258,1657.6748,2.7502e+09
0.061990,0.706974,1660.0985,2.7634e+09
0.061990,0.707825,1661.3000,2.7699e+09
0.061990,0.709815,1664.1047,2.7850e+09
0.061990,0.711941,1667.0961,2.8009e+09
0.061990,0.714065,1670.0772,2.8166e+09
0.061990,0.716186,1673.0506,2.8321e+09
0.061990,0.718304,1676.0163,2.8474e+09
0.061990,0.719421,1677.5756,2.8554e+09
0.061990,0.720715,1679.3831,2.8645e+09
0.061990,0.722829,1682.3285,2.8793e+09
0.061990,0.724940,1685.2664,2.8939e+09
0.061990,0.727049,1688.1963,2.9082e+09
0.061990,0.729156,1691.1163,2.9222e+09
0.061990,0.731261,1694.0290,2.9360e+09
0.061990,0.731707,1694.6458,2.9389e+09
0.061990,0.733656,1697.3382,2.9514e+09
0.061990,0.735756,1700.2337,2.9646e+09
0.061990,0.737854,1703.1202,2.9775e+09
0.061990,0.739950,1705.9997,2.9901e+09
0.061990,0.742045,1708.8721,3.0025e+09
0.061990,0.743854,1711.3483,3.0129e+09
0.061990,0.744429,1712.1347,3.0162e+09
0.061990,0.746519,1714.9890,3.0278e+09
0.061990,0.748608,1717.8366,3.0392e+09
0.061990,0.750695,1720.6775,3.0503e+09
0.061990,0.752780,1723.5103,3.0609e+09
0.061990,0.754864,1726.3354,3.0712e+09
0.061990,0.756166,1728.0978,3.0776e+09
0.061990,0.757237,1729.5461,3.0826e+09
0.061990,0.759318,1732.3568,3.0922e+09
0.061990,0.761397,1735.1607,3.1015e+09
0.061990,0.763476,1737.9566,3.1102e+09
0.061990,0.765553,1740.7462,3.1187e+09
0.061990,0.767556,1743.4316,3.1264e+09
0.061990,0.768526,1744.7308,3.1300e+09
0.061990,0.769993,1746.6930,3.1354e+09
0.061990,0.772067,1749.4622,3.1426e+09
0.061990,0.774140,1752.2246,3.1492e+09
0.061990,0.776213,1754.9812,3.1555e+09
0.061990,0.778284,1757.7320,3.1614e+09
0.061990,0.780089,1760.1244,3.1661e+09
0.061990,0.780961,1761.2775,3.1682e+09
0.061990,0.782713,1763.5942,3.1723e+09
0.061990,0.784780,1766.3223,3.1766e+09
0.061990,0.786846,1769.0432,3.1804e+09
0.061990,0.788910,1771.7567,3.1837e+09
0.061990,0.790973,1774.4625,3.1866e+09
0.061990,0.792514,1776.4816,3.1883e+09
0.061990,0.793447,1777.7018,3.1892e+09
0.061990,0.795378,1780.2246,3.1908e+09
0.061990,0.797435,1782.9053,3.1918e+09
0.061990,0.799489,1785.5785,3.1923e+09
0.061990,0.801542,1788.2439,3.1922e+09
0.061990,0.803593,1790.9019,3.1916e+09
0.061990,0.804839,1792.5139,3.1909e+09
0.061990,0.805955,1793.9562,3.1901e+09
0.061990,0.807975,1796.5632,3.1881e+09
0.061990,0.810021,1799.1976,3.1855e+09
0.061990,0.812066,1801.8238,3.1822e+09
0.061990,0.814109,1804.4428,3.1783e+09
0.061990,0.816130,1807.0278,3.1737e+09
0.061990,0.817102,1808.2706,3.1714e+09
0.061990,0.818476,1810.0223,3.1675e+09
0.061990,0.820515,1812.6190,3.1614e+09
0.061990,0.822553,1815.2086,3.1546e+09
0.061990,0.824590,1817.7913,3.1471e+09
0.061990,0.826627,1820.3673,3.1387e+09
0.061990,0.828589,1822.8436,3.1300e+09
0.061990,0.829363,1823.8180,3.1263e+09
0.061990,0.830982,1825.8558,3.1183e+09
0.061990,0.833017,1828.4110,3.1075e+09
0.061990,0.835052,1830.9599,3.0959e+09
0.061990,0.837086,1833.5026,3.0835e+09
0.061990,0.839121,1836.0392,3.0701e+09
0.061990,0.841020,1838.4010,3.0569e+09
0.061990,0.841630,1839.1585,3.0524e+09
0.061990,0.843476,1841.4464,3.0386e+09
0.061990,0.845512,1843.9652,3.0224e+09
0.061990,0.847550,1846.4786,3.0053e+09
0.061990,0.849588,1848.9870,2.9872e+09
0.061990,0.851629,1851.4906,2.9681e+09
0.061990,0.853436,1853.7031,2.9504e+09
0.061990,0.853955,1854.3377,2.9452e+09
0.061990,0.856000,1856.8320,2.9239e+09
0.061990,0.858047,1859.3223,2.9016e+09
0.061990,0.860097,1861.8084,2.8781e+09
0.061990,0.862150,1864.2908,2.8534e+09
0.061990,0.864206,1866.7701,2.8276e+09
0.061990,0.865832,1868.7255,2.8065e+09
0.061990,0.866554,1869.5920,2.7969e+09
0.061990,0.868620,1872.0665,2.7686e+09
0.061990,0.870690,1874.5378,2.7389e+09
0.061990,0.872766,1877.0073,2.7079e+09
0.061990,0.874847,1879.4755,2.6757e+09
0.061990,0.876934,1881.9424,2.6421e+09
0.061990,0.878139,1883.3624,2.6221e+09
0.061990,0.879321,1884.7523,2.6020e+09
0.061990,0.881424,1887.2182,2.5654e+09
0.061990,0.883533,1889.6825,2.5271e+09
0.061990,0.885651,1892.1469,2.4874e+09
0.061990,0.887776,1894.6107,2.4461e+09
0.061990,0.889790,1896.9356,2.4056e+09
0.061990,0.890583,1897.8483,2.3893e+09
0.061990,0.892355,1899.8834,2.3522e+09
0.061990,0.894509,1902.3477,2.3057e+09
0.061990,0.896673,1904.8095,2.2572e+09
0.061990,0.898846,1907.2726,2.2073e+09
0.061990,0.901006,1909.7105,2.1561e+09
0.061990,0.902519,1911.4095,2.1191e+09
0.061990,0.903529,1912.5406,2.0942e+09
0.061990,0.905734,1915.0008,2.0385e+09
0.061990,0.907948,1917.4589,1.9809e+09
0.061990,0.910172,1919.9144,1.9214e+09
0.061990,0.912407,1922.3673,1.8601e+09
0.061990,0.914344,1924.4819,1.8056e+09
0.061990,0.915199,1925.4110,1.7811e+09
0.061990,0.917226,1927.6069,1.7224e+09
0.061990,0.919495,1930.0514,1.6552e+09
0.061990,0.921775,1932.4921,1.5863e+09
0.061990,0.924064,1934.9253,1.5157e+09
0.061990,0.926162,1937.1424,1.4498e+09
0.061990,0.927219,1938.2541,1.4163e+09
0.061990,0.928986,1940.1052,1.3596e+09
0.061990,0.931297,1942.5111,1.2846e+09
0.061990,0.933615,1944.9081,1.2086e+09
0.061990,0.935939,1947.2957,1.1317e+09
0.061990,0.938133,1949.5353,1.0587e+09
0.061990,0.939318,1950.7399,1.0193e+09
0.061990,0.940932,1952.3743,9.6557e+08
0.061990,0.943274,1954.7366,8.8784e+08
0.061990,0.945623,1957.0944,8.1055e+08
0.061990,0.947977,1959.4501,7.3420e+08
0.061990,0.950234,1961.7047,6.6249e+08
0.061990,0.951473,1962.9431,6.2387e+08
0.061990,0.953033,1964.5050,5.7620e+08
0.061990,0.955406,1966.8900,5.0612e+08
0.061990,0.957784,1969.3029,4.3940e+08
0.061990,0.960167,1971.7585,3.7662e+08
0.061990,0.962471,1974.1884,3.2049e+08
0.061990,0.963669,1975.4812,2.9327e+08
0.061990,0.965290,1977.2749,2.5869e+08
0.061990,0.967693,1980.0582,2.1264e+08
0.061990,0.970104,1983.0513,1.7270e+08
0.061990,0.972521,1986.3627,1.3915e+08
0.061990,0.974871,1990.0324,1.1235e+08
0.061990,0.975895,1991.8181,1.0226e+08
0.061990,0.977715,1995.3913,8.6418e+07
0.061990,0.980153,2001.3244,6.8466e+07
0.061990,0.982596,2009.3452,5.3042e+07
0.061990,0.985043,2020.4820,3.9597e+07
0.061990,0.987443,2034.3016,2.8602e+07
0.061990,0.988135,2038.6011,2.5842e+07
0.061990,0.990285,2052.2200,1.8250e+07
0.061990,0.992732,2067.6693,1.1231e+07
0.061990,0.995169,2082.8123,5.8243e+06
0.061990,0.997594,2097.7525,2.0421e+06
0.061990,1.000000,2112.4256,1.1071e+04
0.063222,0.000000,300.0000,8.7627e+02
0.063222,0.002877,306.1586,7.0011e+02
0.063222,0.005624,313.5012,3.5261e+03
0.063222,0.008325,320.7531,8.5457e+03
0.063222,0.010993,327.8828,1.5871e+04
0.063222,0.012120,330.8785,1.9684e+04
0.063222,0.014014,335.8997,2.7020e+04
0.063222,0.016618,342.7652,3.9231e+04
0.063222,0.019213,349.5697,5.3905e+04
0.063222,0.021792,356.2947,7.1017e+04
0.063222,0.023858,361.6633,8.6442e+04
0.063222,0.025017,364.6607,9.6100e+04
0.063222,0.027259,370.4456,1.1647e+05
0.063222,0.029793,376.9535,1.4240e+05
0.063222,0.032315,383.4004,1.7162e+05
0.063222,0.034826,389.7922,2.0424e+05
0.063222,0.036369,393.7073,2.2619e+05
0.063222,0.037805,397.3434,2.4779e+05
0.063222,0.040164,403.2966,2.8667e+05
0.063222,0.042644,409.5322,3.3187e+05
0.063222,0.045115,415.7223,3.8168e+05
0.063222,0.047553,421.8065,4.3591e+05
0.063222,0.048816,424.9530,4.6558e+05
0.063222,0.050376,428.8259,5.0567e+05
0.063222,0.052824,434.8891,5.7273e+05
0.063222,0.055264,440.9147,6.4613e+05
0.063222,0.057697,446.9038,7.2616e+05
0.063222,0.059955,452.4420,8.0715e+05
0.063222,0.061219,455.5349,8.5702e+05
0.063222,0.062883,459.6010,9.2387e+05
0.063222,0.065298,465.4857,1.0297e+06
0.063222,0.067708,471.3379,1.1455e+06
0.063222,0.070112,477.1584,1.2713e+06
0.063222,0.072273,482.3741,1.3942e+06
0.063222,0.073521,485.3811,1.4688e+06
0.063222,0.075239,489.5126,1.5775e+06
0.063222,0.077629,495.2423,1.7400e+06
0.063222,0.080014,500.9457,1.9148e+06
0.063222,0.082395,506.6225,2.1025e+06
0.063222,0.084517,511.6699,2.2822e+06
0.063222,0.085749,514.5924,2.3934e+06
0.063222,0.087475,518.6797,2.5546e+06
0.063222,0.089844,524.2779,2.7893e+06
0.063222,0.092210,529.8526,3.0399e+06
0.063222,0.094572,535.4037,3.3068e+06
0.063222,0.096696,540.3817,3.5622e+06
0.063222,0.097927,543.2605,3.7180e+06
0.063222,0.099615,547.2035,3.9376e+06
0.063222,0.101968,552.6852,4.2609e+06
0.063222,0.104318,558.1462,4.6026e+06
0.063222,0.106666,563.5864,4.9635e+06
0.063222,0.108816,568.5575,5.3109e+06
0.063222,0.110071,571.4532,5.5222e+06
0.063222,0.111679,575.1598,5.7995e+06
0.063222,0.114019,580.5388,6.2232e+06
0.063222,0.116357,585.8992,6.6675e+06
0.063222,0.118692,591.2411,7.1326e+06
0.063222,0.120883,596.2385,7.5881e+06
0.063222,0.122194,599.2239,7.8701e+06
0.063222,0.123682,602.6093,8.1989e+06
0.063222,0.126012,607.8962,8.7309e+06
0.063222,0.128340,613.1663,9.2846e+06
0.063222,0.130667,618.4185,9.8621e+06
0.063222,0.132902,623.4541,1.0438e+07
0.063222,0.134306,626.6106,1.0808e+07
0.063222,0.135638,629.6026,1.1169e+07
0.063222,0.137960,634.8062,1.1815e+07
0.063222,0.140281,639.9953,1.2482e+07
0.063222,0.142600,645.1703,1.3170e+07
0.063222,0.144880,650.2443,1.3869e+07
0.063222,0.146415,653.6524,1.4356e+07
0.063222,0.147559,656.1908,1.4721e+07
0.063222,0.149875,661.3194,1.5483e+07
0.063222,0.152191,666.4352,1.6266e+07
0.063222,0.154505,671.5388,1.7069e+07
0.063222,0.156819,676.6291,1.7895e+07
0.063222,0.158519,680.3595,1.8521e+07
0.063222,0.159468,682.4408,1.8872e+07
0.063222,0.161767,687.4731,1.9744e+07
0.063222,0.164079,692.5239,2.0640e+07
0.063222,0.166391,697.5642,2.1556e+07
0.063222,0.168703,702.5889,2.2502e+07
0.063222,0.170529,706.5534,2.3263e+07
0.063222,0.171493,708.6414,2.3671e+07
0.063222,0.173647,713.3046,2.4594e+07
0.063222,0.175958,718.2978,2.5602e+07
0.063222,0.178268,723.2764,2.6642e+07
0.063222,0.180579,728.2464,2.7700e+07
0.063222,0.182521,732.4162,2.8603e+07
0.063222,0.183530,734.5783,2.9083e+07
0.063222,0.185524,738.8467,3.0039e+07
0.063222,0.187835,743.7843,3.1172e+07
0.063222,0.190147,748.7147,3.2323e+07
0.063222,0.192459,753.6349,3.3500e+07
0.063222,0.194501,757.9705,3.4563e+07
0.063222,0.195585,760.2687,3.5131e+07
0.063222,0.197408,764.1301,3.6102e+07
0.063222,0.199722,769.0235,3.7353e+07
0.063222,0.202037,773.9055,3.8638e+07
0.063222,0.204352,778.7823,3.9940e+07
0.063222,0.206479,783.2522,4.1163e+07
0.063222,0.207660,785.7305,4.1847e+07
0.063222,0.209310,789.1861,4.2825e+07
0.063222,0.211628,794.0388,4.4212e+07
0.063222,0.213948,798.8826,4.5631e+07
0.063222,0.216269,803.7186,4.7081e+07
0.063222,0.218465,808.2894,4.8468e+07
0.063222,0.219757,810.9716,4.9311e+07
0.063222,0.221239,814.0450,5.0278e+07
0.063222,0.223564,818.8607,5.1823e+07
0.063222,0.225890,823.6724,5.3392e+07
0.063222,0.228219,828.4735,5.5010e+07
0.063222,0.230468,833.1077,5.6591e+07
0.063222,0.231878,836.0055,5.7609e+07
0.063222,0.233205,838.7323,5.8568e+07
0.063222,0.235539,843.5167,6.0294e+07
0.063222,0.237874,848.2999,6.2042e+07
0.063222,0.240211,853.0716,6.3854e+07
0.063222,0.242501,857.7419,6.5648e+07
0.063222,0.244022,860.8369,6.6872e+07
0.063222,0.245218,863.2721,6.7836e+07
0.063222,0.247562,868.0306,6.9773e+07
0.063222,0.249908,872.7884,7.1735e+07
0.063222,0.252256,877.5360,7.3771e+07
0.063222,0.254575,882.2217,7.5800e+07
0.063222,0.256186,885.4684,7.7258e+07
0.063222,0.257287,887.6866,7.8254e+07
0.063222,0.259643,892.4241,8.0431e+07
0.063222,0.262001,897.1592,8.2652e+07
0.063222,0.264361,901.8874,8.4945e+07
0.063222,0.266703,906.5756,8.7243e+07
0.063222,0.268369,909.9000,8.8941e+07
0.063222,0.269420,911.9955,9.0016e+07
0.063222,0.271788,916.7165,9.2468e+07
0.063222,0.274160,921.4311,9.4999e+07
0.063222,0.276534,926.1442,9.7582e+07
0.063222,0.278898,930.8282,1.0022e+08
0.063222,0.280566,934.1298,1.0211e+08
0.063222,0.281623,936.2161,1.0334e+08
0.063222,0.284006,940.9223,1.0611e+08
0.063222,0.286392,945.6202,1.0900e+08
0.063222,0.288781,950.3219,1.1191e+08
0.063222,0.291171,955.0090,1.1495e+08
0.063222,0.292773,958.1506,1.1698e+08
0.063222,0.293903,960.3628,1.1846e+08
0.063222,0.296302,965.0513,1.2165e+08
0.063222,0.298704,969.7401,1.2489e+08
0.063222,0.301109,974.4244,1.2824e+08
0.063222,0.303517,979.1076,1.3166e+08
0.063222,0.304983,981.9538,1.3379e+08
0.063222,0.306265,984.4419,1.3566e+08
0.063222,0.308681,989.1191,1.3928e+08
0.063222,0.311099,993.7971,1.4297e+08
0.063222,0.313521,998.4693,1.4678e+08
0.063222,0.315946,1003.1434,1.5065e+08
0.063222,0.317191,1005.5377,1.5269e+08
0.063222,0.318714,1008.4624,1.5523e+08
0.063222,0.321146,1013.1342,1.5929e+08
0.063222,0.323582,1017.8006,1.6349e+08
0.063222,0.326022,1022.4646,1.6780e+08
0.063222,0.328464,1027.1266,1.7222e+08
0.063222,0.329389,1028.8877,1.7393e+08
0.063222,0.331252,1032.4362,1.7740e+08
0.063222,0.333703,1037.0945,1.8205e+08
0.063222,0.336156,1041.7508,1.8682e+08
0.063222,0.338614,1046.4051,1.9170e+08
0.063222,0.341074,1051.0574,1.9671e+08
0.063222,0.341569,1051.9917,1.9774e+08
0.063222,0.343883,1056.3561,2.0256e+08
0.063222,0.346351,1061.0049,2.0783e+08
0.063222,0.348823,1065.6516,2.1322e+08
0.063222,0.351299,1070.2964,2.1874e+08
0.063222,0.353424,1074.2769,2.2357e+08
0.063222,0.354124,1075.5859,2.2519e+08
0.063222,0.356608,1080.2271,2.3100e+08
0.063222,0.359095,1084.8663,2.3694e+08
0.063222,0.361585,1089.5035,2.4301e+08
0.063222,0.364080,1094.1387,2.4923e+08
0.063222,0.365678,1097.1038,2.5327e+08
0.063222,0.366928,1099.4210,2.5649e+08
0.063222,0.369428,1104.0485,2.6301e+08
0.063222,0.371934,1108.6780,2.6968e+08
0.063222,0.374444,1113.3054,2.7650e+08
0.063222,0.376957,1117.9307,2.8346e+08
0.063222,0.377986,1119.8224,2.8637e+08
0.063222,0.379834,1123.2155,2.9163e+08
0.063222,0.382346,1127.8189,2.9890e+08
0.063222,0.384871,1132.4381,3.0636e+08
0.063222,0.387399,1137.0552,3.1398e+08
0.063222,0.389610,1141.0853,3.2075e+08
0.063222,0.390650,1142.9773,3.2400e+08
0.063222,0.392820,1146.9248,3.3083e+08
0.063222,0.395360,1151.5352,3.3896e+08
0.063222,0.397904,1156.1436,3.4726e+08
0.063222,0.400452,1160.7497,3.5573e+08
0.063222,0.402139,1163.7944,3.6145e+08
0.063222,0.403540,1166.3215,3.6623e+08
0.063222,0.405914,1170.5951,3.7445e+08
0.063222,0.408473,1175.1939,3.8346e+08
0.063222,0.411035,1179.7901,3.9267e+08
0.063222,0.413484,1184.1734,4.0162e+08
0.063222,0.414799,1186.5237,4.0650e+08
0.063222,0.416530,1189.6150,4.1296e+08
0.063222,0.419104,1194.2028,4.2273e+08
0.063222,0.421682,1198.7883,4.3269e+08
0.063222,0.424263,1203.3717,4.4283e+08
0.063222,0.426321,1207.0184,4.5104e+08
0.063222,0.427586,1209.2585,4.5613e+08
0.063222,0.429799,1213.1684,4.6516e+08
0.063222,0.432391,1217.7429,4.7589e+08
0.063222,0.434988,1222.3147,4.8682e+08
0.063222,0.437516,1226.7577,4.9763e+08
0.063222,0.439161,1229.6442,5.0472e+08
0.063222,0.440556,1232.0874,5.1084e+08
0.063222,0.443164,1236.6505,5.2238e+08
0.063222,0.445775,1241.2106,5.3410e+08
0.063222,0.448390,1245.7676,5.4603e+08
0.063222,0.450747,1249.8683,5.5692e+08
0.063222,0.451756,1251.6195,5.6165e+08
0.063222,0.453997,1255.5077,5.7221e+08
0.063222,0.456623,1260.0549,5.8475e+08
0.063222,0.459252,1264.5967,5.9748e+08
0.063222,0.461880,1269.1293,6.1041e+08
0.063222,0.463516,1271.9442,6.1857e+08
0.063222,0.464873,1274.2774,6.2534e+08
0.063222,0.467495,1278.7785,6.3863e+08
0.063222,0.470113,1283.2631,6.5208e+08
0.063222,0.472726,1287.7303,6.6568e+08
0.063222,0.475334,1292.1793,6.7943e+08
0.063222,0.475816,1293.0011,6.8199e+08
0.063222,0.478297,1297.2234,6.9527e+08
0.063222,0.480891,1301.6281,7.0932e+08
0.063222,0.483477,1306.0118,7.2349e+08
0.063222,0.486056,1310.3746,7.3780e+08
0.063222,0.487696,1313.1441,7.4699e+08
0.063222,0.488986,1315.3199,7.5427e+08
0.063222,0.491549,1319.6373,7.6884e+08
0.063222,0.494105,1323.9337,7.8355e+08
0.063222,0.496655,1328.2092,7.9840e+08
0.063222,0.499198,1332.4649,8.1336e+08
0.063222,0.499978,1333.7697,8.1797e+08
0.063222,0.502087,1337.2903,8.3055e+08
0.063222,0.504615,1341.5028,8.4576e+08
0.063222,0.507136,1345.6962,8.6108e+08
0.063222,0.509651,1349.8706,8.7651e+08
0.063222,0.511723,1353.3029,8.8934e+08
0.063222,0.512734,1354.9763,8.9564e+08
0.063222,0.515009,1358.7365,9.0990e+08
0.063222,0.517503,1362.8491,9.2569e+08
0.063222,0.519991,1366.9434,9.4157e+08
0.063222,0.522473,1371.0197,9.5755e+08
0.063222,0.524103,1373.6934,9.6811e+08
0.063222,0.525443,1375.8874,9.7686e+08
0.063222,0.527761,1379.6805,9.9206e+08
0.063222,0.530223,1383.6991,1.0083e+09
0.063222,0.532679,1387.6990,1.0247e+09
0.063222,0.535129,1391.6818,1.0412e+09
0.063222,0.536459,1393.8421,1.0502e+09
0.063222,0.537984,1396.3130,1.0605e+09
0.063222,0.540352,1400.1458,1.0767e+09
0.063222,0.542783,1404.0750,1.0934e+09
0.063222,0.545209,1407.9853,1.1102e+09
0.063222,0.547627,1411.8755,1.1271e+09
0.063222,0.548783,1413.7356,1.1352e+09
0.063222,0.550379,1416.2959,1.1465e+09
0.063222,0.552788,1420.1552,1.1635e+09
0.063222,0.555190,1423.9981,1.1806e+09
0.063222,0.557587,1427.8232,1.1978e+09
0.063222,0.559894,1431.4974,1.2144e+09
0.063222,0.561093,1433.4064,1.2231e+09
0.063222,0.562697,1435.9532,1.2347e+09
0.063222,0.565077,1439.7292,1.2521e+09
0.063222,0.567452,1443.4900,1.2695e+09
0.063222,0.569821,1447.2331,1.2870e+09
0.063222,0.572085,1450.8030,1.3038e+09
0.063222,0.573313,1452.7375,1.3129e+09
0.063222,0.574873,1455.1908,1.3245e+09
0.063222,0.577227,1458.8876,1.3422e+09
0.063222,0.579575,1462.5697,1.3598e+09
0.063222,0.581918,1466.2344,1.3775e+09
0.063222,0.584193,1469.7857,1.3948e+09
0.063222,0.585458,1471.7595,1.4044e+09
0.063222,0.586915,1474.0279,1.4155e+09
0.063222,0.589243,1477.6492,1.4333e+09
0.063222,0.591567,1481.2551,1.4512e+09
0.063222,0.593885,1484.8456,1.4691e+09
0.063222,0.596199,1488.4230,1.4869e+09
0.063222,0.597544,1490.4998,1.4974e+09
0.063222,0.598841,1492.5004,1.5074e+09
0.063222,0.601134,1496.0312,1.5253e+09
0.063222,0.603434,1499.5646,1.5432e+09
0.063222,0.605728,1503.0847,1.5612e+09
0.063222,0.608019,1506.5921,1.5791e+09
0.063222,0.609560,1508.9478,1.5912e+09
0.063222,0.610760,1510.7808,1.6007e+09
0.063222,0.612904,1514.0501,1.6176e+09
0.063222,0.615181,1517.5155,1.6355e+09
0.063222,0.617454,1520.9683,1.6535e+09
0.063222,0.619722,1524.4084,1.6714e+09
0.063222,0.621491,1527.0866,1.6855e+09
0.063222,0.622628,1528.8064,1.6945e+09
0.063222,0.624560,1531.7234,1.7098e+09
0.063222,0.626816,1535.1240,1.7277e+09
0.063222,0.629067,1538.5125,1.7456e+09
0.063222,0.631314,1541.8865,1.7635e+09
0.063222,0.633332,1544.9124,1.7796e+09
0.063222,0.634460,1546.6016,1.7886e+09
0.063222,0.636108,1549.0668,1.8017e+09
0.063222,0.638343,1552.4055,1.8195e+09
0.063222,0.640574,1555.7300,1.8372e+09
0.063222,0.642801,1559.0432,1.8549e+09
0.063222,0.645024,1562.3458,1.8726e+09
0.063222,0.646280,1564.2067,1.8826e+09
0.063222,0.647593,1566.1541,1.8930e+09
0.063222,0.649769,1569.3716,1.9103e+09
0.063222,0.651981,1572.6377,1.9278e+09
0.063222,0.654189,1575.8930,1.9452e+09
0.063222,0.656393,1579.1370,1.9627e+09
0.063222,0.658092,1581.6315,1.9760e+09
0.063222,0.659197,1583.2535,1.9848e+09
0.063222,0.661098,1586.0392,1.9997e+09
0.063222,0.663292,1589.2495,2.0169e+09
0.063222,0.665482,1592.4484,2.0340e+09
0.063222,0.667668,1595.6356,2.0511e+09
0.063222,0.669812,1598.7554,2.0678e+09
0.063222,0.670785,1600.1690,2.0753e+09
0.063222,0.672336,1602.4216,2.0873e+09
0.063222,0.674512,1605.5775,2.1041e+09
0.063222,0.676686,1608.7217,2.1208e+09
0.063222,0.678856,1611.8565,2.1374e+09
0.063222,0.681023,1614.9822,2.1540e+09
0.063222,0.682587,1617.2344,2.1658e+09
0.063222,0.683682,1618.8098,2.1741e+09
0.063222,0.685648,1621.6337,2.1889e+09
0.063222,0.687806,1624.7275,2.2051e+09
0.063222,0.689960,1627.8123,2.2212e+09
0.063222,0.692111,1630.8864,2.2371e+09
0.063222,0.694260,1633.9510,2.2529e+09
0.063222,0.695095,1635.1410,2.2591e+09
0.063222,0.696714,1637.4452,2.2709e+09
0.063222,0.698847,1640.4779,2.2864e+09
0.063222,0.700987,1643.5132,2.3018e+09
0.063222,0.703124,1646.5392,2.3170e+09
0.063222,0.705258,1649.5569,2.3322e+09
0.063222,0.706974,1651.9796,2.3443e+09
0.063222,0.707825,1653.1804,2.3502e+09
0.063222,0.709815,1655.9833,2.3640e+09
0.063222,0.711941,1658.9721,2.3787e+09
0.063222,0.714065,1661.9529,2.3931e+09
0.063222,0.716186,1664.9258,2.4075e+09
0.063222,0.718304,1667.8893,2.4216e+09
0.063222,0.719421,1669.4491,2.4290e+09
0.063222,0.720715,1671.2557,2.4375e+09
0.063222,0.722829,1674.2011,2.4512e+09
0.063222,0.724940,1677.1389,2.4648e+09
0.063222,0.727049,1680.0684,2.4782e+09
0.063222,0.729156,1682.9889,2.4913e+09
0.063222,0.731261,1685.9020,2.5043e+09
0.063222,0.731707,1686.5190,2.5070e+09
0.063222,0.733656,1689.2117,2.5188e+09
0.063222,0.735756,1692.1086,2.5313e+09
0.063222,0.737854,1694.9966,2.5436e+09
0.063222,0.739950,1697.8771,2.5556e+09
0.063222,0.742045,1700.7505,2.5674e+09
0.063222,0.743854,1703.2298,2.5775e+09
0.063222,0.744429,1704.0156,2.5806e+09
0.063222,0.746519,1706.8735,2.5919e+09
0.063222,0.748608,1709.7229,2.6029e+09
0.063222,0.750695,1712.5656,2.6137e+09
0.063222,0.752780,1715.4017,2.6242e+09
0.063222,0.754864,1718.2313,2.6345e+09
0.063222,0.756166,1719.9943,2.6407e+09
0.063222,0.757237,1721.4462,2.6458e+09
0.063222,0.759318,1724.2598,2.6554e+09
0.063222,0.761397,1727.0672,2.6647e+09
0.063222,0.763476,1729.8684,2.6737e+09
0.063222,0.765553,1732.6635,2.6825e+09
0.063222,0.767556,1735.3535,2.6906e+09
0.063222,0.768526,1736.6552,2.6944e+09
0.063222,0.769993,1738.6209,2.7000e+09
0.063222,0.772067,1741.3956,2.7077e+09
0.063222,0.774140,1744.1646,2.7150e+09
0.063222,0.776213,1746.9280,2.7221e+09
0.063222,0.778284,1749.6858,2.7287e+09
0.063222,0.780089,1752.0838,2.7342e+09
0.063222,0.780961,1753.2405,2.7367e+09
0.063222,0.782713,1755.5633,2.7417e+09
0.063222,0.784780,1758.2996,2.7471e+09
0.063222,0.786846,1761.0290,2.7521e+09
0.063222,0.788910,1763.7512,2.7567e+09
0.063222,0.790973,1766.4660,2.7610e+09
0.063222,0.792514,1768.4927,2.7639e+09
0.063222,0.793447,1769.7167,2.7655e+09
0.063222,0.795378,1772.2494,2.7686e+09
0.063222,0.797435,1774.9410,2.7714e+09
0.063222,0.799489,1777.6250,2.7738e+09
0.063222,0.801542,1780.3016,2.7757e+09
0.063222,0.803593,1782.9712,2.7771e+09
0.063222,0.804839,1784.5911,2.7778e+09
0.063222,0.805955,1786.0397,2.7781e+09
0.063222,0.807975,1788.6590,2.7785e+09
0.063222,0.810021,1791.3066,2.7784e+09
0.063222,0.812066,1793.9472,2.7777e+09
0.063222,0.814109,1796.5810,2.7766e+09
0.063222,0.816130,1799.1811,2.7749e+09
0.063222,0.817102,1800.4298,2.7738e+09
0.063222,0.818476,1802.1932,2.7722e+09
0.063222,0.820515,1804.8062,2.7693e+09
0.063222,0.822553,1807.4126,2.7658e+09
0.063222,0.824590,1810.0125,2.7617e+09
0.063222,0.826627,1812.6061,2.7570e+09
0.063222,0.828589,1815.0999,2.7518e+09
0.063222,0.829363,1816.0818,2.7496e+09
0.063222,0.830982,1818.1353,2.7448e+09
0.063222,0.833017,1820.7103,2.7381e+09
0.063222,0.835052,1823.2796,2.7308e+09
0.063222,0.837086,1825.8436,2.7228e+09
0.063222,0.839121,1828.4023,2.7140e+09
0.063222,0.841020,1830.7850,2.7052e+09
0.063222,0.841630,1831.5495,2.7022e+09
0.063222,0.843476,1833.8589,2.6929e+09
0.063222,0.845512,1836.4021,2.6819e+09
0.063222,0.847550,1838.9408,2.6701e+09
0.063222,0.849588,1841.4752,2.6576e+09
0.063222,0.851629,1844.0058,2.6442e+09
0.063222,0.853436,1846.2429,2.6318e+09
0.063222,0.853955,1846.8848,2.6281e+09
0.063222,0.856000,1849.4081,2.6130e+09
0.063222,0.858047,1851.9284,2.5970e+09
0.063222,0.860097,1854.4452,2.5801e+09
0.063222,0.862150,1856.9597,2.5623e+09
0.063222,0.864206,1859.4723,2.5436e+09
0.063222,0.865832,1861.4545,2.5282e+09
0.063222,0.866554,1862.3336,2.5212e+09
0.063222,0.868620,1864.8432,2.5004e+09
0.063222,0.870690,1867.3514,2.4785e+09
0.063222,0.872766,1869.8593,2.4557e+09
0.063222,0.874847,1872.3651,2.4315e+09
0.063222,0.876934,1874.8736,2.4066e+09
0.063222,0.878139,1876.3169,2.3915e+09
0.063222,0.879321,1877.7326,2.3767e+09
0.063222,0.881424,1880.2407,2.3489e+09
0.063222,0.883533,1882.7513,2.3202e+09
0.063222,0.885651,1885.2642,2.2904e+09
0.063222,0.887776,1887.7759,2.2589e+09
0.063222,0.889790,1890.1480,2.2281e+09
0.063222,0.890583,1891.0806,2.2157e+09
0.063222,0.892355,1893.1590,2.1873e+09
0.063222,0.894509,1895.6784,2.1518e+09
0.063222,0.896673,1898.1997,2.1149e+09
0.063222,0.898846,1900.7207,2.0762e+09
0.063222,0.901006,1903.2178,2.0365e+09
0.063222,0.902519,1904.9606,2.0080e+09
0.063222,0.903529,1906.1210,1.9886e+09
0.063222,0.905734,1908.6465,1.9452e+09
0.063222,0.907948,1911.1724,1.9001e+09
0.063222,0.910172,1913.6984,1.8535e+09
0.063222,0.912407,1916.2244,1.8052e+09
0.063222,0.914344,1918.4035,1.7621e+09
0.063222,0.915199,1919.3638,1.7429e+09
0.063222,0.917226,1921.6297,1.6962e+09
0.063222,0.919495,1924.1548,1.6425e+09
0.063222,0.921775,1926.6769,1.5870e+09
0.063222,0.924064,1929.1950,1.5299e+09
0.063222,0.926162,1931.4920,1.4763e+09
0.063222,0.927219,1932.6436,1.4489e+09
0.063222,0.928986,1934.5634,1.4023e+09
0.063222,0.931297,1937.0598,1.3403e+09
0.063222,0.933615,1939.5482,1.2769e+09
0.063222,0.935939,1942.0269,1.2120e+09
0.063222,0.938133,1944.3530,1.1498e+09
0.063222,0.939318,1945.6037,1.1159e+09
0.063222,0.940932,1947.2990,1.0692e+09
0.063222,0.943274,1949.7480,1.0009e+09
0.063222,0.945623,1952.1875,9.3189e+08
0.063222,0.947977,1954.6179,8.6230e+08
0.063222,0.950234,1956.9345,7.9552e+08
0.063222,0.951473,1958.2017,7.5891e+08
0.063222,0.953033,1959.7938,7.1296e+08
0.063222,0.955406,1962.2070,6.4369e+08
0.063222,0.957784,1964.6204,5.7536e+08
0.063222,0.960167,1967.0397,5.0844e+08
0.063222,0.962471,1969.3863,4.4576e+08
0.063222,0.963669,1970.6122,4.1417e+08
0.063222,0.965290,1972.2831,3.7265e+08
0.063222,0.967693,1974.7946,3.1411e+08
0.063222,0.970104,1977.3791,2.5972e+08
0.063222,0.972521,1980.0761,2.1026e+08
0.063222,0.974871,1982.8541,1.6763e+08
0.063222,0.975895,1984.1345,1.5090e+08
0.063222,0.977715,1986.5566,1.2402e+08
0.063222,0.980153,1990.2236,9.3817e+07
0.063222,0.982596,1994.6890,6.9851e+07
0.063222,0.985043,2000.6434,5.1202e+07
0.063222,0.987443,2009.3066,3.6567e+07
0.063222,0.988135,2012.6001,3.2841e+07
0.063222,0.990285,2025.3423,2.2671e+07
0.063222,0.992732,2042.4860,1.3634e+07
0.063222,0.995169,2059.8048,6.9113e+06
0.063222,0.997594,2076.7290,2.3263e+06
0.063222,1.000000,2093.1141,9.5791e+03
0.064451,0.000000,300.0000,1.1664e+02
0.064451,0.002877,306.0460,4.4577e+02
0.064451,0.005624,313.3606,2.3084e+03
0.064451,0.008325,320.5901,5.6987e+03
0.064451,0.010993,327.7015,1.0611e+04
0.064451,0.012120,330.6899,1.3180e+04
0.064451,0.014014,335.6985,1.8116e+04
0.064451,0.016618,342.5420,2.6456e+04
0.064451,0.019213,349.3264,3.6318e+04
0.064451,0.021792,356.0243,4.8097e+04
0.064451,0.023858,361.3689,5.8758e+04
0.064451,0.025017,364.3522,6.5446e+04
0.064451,0.027259,370.1128,7.9369e+04
0.064451,0.029793,376.5968,9.6812e+04
0.064451,0.032315,383.0165,1.1668e+05
0.064451,0.034826,389.3791,1.3892e+05
0.064451,0.036369,393.2753,1.5390e+05
0.064451,0.037805,396.8925,1.6875e+05
0.064451,0.040164,402.8159,1.9518e+05
0.064451,0.042644,409.0197,2.2578e+05
0.064451,0.045115,415.1769,2.5946e+05
0.064451,0.047553,421.2256,2.9637e+05
0.064451,0.048816,424.3505,3.1706e+05
0.064451,0.050376,428.2024,3.4382e+05
0.064451,0.052824,434.2285,3.8916e+05
0.064451,0.055264,440.2161,4.3873e+05
0.064451,0.057697,446.1660,4.9281e+05
0.064451,0.059955,451.6679,5.4719e+05
0.064451,0.061219,454.7401,5.8058e+05
0.064451,0.062883,458.7787,6.2544e+05
0.064451,0.065298,464.6224,6.9608e+05
0.064451,0.067708,470.4315,7.7384e+05
0.064451,0.070112,476.2094,8.5798e+05
0.064451,0.072273,481.3910,9.3830e+05
0.064451,0.073521,484.3761,9.8815e+05
0.064451,0.075239,488.4774,1.0605e+06
0.064451,0.077629,494.1658,1.1682e+06
0.064451,0.080014,499.8269,1.2842e+06
0.064451,0.082395,505.4593,1.4098e+06
0.064451,0.084517,510.4679,1.5296e+06
0.064451,0.085749,513.3689,1.6029e+06
0.064451,0.087475,517.4245,1.7102e+06
0.064451,0.089844,522.9783,1.8669e+06
0.064451,0.092210,528.5089,2.0341e+06
0.064451,0.094572,534.0151,2.2129e+06
0.064451,0.096696,538.9522,2.3844e+06
0.064451,0.097927,541.8082,2.4884e+06
0.064451,0.099615,545.7177,2.6368e+06
0.064451,0.101968,551.1544,2.8541e+06
0.064451,0.104318,556.5702,3.0842e+06
0.064451,0.106666,561.9648,3.3278e+06
0.064451,0.108816,566.8933,3.5637e+06
0.064451,0.110071,569.7629,3.7084e+06
0.064451,0.111679,573.4365,3.8980e+06
0.064451,0.114019,578.7688,4.1867e+06
0.064451,0.116357,584.0823,4.4901e+06
0.064451,0.118692,589.3788,4.8069e+06
0.064451,0.120883,594.3321,5.1199e+06
0.064451,0.122194,597.2912,5.3137e+06
0.064451,0.123682,600.6466,5.5402e+06
0.064451,0.126012,605.8863,5.9075e+06
0.064451,0.128340,611.1091,6.2908e+06
0.064451,0.130667,616.3152,6.6901e+06
0.064451,0.132902,621.3057,7.0899e+06
0.064451,0.134306,624.4329,7.3484e+06
0.064451,0.135638,627.3966,7.6018e+06
0.064451,0.137960,632.5526,8.0524e+06
0.064451,0.140281,637.6936,8.5194e+06
0.064451,0.142600,642.8200,9.0027e+06
0.064451,0.144880,647.8471,9.4938e+06
0.064451,0.146415,651.2237,9.8363e+06
0.064451,0.147559,653.7385,1.0093e+07
0.064451,0.149875,658.8198,1.0629e+07
0.064451,0.152191,663.8866,1.1184e+07
0.064451,0.154505,668.9404,1.1755e+07
0.064451,0.156819,673.9813,1.2342e+07
0.064451,0.158519,677.6794,1.2782e+07
0.064451,0.159468,679.7386,1.3035e+07
0.064451,0.161767,684.7242,1.3654e+07
0.064451,0.164079,689.7272,1.4292e+07
0.064451,0.166391,694.7162,1.4950e+07
0.064451,0.168703,699.6934,1.5625e+07
0.064451,0.170529,703.6200,1.6169e+07
0.064451,0.171493,705.6876,1.6461e+07
0.064451,0.173647,710.3053,1.7124e+07
0.064451,0.175958,715.2493,1.7849e+07
0.064451,0.178268,720.1811,1.8593e+07
0.064451,0.180579,725.1016,1.9356e+07
0.064451,0.182521,729.2290,2.0008e+07
0.064451,0.183530,731.3708,2.0353e+07
0.064451,0.185524,735.5975,2.1042e+07
0.064451,0.187835,740.4890,2.1855e+07
0.064451,0.190147,745.3680,2.2691e+07
0.064451,0.192459,750.2392,2.3543e+07
0.064451,0.194501,754.5350,2.4306e+07
0.064451,0.195585,756.8082,2.4722e+07
0.064451,0.197408,760.6332,2.5421e+07
0.064451,0.199722,765.4751,2.6333e+07
0.064451,0.202037,770.3103,2.7261e+07
0.064451,0.204352,775.1391,2.8205e+07
0.064451,0.206479,779.5636,2.9094e+07
0.064451,0.207660,782.0174,2.9590e+07
0.064451,0.209310,785.4387,3.0300e+07
0.064451,0.211628,790.2424,3.1309e+07
0.064451,0.213948,795.0395,3.2336e+07
0.064451,0.216269,799.8262,3.3393e+07
0.064451,0.218465,804.3489,3.4407e+07
0.064451,0.219757,807.0065,3.5015e+07
0.064451,0.221239,810.0507,3.5715e+07
0.064451,0.223564,814.8169,3.6842e+07
0.064451,0.225890,819.5781,3.7991e+07
0.064451,0.228219,824.3355,3.9158e+07
0.064451,0.230468,828.9195,4.0319e+07
0.064451,0.231878,831.7919,4.1052e+07
0.064451,0.233205,834.4880,4.1759e+07
0.064451,0.235539,839.2275,4.3009e+07
0.064451,0.237874,843.9583,4.4297e+07
0.064451,0.240211,848.6849,4.5611e+07
0.064451,0.242501,853.3092,4.6916e+07
0.064451,0.244022,856.3724,4.7813e+07
0.064451,0.245218,858.7823,4.8519e+07
0.064451,0.247562,863.4940,4.9930e+07
0.064451,0.249908,868.2036,5.1365e+07
0.064451,0.252256,872.9041,5.2851e+07
0.064451,0.254575,877.5416,5.4340e+07
0.064451,0.256186,880.7572,5.5400e+07
0.064451,0.257287,882.9543,5.6124e+07
0.064451,0.259643,887.6427,5.7724e+07
0.064451,0.262001,892.3307,5.9348e+07
0.064451,0.264361,897.0127,6.1022e+07
0.064451,0.266703,901.6506,6.2722e+07
0.064451,0.268369,904.9453,6.3950e+07
0.064451,0.269420,907.0217,6.4729e+07
0.064451,0.271788,911.6918,6.6546e+07
0.064451,0.274160,916.3613,6.8394e+07
0.064451,0.276534,921.0277,7.0289e+07
0.064451,0.278898,925.6639,7.2231e+07
0.064451,0.280566,928.9334,7.3618e+07
0.064451,0.281623,931.0013,7.4510e+07
0.064451,0.284006,935.6568,7.6574e+07
0.064451,0.286392,940.3113,7.8681e+07
0.064451,0.288781,944.9638,8.0837e+07
0.064451,0.291171,949.6070,8.3063e+07
0.064451,0.292773,952.7168,8.4571e+07
0.064451,0.293903,954.9082,8.5650e+07
0.064451,0.296302,959.5506,8.8005e+07
0.064451,0.298704,964.1929,9.0407e+07
0.064451,0.301109,968.8328,9.2871e+07
0.064451,0.303517,973.4689,9.5412e+07
0.064451,0.304983,976.2890,9.6980e+07
0.064451,0.306265,978.7534,9.8358e+07
0.064451,0.308681,983.3838,1.0105e+08
0.064451,0.311099,988.0173,1.0378e+08
0.064451,0.313521,992.6462,1.0660e+08
0.064451,0.315946,997.2732,1.0949e+08
0.064451,0.317191,999.6454,1.1100e+08
0.064451,0.318714,1002.5440,1.1288e+08
0.064451,0.321146,1007.1677,1.1593e+08
0.064451,0.323582,1011.7891,1.1906e+08
0.064451,0.326022,1016.4083,1.2228e+08
0.064451,0.328464,1021.0257,1.2558e+08
0.064451,0.329389,1022.7710,1.2685e+08
0.064451,0.331252,1026.2853,1.2945e+08
0.064451,0.333703,1030.8997,1.3293e+08
0.064451,0.336156,1035.5123,1.3650e+08
0.064451,0.338614,1040.1231,1.4017e+08
0.064451,0.341074,1044.7321,1.4392e+08
0.064451,0.341569,1045.6581,1.4469e+08
0.064451,0.343883,1049.9818,1.4832e+08
0.064451,0.346351,1054.5872,1.5229e+08
0.064451,0.348823,1059.1909,1.5635e+08
0.064451,0.351299,1063.7929,1.6052e+08
0.064451,0.353424,1067.7366,1.6417e+08
0.064451,0.354124,1069.0342,1.6539e+08
0.064451,0.356608,1073.6331,1.6977e+08
0.064451,0.359095,1078.2303,1.7427e+08
0.064451,0.361585,1082.8258,1.7887e+08
0.064451,0.364080,1087.4194,1.8359e+08
0.064451,0.365678,1090.3571,1.8667e+08
0.064451,0.366928,1092.6549,1.8910e+08
0.064451,0.369428,1097.2411,1.9406e+08
0.064451,0.371934,1101.8294,1.9914e+08
0.064451,0.374444,1106.4158,2.0435e+08
0.064451,0.376957,1111.0004,2.0967e+08
0.064451,0.377986,1112.8759,2.1188e+08
0.064451,0.379834,1116.2393,2.1591e+08
0.064451,0.382346,1120.8026,2.2148e+08
0.064451,0.384871,1125.3820,2.2720e+08
0.064451,0.387399,1129.9594,2.3305e+08
0.064451,0.389610,1133.9546,2.3826e+08
0.064451,0.390650,1135.8323,2.4074e+08
0.064451,0.392820,1139.7458,2.4600e+08
0.064451,0.395360,1144.3173,2.5227e+08
0.064451,0.397904,1148.8871,2.5867e+08
0.064451,0.400452,1153.4547,2.6522e+08
0.064451,0.402139,1156.4744,2.6964e+08
0.064451,0.403540,1158.9809,2.7334e+08
0.064451,0.405914,1163.2192,2.7971e+08
0.064451,0.408473,1167.7801,2.8671e+08
0.064451,0.411035,1172.3393,2.9385e+08
0.064451,0.413484,1176.6879,3.0081e+08
0.064451,0.414799,1179.0192,3.0461e+08
0.064451,0.416530,1182.0851,3.0965e+08
0.064451,0.419104,1186.6369,3.1727e+08
0.064451,0.421682,1191.1865,3.2504e+08
0.064451,0.424263,1195.7343,3.3297e+08
0.064451,0.426321,1199.3534,3.3939e+08
0.064451,0.427586,1201.5749,3.4339e+08
0.064451,0.429799,1205.4553,3.5047e+08
0.064451,0.432391,1209.9951,3.5889e+08
0.064451,0.434988,1214.5324,3.6748e+08
0.064451,0.437516,1218.9419,3.7599e+08
0.064451,0.439161,1221.8063,3.8159e+08
0.064451,0.440556,1224.2321,3.8641e+08
0.064451,0.443164,1228.7615,3.9551e+08
0.064451,0.445775,1233.2880,4.0478e+08
0.064451,0.448390,1237.8118,4.1422e+08
0.064451,0.450747,1241.8821,4.2287e+08
0.064451,0.451756,1243.6225,4.2659e+08
0.064451,0.453997,1247.4820,4.3499e+08
0.064451,0.456623,1251.9967,4.4496e+08
0.064451,0.459252,1256.5063,4.5510e+08
0.064451,0.461880,1261.0072,4.6540e+08
0.064451,0.463516,1263.8036,4.7190e+08
0.064451,0.464873,1266.1199,4.7732e+08
0.064451,0.467495,1270.5907,4.8793e+08
0.064451,0.470113,1275.0453,4.9869e+08
0.064451,0.472726,1279.4828,5.0958e+08
0.064451,0.475334,1283.9023,5.2061e+08
0.064451,0.475816,1284.7190,5.2266e+08
0.064451,0.478297,1288.9135,5.3333e+08
0.064451,0.480891,1293.2894,5.4463e+08
0.064451,0.483477,1297.6446,5.5605e+08
0.064451,0.486056,1301.9790,5.6759e+08
0.064451,0.487696,1304.7308,5.7501e+08
0.064451,0.488986,1306.8932,5.8088e+08
0.064451,0.491549,1311.1828,5.9268e+08
0.064451,0.494105,1315.4524,6.0459e+08
0.064451,0.496655,1319.7022,6.1661e+08
0.064451,0.499198,1323.9323,6.2875e+08
0.064451,0.499978,1325.2288,6.3249e+08
0.064451,0.502087,1328.7287,6.4271e+08
0.064451,0.504615,1332.9161,6.5508e+08
0.064451,0.507136,1337.0845,6.6756e+08
0.064451,0.509651,1341.2340,6.8014e+08
0.064451,0.511723,1344.6475,6.9061e+08
0.064451,0.512734,1346.3103,6.9577e+08
0.064451,0.515009,1350.0490,7.0742e+08
0.064451,0.517503,1354.1392,7.2032e+08
0.064451,0.519991,1358.2114,7.3332e+08
0.064451,0.522473,1362.2649,7.4643e+08
0.064451,0.524103,1364.9221,7.5512e+08
0.064451,0.525443,1367.1063,7.6227e+08
0.064451,0.527761,1370.8773,7.7479e+08
0.064451,0.530223,1374.8739,7.8819e+08
0.064451,0.532679,1378.8531,8.0168e+08
0.064451,0.535129,1382.8152,8.1526e+08
0.064451,0.536459,1384.9638,8.2266e+08
0.064451,0.537984,1387.4223,8.3123e+08
0.064451,0.540352,1391.2352,8.4459e+08
0.064451,0.542783,1395.1439,8.5842e+08
0.064451,0.545209,1399.0358,8.7233e+08
0.064451,0.547627,1402.9069,8.8631e+08
0.064451,0.548783,1404.7559,8.9305e+08
0.064451,0.550379,1407.3055,9.0237e+08
0.064451,0.552788,1411.1453,9.1653e+08
0.064451,0.555190,1414.9687,9.3076e+08
0.064451,0.557587,1418.7760,9.4505e+08
0.064451,0.559894,1422.4341,9.5889e+08
0.064451,0.561093,1424.3323,9.6613e+08
0.064451,0.562697,1426.8692,9.7584e+08
0.064451,0.565077,1430.6283,9.9033e+08
0.064451,0.567452,1434.3705,1.0049e+09
0.064451,0.569821,1438.0970,1.0195e+09
0.064451,0.572085,1441.6515,1.0336e+09
0.064451,0.573313,1443.5772,1.0412e+09
0.064451,0.574873,1446.0201,1.0510e+09
0.064451,0.577227,1449.7006,1.0657e+09
0.064451,0.579575,1453.3667,1.0806e+09
0.064451,0.581918,1457.0170,1.0954e+09
0.064451,0.584193,1460.5531,1.1100e+09
0.064451,0.585458,1462.5183,1.1181e+09
0.064451,0.586915,1464.7776,1.1274e+09
0.064451,0.589243,1468.3832,1.1424e+09
0.064451,0.591567,1471.9750,1.1575e+09
0.064451,0.593885,1475.5526,1.1726e+09
0.064451,0.596199,1479.1159,1.1877e+09
0.064451,0.597544,1481.1834,1.1965e+09
0.064451,0.598841,1483.1768,1.2050e+09
0.064451,0.601134,1486.6930,1.2201e+09
0.064451,0.603434,1490.2140,1.2353e+09
0.064451,0.605728,1493.7214,1.2505e+09
0.064451,0.608019,1497.2160,1.2657e+09
0.064451,0.609560,1499.5626,1.2760e+09
0.064451,0.610760,1501.3891,1.2840e+09
0.064451,0.612904,1504.6467,1.2984e+09
0.064451,0.615181,1508.0999,1.3137e+09
0.064451,0.617454,1511.5404,1.3290e+09
0.064451,0.619722,1514.9685,1.3443e+09
0.064451,0.621491,1517.6384,1.3562e+09
0.064451,0.622628,1519.3518,1.3639e+09
0.064451,0.624560,1522.2599,1.3770e+09
0.064451,0.626816,1525.6485,1.3923e+09
0.064451,0.629067,1529.0251,1.4076e+09
0.064451,0.631314,1532.3898,1.4229e+09
0.064451,0.633332,1535.4067,1.4367e+09
0.064451,0.634460,1537.0899,1.4444e+09
0.064451,0.636108,1539.5479,1.4556e+09
0.064451,0.638343,1542.8748,1.4709e+09
0.064451,0.640574,1546.1904,1.4861e+09
0.064451,0.642801,1549.4945,1.5014e+09
0.064451,0.645024,1552.7877,1.5166e+09
0.064451,0.646280,1554.6427,1.5251e+09
0.064451,0.647593,1556.5841,1.5341e+09
0.064451,0.649769,1559.7930,1.5490e+09
0.064451,0.651981,1563.0503,1.5641e+09
0.064451,0.654189,1566.2966,1.5792e+09
0.064451,0.656393,1569.5324,1.5942e+09
0.064451,0.658092,1572.0204,1.6058e+09
0.064451,0.659197,1573.6386,1.6133e+09
0.064451,0.661098,1576.4170,1.6263e+09
0.064451,0.663292,1579.6186,1.6412e+09
0.064451,0.665482,1582.8096,1.6561e+09
0.064451,0.667668,1585.9907,1.6709e+09
0.064451,0.669812,1589.1026,1.6854e+09
0.064451,0.670785,1590.5131,1.6919e+09
0.064451,0.672336,1592.7599,1.7024e+09
0.064451,0.674512,1595.9083,1.7170e+09
0.064451,0.676686,1599.0467,1.7316e+09
0.064451,0.678856,1602.1756,1.7461e+09
0.064451,0.681023,1605.2935,1.7605e+09
0.064451,0.682587,1607.5417,1.7709e+09
0.064451,0.683682,1609.1132,1.7781e+09
0.064451,0.685648,1611.9323,1.7911e+09
0.064451,0.687806,1615.0205,1.8053e+09
0.064451,0.689960,1618.0996,1.8194e+09
0.064451,0.692111,1621.1683,1.8334e+09
0.064451,0.694260,1624.2277,1.8473e+09
0.064451,0.695095,1625.4158,1.8527e+09
0.064451,0.696714,1627.7161,1.8631e+09
0.064451,0.698847,1630.7434,1.8768e+09
0.064451,0.700987,1633.7750,1.8904e+09
0.064451,0.703124,1636.7969,1.9039e+09
0.064451,0.705258,1639.8098,1.9173e+09
0.064451,0.706974,1642.2288,1.9280e+09
0.064451,0.707825,1643.4282,1.9333e+09
0.064451,0.709815,1646.2274,1.9456e+09
0.064451,0.711941,1649.2138,1.9586e+09
0.064451,0.714065,1652.1914,1.9716e+09
0.064451,0.716186,1655.1600,1.9843e+09
0.064451,0.718304,1658.1207,1.9970e+09
0.064451,0.719421,1659.6801,2.0036e+09
0.064451,0.720715,1661.4846,2.0112e+09
0.064451,0.722829,1664.4280,2.0236e+09
0.064451,0.724940,1667.3638,2.0358e+09
0.064451,0.727049,1670.2905,2.0479e+09
0.064451,0.729156,1673.2096,2.0598e+09
0.064451,0.731261,1676.1213,2.0715e+09
0.064451,0.731707,1676.7381,2.0740e+09
0.064451,0.733656,1679.4296,2.0847e+09
0.064451,0.735756,1682.3252,2.0961e+09
0.064451,0.737854,1685.2132,2.1073e+09
0.064451,0.739950,1688.0932,2.1184e+09
0.064451,0.742045,1690.9661,2.1292e+09
0.064451,0.743854,1693.4448,2.1385e+09
0.064451,0.744429,1694.2310,2.1414e+09
0.064451,0.746519,1697.0888,2.1518e+09
0.064451,0.748608,1699.9399,2.1621e+09
0.064451,0.750695,1702.7841,2.1722e+09
0.064451,0.752780,1705.6208,2.1820e+09
0.064451,0.754864,1708.4510,2.1917e+09
0.064451,0.756166,1710.2162,2.1976e+09
0.064451,0.757237,1711.6678,2.2024e+09
0.064451,0.759318,1714.4841,2.2115e+09
0.064451,0.761397,1717.2943,2.2205e+09
0.064451,0.763476,1720.0984,2.2292e+09
0.064451,0.765553,1722.8962,2.2377e+09
0.064451,0.767556,1725.5890,2.2456e+09
0.064451,0.768526,1726.8928,2.2493e+09
0.064451,0.769993,1728.8609,2.2549e+09
0.064451,0.772067,1731.6398,2.2625e+09
0.064451,0.774140,1734.4132,2.2699e+09
0.064451,0.776213,1737.1812,2.2770e+09
0.064451,0.778284,1739.9438,2.2839e+09
0.064451,0.780089,1742.3472,2.2896e+09
0.064451,0.780961,1743.5056,2.2923e+09
0.064451,0.782713,1745.8337,2.2975e+09
0.064451,0.784780,1748.5768,2.3034e+09
0.064451,0.786846,1751.3128,2.3090e+09
0.064451,0.788910,1754.0418,2.3142e+09
0.064451,0.790973,1756.7636,2.3191e+09
0.064451,0.792514,1758.7958,2.3226e+09
0.064451,0.793447,1760.0240,2.3246e+09
0.064451,0.795378,1762.5638,2.3285e+09
0.064451,0.797435,1765.2641,2.3324e+09
0.064451,0.799489,1767.9575,2.3358e+09
0.064451,0.801542,1770.6439,2.3389e+09
0.064451,0.803593,1773.3237,2.3417e+09
0.064451,0.804839,1774.9497,2.3432e+09
0.064451,0.805955,1776.4043,2.3444e+09
0.064451,0.807975,1779.0345,2.3462e+09
0.064451,0.810021,1781.6937,2.3477e+09
0.064451,0.812066,1784.3463,2.3488e+09
0.064451,0.814109,1786.9925,2.3495e+09
0.064451,0.816130,1789.6053,2.3497e+09
0.064451,0.817102,1790.8608,2.3497e+09
0.064451,0.818476,1792.6331,2.3494e+09
0.064451,0.820515,1795.2602,2.3487e+09
0.064451,0.822553,1797.8813,2.3475e+09
0.064451,0.824590,1800.4966,2.3459e+09
0.064451,0.826627,1803.1063,2.3438e+09
0.064451,0.828589,1805.6162,2.3413e+09
0.064451,0.829363,1806.6046,2.3401e+09
0.064451,0.830982,1808.6714,2.3376e+09
0.064451,0.833017,1811.2644,2.3339e+09
0.064451,0.835052,1813.8524,2.3297e+09
0.064451,0.837086,1816.4356,2.3249e+09
0.064451,0.839121,1819.0129,2.3194e+09
0.064451,0.841020,1821.4157,2.3141e+09
0.064451,0.841630,1822.1881,2.3124e+09
0.064451,0.843476,1824.5149,2.3062e+09
0.064451,0.845512,1827.0822,2.2993e+09
0.064451,0.847550,1829.6425,2.2914e+09
0.064451,0.849588,1832.2018,2.2832e+09
0.064451,0.851629,1834.7568,2.2742e+09
0.064451,0.853436,1837.0167,2.2657e+09
0.064451,0.853955,1837.6646,2.2631e+09
0.064451,0.856000,1840.2162,2.2530e+09
0.064451,0.858047,1842.7623,2.2417e+09
0.064451,0.860097,1845.3089,2.2301e+09
0.064451,0.862150,1847.8531,2.2176e+09
0.064451,0.864206,1850.3960,2.2043e+09
0.064451,0.865832,1852.4044,2.1935e+09
0.064451,0.866554,1853.2944,2.1885e+09
0.064451,0.868620,1855.8367,2.1736e+09
0.064451,0.870690,1858.3793,2.1579e+09
0.064451,0.872766,1860.9241,2.1415e+09
0.064451,0.874847,1863.4676,2.1241e+09
0.064451,0.876934,1866.0131,2.1058e+09
0.064451,0.878139,1867.4809,2.0950e+09
0.064451,0.879321,1868.9177,2.0840e+09
0.064451,0.881424,1871.4693,2.0639e+09
0.064451,0.883533,1874.0217,2.0426e+09
0.064451,0.885651,1876.5777,2.0204e+09
0.064451,0.887776,1879.1375,1.9973e+09
0.064451,0.889790,1881.5556,1.9744e+09
0.064451,0.890583,1882.5056,1.9652e+09
0.064451,0.892355,1884.6261,1.9440e+09
0.064451,0.894509,1887.1966,1.9173e+09
0.064451,0.896673,1889.7708,1.8895e+09
0.064451,0.898846,1892.3487,1.8605e+09
0.064451,0.901006,1894.9044,1.8307e+09
0.064451,0.902519,1896.6891,1.8091e+09
0.064451,0.903529,1897.8772,1.7944e+09
0.064451,0.905734,1900.4664,1.7615e+09
0.064451,0.907948,1903.0582,1.7272e+09
0.064451,0.910172,1905.6523,1.6916e+09
0.064451,0.912407,1908.2490,1.6546e+09
0.064451,0.914344,1910.4918,1.6216e+09
0.064451,0.915199,1911.4788,1.6066e+09
0.064451,0.917226,1913.8138,1.5706e+09
0.064451,0.919495,1916.4184,1.5291e+09
0.064451,0.921775,1919.0240,1.4861e+09
0.064451,0.924064,1921.6287,1.4417e+09
0.064451,0.926162,1924.0061,1.3997e+09
0.064451,0.927219,1925.1986,1.3781e+09
0.064451,0.928986,1927.1892,1.3415e+09
0.064451,0.931297,1929.7809,1.2925e+09
0.064451,0.933615,1932.3662,1.2420e+09
0.064451,0.935939,1934.9462,1.1902e+09
0.064451,0.938133,1937.3684,1.1400e+09
0.064451,0.939318,1938.6720,1.1126e+09
0.064451,0.940932,1940.4407,1.0746e+09
0.064451,0.943274,1942.9970,1.0187e+09
0.064451,0.945623,1945.5451,9.6155e+08
0.064451,0.947977,1948.0847,9.0333e+08
0.064451,0.950234,1950.5052,8.4676e+08
0.064451,0.951473,1951.8285,8.1542e+08
0.064451,0.953033,1953.4899,7.7573e+08
0.064451,0.955406,1956.0050,7.1503e+08
0.064451,0.957784,1958.5129,6.5395e+08
0.064451,0.960167,1961.0158,5.9276e+08
0.064451,0.962471,1963.4279,5.3393e+08
0.064451,0.963669,1964.6797,5.0359e+08
0.064451,0.965290,1966.3742,4.6289e+08
0.064451,0.967693,1968.8897,4.0363e+08
0.064451,0.970104,1971.4258,3.4597e+08
0.064451,0.972521,1973.9968,2.9055e+08
0.064451,0.974871,1976.5450,2.3966e+08
0.064451,0.975895,1977.6781,2.1857e+08
0.064451,0.977715,1979.7431,1.8306e+08
0.064451,0.980153,1982.6551,1.3985e+08
0.064451,0.982596,1985.8532,1.0243e+08
0.064451,0.985043,1989.5776,7.1702e+07
0.064451,0.987443,1994.2157,4.8382e+07
0.064451,0.988135,1995.8737,4.2879e+07
0.064451,0.990285,2002.8297,2.8789e+07
0.064451,0.992732,2016.6693,1.6811e+07
0.064451,0.995169,2035.9106,8.2488e+06
0.064451,0.997594,2055.3380,2.6640e+06
0.064451,1.000000,2073.7854,8.1246e+03
0.065677,0.000000,300.0000,1.9053e+02
0.065677,0.002877,305.9273,2.6777e+02
0.065677,0.005624,313.2078,1.4512e+03
0.065677,0.008325,320.4091,3.6116e+03
0.065677,0.010993,327.4899,6.8079e+03
0.065677,0.012120,330.4687,8.3984e+03
0.065677,0.014014,335.4546,1.1649e+04
0.065677,0.016618,342.2781,1.6882e+04
0.065677,0.019213,349.0342,2.3277e+04
0.065677,0.021792,355.7047,3.0833e+04
0.065677,0.023858,361.0234,3.7762e+04
0.065677,0.025017,363.9940,4.2024e+04
0.065677,0.027259,369.7251,5.1042e+04
0.065677,0.029793,376.1705,6.2520e+04
0.065677,0.032315,382.5537,7.5424e+04
0.065677,0.034826,388.8807,8.9805e+04
0.065677,0.036369,392.7582,9.9256e+04
0.065677,0.037805,396.3559,1.0878e+05
0.065677,0.040164,402.2463,1.2576e+05
0.065677,0.042644,408.4104,1.4570e+05
0.065677,0.045115,414.5284,1.6752e+05
0.065677,0.047553,420.5402,1.9113e+05
0.065677,0.048816,423.6440,2.0450e+05
0.065677,0.050376,427.4704,2.2170e+05
0.065677,0.052824,433.4550,2.5089e+05
0.065677,0.055264,439.4003,2.8275e+05
0.065677,0.057697,445.3070,3.1749e+05
0.065677,0.059955,450.7670,3.5259e+05
0.065677,0.061219,453.8212,3.7307e+05
0.065677,0.062883,457.8249,4.0251e+05
0.065677,0.065298,463.6227,4.4783e+05
0.065677,0.067708,469.3881,4.9701e+05
0.065677,0.070112,475.1212,5.5024e+05
0.065677,0.072273,480.2596,6.0159e+05
0.065677,0.073521,483.2180,6.3369e+05
0.065677,0.075239,487.2871,6.7905e+05
0.065677,0.077629,492.9293,7.4676e+05
0.065677,0.080014,498.5405,8.2090e+05
0.065677,0.082395,504.1290,8.9919e+05
0.065677,0.084517,509.0939,9.7542e+05
0.065677,0.085749,511.9708,1.0216e+06
0.065677,0.087475,515.9912,1.0897e+06
0.065677,0.089844,521.4962,1.1893e+06
0.065677,0.092210,526.9784,1.2954e+06
0.065677,0.094572,532.4345,1.4096e+06
0.065677,0.096696,537.3275,1.5187e+06
0.065677,0.097927,540.1582,1.5848e+06
0.065677,0.099615,544.0327,1.6793e+06
0.065677,0.101968,549.4187,1.8188e+06
0.065677,0.104318,554.7840,1.9666e+06
0.065677,0.106666,560.1286,2.1231e+06
0.065677,0.108816,565.0109,2.2751e+06
0.065677,0.110071,567.8539,2.3682e+06
0.065677,0.111679,571.4923,2.4910e+06
0.065677,0.114019,576.7740,2.6780e+06
0.065677,0.116357,582.0370,2.8748e+06
0.065677,0.118692,587.2813,3.0818e+06
0.065677,0.120883,592.1863,3.2863e+06
0.065677,0.122194,595.1153,3.4141e+06
0.065677,0.123682,598.4379,3.5626e+06
0.065677,0.126012,603.6271,3.8031e+06
0.065677,0.128340,608.7983,4.0558e+06
0.065677,0.130667,613.9526,4.3201e+06
0.065677,0.132902,618.8936,4.5849e+06
0.065677,0.134306,621.9892,4.7569e+06
0.065677,0.135638,624.9249,4.9242e+06
0.065677,0.137960,630.0291,5.2249e+06
0.065677,0.140281,635.1179,5.5376e+06
0.065677,0.142600,640.1911,5.8626e+06
0.065677,0.144880,645.1658,6.1936e+06
0.065677,0.146415,648.5085,6.4237e+06
0.065677,0.147559,650.9972,6.5970e+06
0.065677,0.149875,656.0257,6.9598e+06
0.065677,0.152191,661.0406,7.3349e+06
0.065677,0.154505,666.0420,7.7223e+06
0.065677,0.156819,671.0302,8.1219e+06
0.065677,0.158519,674.6881,8.4235e+06
0.065677,0.159468,676.7273,8.5943e+06
0.065677,0.161767,681.6596,9.0181e+06
0.065677,0.164079,686.6085,9.4565e+06
0.065677,0.166391,691.5455,9.9072e+06
0.065677,0.168703,696.4709,1.0370e+07
0.065677,0.170529,700.3569,1.0743e+07
0.065677,0.171493,702.4013,1.0946e+07
0.065677,0.173647,706.9701,1.1402e+07
0.065677,0.175958,711.8608,1.1903e+07
0.065677,0.178268,716.7396,1.2419e+07
0.065677,0.180579,721.6075,1.2947e+07
0.065677,0.182521,725.6896,1.3400e+07
0.065677,0.183530,727.8095,1.3639e+07
0.065677,0.185524,731.9891,1.4119e+07
0.065677,0.187835,736.8266,1.4686e+07
0.065677,0.190147,741.6551,1.5265e+07
0.065677,0.192459,746.4743,1.5858e+07
0.065677,0.194501,750.7202,1.6395e+07
0.065677,0.195585,752.9717,1.6681e+07
0.065677,0.197408,756.7516,1.7174e+07
0.065677,0.199722,761.5422,1.7809e+07
0.065677,0.202037,766.3252,1.8458e+07
0.065677,0.204352,771.1008,1.9119e+07
0.065677,0.206479,775.4765,1.9742e+07
0.065677,0.207660,777.9028,2.0091e+07
0.065677,0.209310,781.2874,2.0588e+07
0.065677,0.211628,786.0374,2.1297e+07
0.065677,0.213948,790.7810,2.2019e+07
0.065677,0.216269,795.5177,2.2757e+07
0.065677,0.218465,799.9885,2.3473e+07
0.065677,0.219757,802.6186,2.3897e+07
0.065677,0.221239,805.6257,2.4394e+07
0.065677,0.223564,810.3411,2.5184e+07
0.065677,0.225890,815.0515,2.5988e+07
0.065677,0.228219,819.7527,2.6816e+07
0.065677,0.230468,824.2873,2.7631e+07
0.065677,0.231878,827.1273,2.8147e+07
0.065677,0.233205,829.7947,2.8644e+07
0.065677,0.235539,834.4815,2.9524e+07
0.065677,0.237874,839.1594,3.0432e+07
0.065677,0.240211,843.8334,3.1358e+07
0.065677,0.242501,848.4052,3.2280e+07
0.065677,0.244022,851.4355,3.2910e+07
0.065677,0.245218,853.8198,3.3405e+07
0.065677,0.247562,858.4779,3.4403e+07
0.065677,0.249908,863.1331,3.5420e+07
0.065677,0.252256,867.7856,3.6457e+07
0.065677,0.254575,872.3687,3.7515e+07
0.065677,0.256186,875.5502,3.8258e+07
0.065677,0.257287,877.7199,3.8778e+07
0.065677,0.259643,882.3593,3.9898e+07
0.065677,0.262001,886.9936,4.1050e+07
0.065677,0.264361,891.6233,4.2234e+07
0.065677,0.266703,896.2112,4.3429e+07
0.065677,0.268369,899.4678,4.4303e+07
0.065677,0.269420,901.5213,4.4853e+07
0.065677,0.271788,906.1400,4.6136e+07
0.065677,0.274160,910.7576,4.7444e+07
0.065677,0.276534,915.3729,4.8783e+07
0.065677,0.278898,919.9573,5.0160e+07
0.065677,0.280566,923.1914,5.1140e+07
0.065677,0.281623,925.2340,5.1782e+07
0.065677,0.284006,929.8415,5.3230e+07
0.065677,0.286392,934.4423,5.4734e+07
0.065677,0.288781,939.0429,5.6267e+07
0.065677,0.291171,943.6376,5.7835e+07
0.065677,0.292773,946.7105,5.8919e+07
0.065677,0.293903,948.8769,5.9690e+07
0.065677,0.296302,953.4703,6.1355e+07
0.065677,0.298704,958.0624,6.3059e+07
0.065677,0.301109,962.6516,6.4814e+07
0.065677,0.303517,967.2377,6.6620e+07
0.065677,0.304983,970.0268,6.7740e+07
0.065677,0.306265,972.4620,6.8735e+07
0.065677,0.308681,977.0449,7.0645e+07
0.065677,0.311099,981.6250,7.2609e+07
0.065677,0.313521,986.2035,7.4625e+07
0.065677,0.315946,990.7803,7.6694e+07
0.065677,0.317191,993.1261,7.7778e+07
0.065677,0.318714,995.9935,7.9120e+07
0.065677,0.321146,1000.5665,8.1313e+07
0.065677,0.323582,1005.1380,8.3563e+07
0.065677,0.326022,1009.7080,8.5871e+07
0.065677,0.328464,1014.2759,8.8244e+07
0.065677,0.329389,1016.0021,8.9160e+07
0.065677,0.331252,1019.4788,9.1029e+07
0.065677,0.333703,1024.0439,9.3539e+07
0.065677,0.336156,1028.6074,9.6114e+07
0.065677,0.338614,1033.1689,9.8761e+07
0.065677,0.341074,1037.7285,1.0148e+08
0.065677,0.341569,1038.6446,1.0204e+08
0.065677,0.343883,1042.9227,1.0466e+08
0.065677,0.346351,1047.4801,1.0753e+08
0.065677,0.348823,1052.0356,1.1048e+08
0.065677,0.351299,1056.5891,1.1351e+08
0.065677,0.353424,1060.4915,1.1616e+08
0.065677,0.354124,1061.7756,1.1705e+08
0.065677,0.356608,1066.3269,1.2025e+08
0.065677,0.359095,1070.8768,1.2352e+08
0.065677,0.361585,1075.4242,1.2689e+08
0.065677,0.364080,1079.9702,1.3034e+08
0.065677,0.365678,1082.8786,1.3258e+08
0.065677,0.366928,1085.1519,1.3437e+08
0.065677,0.369428,1089.6917,1.3800e+08
0.065677,0.371934,1094.2338,1.4173e+08
0.065677,0.374444,1098.7736,1.4556e+08
0.065677,0.376957,1103.3118,1.4947e+08
0.065677,0.377986,1105.1686,1.5110e+08
0.065677,0.379834,1108.4983,1.5407e+08
0.065677,0.382346,1113.0163,1.5818e+08
0.065677,0.384871,1117.5505,1.6240e+08
0.065677,0.387399,1122.0824,1.6673e+08
0.065677,0.389610,1126.0382,1.7059e+08
0.065677,0.390650,1127.8963,1.7244e+08
0.065677,0.392820,1131.7718,1.7634e+08
0.065677,0.395360,1136.2988,1.8099e+08
0.065677,0.397904,1140.8244,1.8576e+08
0.065677,0.400452,1145.3482,1.9063e+08
0.065677,0.402139,1148.3389,1.9393e+08
0.065677,0.403540,1150.8208,1.9669e+08
0.065677,0.405914,1155.0185,2.0145e+08
0.065677,0.408473,1159.5362,2.0669e+08
0.065677,0.411035,1164.0524,2.1204e+08
0.065677,0.413484,1168.3602,2.1726e+08
0.065677,0.414799,1170.6703,2.2011e+08
0.065677,0.416530,1173.7080,2.2389e+08
0.065677,0.419104,1178.2173,2.2963e+08
0.065677,0.421682,1182.7249,2.3549e+08
0.065677,0.424263,1187.2309,2.4147e+08
0.065677,0.426321,1190.8167,2.4633e+08
0.065677,0.427586,1193.0187,2.4934e+08
0.065677,0.429799,1196.8641,2.5470e+08
0.065677,0.432391,1201.3633,2.6108e+08
0.065677,0.434988,1205.8603,2.6760e+08
0.065677,0.437516,1210.2306,2.7407e+08
0.065677,0.439161,1213.0689,2.7834e+08
0.065677,0.440556,1215.4735,2.8201e+08
0.065677,0.443164,1219.9632,2.8895e+08
0.065677,0.445775,1224.4506,2.9603e+08
0.065677,0.448390,1228.9354,3.0324e+08
0.065677,0.450747,1232.9710,3.0986e+08
0.065677,0.451756,1234.6961,3.1272e+08
0.065677,0.453997,1238.5236,3.1915e+08
0.065677,0.456623,1243.0000,3.2681e+08
0.065677,0.459252,1247.4716,3.3461e+08
0.065677,0.461880,1251.9350,3.4255e+08
0.065677,0.463516,1254.7094,3.4754e+08
0.065677,0.464873,1257.0052,3.5174e+08
0.065677,0.467495,1261.4396,3.5994e+08
0.065677,0.470113,1265.8583,3.6826e+08
0.065677,0.472726,1270.2603,3.7670e+08
0.065677,0.475334,1274.6448,3.8525e+08
0.065677,0.475816,1275.4547,3.8684e+08
0.065677,0.478297,1279.6163,3.9513e+08
0.065677,0.480891,1283.9579,4.0392e+08
0.065677,0.483477,1288.2791,4.1282e+08
0.065677,0.486056,1292.5802,4.2182e+08
0.065677,0.487696,1295.3113,4.2761e+08
0.065677,0.488986,1297.4563,4.3221e+08
0.065677,0.491549,1301.7136,4.4144e+08
0.065677,0.494105,1305.9512,4.5077e+08
0.065677,0.496655,1310.1694,4.6020e+08
0.065677,0.499198,1314.3683,4.6973e+08
0.065677,0.499978,1315.6552,4.7267e+08
0.065677,0.502087,1319.1296,4.8071e+08
0.065677,0.504615,1323.2868,4.9045e+08
0.065677,0.507136,1327.4252,5.0029e+08
0.065677,0.509651,1331.5450,5.1023e+08
0.065677,0.511723,1334.9335,5.1851e+08
0.065677,0.512734,1336.5860,5.2257e+08
0.065677,0.515009,1340.2981,5.3181e+08
0.065677,0.517503,1344.3597,5.4204e+08
0.065677,0.519991,1348.4033,5.5236e+08
0.065677,0.522473,1352.4293,5.6278e+08
0.065677,0.524103,1355.0692,5.6968e+08
0.065677,0.525443,1357.2381,5.7539e+08
0.065677,0.527761,1360.9844,5.8535e+08
0.065677,0.530223,1364.9548,5.9604e+08
0.065677,0.532679,1368.9081,6.0681e+08
0.065677,0.535129,1372.8444,6.1766e+08
0.065677,0.536459,1374.9783,6.2360e+08
0.065677,0.537984,1377.4221,6.3044e+08
0.065677,0.540352,1381.2104,6.4115e+08
0.065677,0.542783,1385.0939,6.5226e+08
0.065677,0.545209,1388.9609,6.6344e+08
0.065677,0.547627,1392.8083,6.7468e+08
0.065677,0.548783,1394.6473,6.8008e+08
0.065677,0.550379,1397.1802,6.8760e+08
0.065677,0.552788,1400.9971,6.9901e+08
0.065677,0.555190,1404.7977,7.1049e+08
0.065677,0.557587,1408.5823,7.2204e+08
0.065677,0.559894,1412.2185,7.3323e+08
0.065677,0.561093,1414.1063,7.3909e+08
0.065677,0.562697,1416.6277,7.4696e+08
0.065677,0.565077,1420.3646,7.5870e+08
0.065677,0.567452,1424.0861,7.7051e+08
0.065677,0.569821,1427.7922,7.8238e+08
0.065677,0.572085,1431.3274,7.9379e+08
0.065677,0.573313,1433.2406,8.0002e+08
0.065677,0.574873,1435.6715,8.0795e+08
0.065677,0.577227,1439.3321,8.1999e+08
0.065677,0.579575,1442.9774,8.3209e+08
0.065677,0.581918,1446.6078,8.4423e+08
0.065677,0.584193,1450.1256,8.5609e+08
0.065677,0.585458,1452.0803,8.6271e+08
0.065677,0.586915,1454.3281,8.7037e+08
0.065677,0.589243,1457.9149,8.8265e+08
0.065677,0.591567,1461.4880,8.9498e+08
0.065677,0.593885,1465.0469,9.0735e+08
0.065677,0.596199,1468.5924,9.1975e+08
0.065677,0.597544,1470.6506,9.2699e+08
0.065677,0.598841,1472.6334,9.3399e+08
0.065677,0.601134,1476.1331,9.4640e+08
0.065677,0.603434,1479.6374,9.5891e+08
0.065677,0.605728,1483.1276,9.7145e+08
0.065677,0.608019,1486.6045,9.8402e+08
0.065677,0.609560,1488.9408,9.9251e+08
0.065677,0.610760,1490.7581,9.9912e+08
0.065677,0.612904,1494.0011,1.0110e+09
0.065677,0.615181,1497.4387,1.0236e+09
0.065677,0.617454,1500.8635,1.0363e+09
0.065677,0.619722,1504.2759,1.0490e+09
0.065677,0.621491,1506.9350,1.0589e+09
0.065677,0.622628,1508.6398,1.0653e+09
0.065677,0.624560,1511.5358,1.0761e+09
0.065677,0.626816,1514.9107,1.0888e+09
0.065677,0.629067,1518.2725,1.1016e+09
0.065677,0.631314,1521.6224,1.1143e+09
0.065677,0.633332,1524.6262,1.1257e+09
0.065677,0.634460,1526.3038,1.1322e+09
0.065677,0.636108,1528.7506,1.1415e+09
0.065677,0.638343,1532.0647,1.1543e+09
0.065677,0.640574,1535.3673,1.1670e+09
0.065677,0.642801,1538.6583,1.1797e+09
0.065677,0.645024,1541.9385,1.1924e+09
0.065677,0.646280,1543.7866,1.1996e+09
0.065677,0.647593,1545.7208,1.2071e+09
0.065677,0.649769,1548.9178,1.2196e+09
0.065677,0.651981,1552.1628,1.2323e+09
0.065677,0.654189,1555.3968,1.2449e+09
0.065677,0.656393,1558.6203,1.2576e+09
0.065677,0.658092,1561.1012,1.2673e+09
0.065677,0.659197,1562.7119,1.2736e+09
0.065677,0.661098,1565.4819,1.2845e+09
0.065677,0.663292,1568.6731,1.2971e+09
0.065677,0.665482,1571.8530,1.3096e+09
0.065677,0.667668,1575.0225,1.3221e+09
0.065677,0.669812,1578.1246,1.3343e+09
0.065677,0.670785,1579.5313,1.3399e+09
0.065677,0.672336,1581.7705,1.3487e+09
0.065677,0.674512,1584.9092,1.3611e+09
0.065677,0.676686,1588.0378,1.3734e+09
0.065677,0.678856,1591.1569,1.3857e+09
0.065677,0.681023,1594.2664,1.3979e+09
0.065677,0.682587,1596.5077,1.4067e+09
0.065677,0.683682,1598.0751,1.4129e+09
0.065677,0.685648,1600.8862,1.4239e+09
0.065677,0.687806,1603.9654,1.4360e+09
0.065677,0.689960,1607.0353,1.4480e+09
0.065677,0.692111,1610.0964,1.4600e+09
0.065677,0.694260,1613.1485,1.4719e+09
0.065677,0.695095,1614.3327,1.4765e+09
0.065677,0.696714,1616.6282,1.4854e+09
0.065677,0.698847,1619.6483,1.4971e+09
0.065677,0.700987,1622.6720,1.5087e+09
0.065677,0.703124,1625.6868,1.5203e+09
0.065677,0.705258,1628.6931,1.5318e+09
0.065677,0.706974,1631.1068,1.5410e+09
0.065677,0.707825,1632.3038,1.5456e+09
0.065677,0.709815,1635.0970,1.5561e+09
0.065677,0.711941,1638.0770,1.5674e+09
0.065677,0.714065,1641.0488,1.5785e+09
0.065677,0.716186,1644.0127,1.5896e+09
0.065677,0.718304,1646.9680,1.6005e+09
0.065677,0.719421,1648.5235,1.6062e+09
0.065677,0.720715,1650.3259,1.6129e+09
0.065677,0.722829,1653.2640,1.6236e+09
0.065677,0.724940,1656.1943,1.6342e+09
0.065677,0.727049,1659.1172,1.6447e+09
0.065677,0.729156,1662.0326,1.6551e+09
0.065677,0.731261,1664.9405,1.6654e+09
0.065677,0.731707,1665.5563,1.6675e+09
0.065677,0.733656,1668.2446,1.6769e+09
0.065677,0.735756,1671.1367,1.6869e+09
0.065677,0.737854,1674.0217,1.6968e+09
0.065677,0.739950,1676.8990,1.7066e+09
0.065677,0.742045,1679.7694,1.7162e+09
0.065677,0.743854,1682.2457,1.7243e+09
0.065677,0.744429,1683.0317,1.7269e+09
0.065677,0.746519,1685.8873,1.7362e+09
0.065677,0.748608,1688.7363,1.7453e+09
0.065677,0.750695,1691.5788,1.7543e+09
0.065677,0.752780,1694.4148,1.7632e+09
0.065677,0.754864,1697.2445,1.7718e+09
0.065677,0.756166,1699.0091,1.7771e+09
0.065677,0.757237,1700.4607,1.7815e+09
0.065677,0.759318,1703.2770,1.7898e+09
0.065677,0.761397,1706.0873,1.7979e+09
0.065677,0.763476,1708.8916,1.8059e+09
0.065677,0.765553,1711.6899,1.8136e+09
0.065677,0.767556,1714.3839,1.8209e+09
0.065677,0.768526,1715.6881,1.8244e+09
0.065677,0.769993,1717.6575,1.8295e+09
0.065677,0.772067,1720.4383,1.8367e+09
0.065677,0.774140,1723.2137,1.8436e+09
0.065677,0.776213,1725.9841,1.8503e+09
0.065677,0.778284,1728.7493,1.8568e+09
0.065677,0.780089,1731.1550,1.8623e+09
0.065677,0.780961,1732.3157,1.8649e+09
0.065677,0.782713,1734.6463,1.8700e+09
0.065677,0.784780,1737.3931,1.8757e+09
0.065677,0.786846,1740.1336,1.8812e+09
0.065677,0.788910,1742.8663,1.8864e+09
0.065677,0.790973,1745.5937,1.8915e+09
0.065677,0.792514,1747.6306,1.8951e+09
0.065677,0.793447,1748.8601,1.8971e+09
0.065677,0.795378,1751.4065,1.9013e+09
0.065677,0.797435,1754.1127,1.9055e+09
0.065677,0.799489,1756.8136,1.9094e+09
0.065677,0.801542,1759.5069,1.9130e+09
0.065677,0.803593,1762.1948,1.9163e+09
0.065677,0.804839,1763.8260,1.9182e+09
0.065677,0.805955,1765.2845,1.9197e+09
0.065677,0.807975,1767.9245,1.9224e+09
0.065677,0.810021,1770.5918,1.9247e+09
0.065677,0.812066,1773.2554,1.9268e+09
0.065677,0.814109,1775.9107,1.9284e+09
0.065677,0.816130,1778.5357,1.9299e+09
0.065677,0.817102,1779.7959,1.9303e+09
0.065677,0.818476,1781.5753,1.9309e+09
0.065677,0.820515,1784.2157,1.9316e+09
0.065677,0.822553,1786.8482,1.9318e+09
0.065677,0.824590,1789.4775,1.9318e+09
0.065677,0.826627,1792.1004,1.9312e+09
0.065677,0.828589,1794.6245,1.9304e+09
0.065677,0.829363,1795.6181,1.9300e+09
0.065677,0.830982,1797.6978,1.9290e+09
0.065677,0.833017,1800.3057,1.9272e+09
0.065677,0.835052,1802.9115,1.9252e+09
0.065677,0.837086,1805.5104,1.9225e+09
0.065677,0.839121,1808.1079,1.9197e+09
0.065677,0.841020,1810.5265,1.9164e+09
0.065677,0.841630,1811.3039,1.9154e+09
0.065677,0.843476,1813.6499,1.9118e+09
0.065677,0.845512,1816.2366,1.9075e+09
0.065677,0.847550,1818.8184,1.9025e+09
0.065677,0.849588,1821.3994,1.8973e+09
0.065677,0.851629,1823.9769,1.8914e+09
0.065677,0.853436,1826.2574,1.8859e+09
0.065677,0.853955,1826.9116,1.8842e+09
0.065677,0.856000,1829.4870,1.8774e+09
0.065677,0.858047,1832.0593,1.8698e+09
0.065677,0.860097,1834.6315,1.8618e+09
0.065677,0.862150,1837.2043,1.8534e+09
0.065677,0.864206,1839.7750,1.8441e+09
0.065677,0.865832,1841.8060,1.8366e+09
0.065677,0.866554,1842.7060,1.8330e+09
0.065677,0.868620,1845.2804,1.8227e+09
0.065677,0.870690,1847.8548,1.8116e+09
0.065677,0.872766,1850.4310,1.7998e+09
0.065677,0.874847,1853.0103,1.7875e+09
0.065677,0.876934,1855.5921,1.7745e+09
0.065677,0.878139,1857.0797,1.7666e+09
0.065677,0.879321,1858.5380,1.7587e+09
0.065677,0.881424,1861.1273,1.7441e+09
0.065677,0.883533,1863.7211,1.7288e+09
0.065677,0.885651,1866.3196,1.7127e+09
0.065677,0.887776,1868.9218,1.6957e+09
0.065677,0.889790,1871.3818,1.6789e+09
0.065677,0.890583,1872.3498,1.6723e+09
0.065677,0.892355,1874.5086,1.6566e+09
0.065677,0.894509,1877.1285,1.6370e+09
0.065677,0.896673,1879.7540,1.6165e+09
0.065677,0.898846,1882.3849,1.5950e+09
0.065677,0.901006,1884.9950,1.5728e+09
0.065677,0.902519,1886.8189,1.5568e+09
0.065677,0.903529,1888.0340,1.5458e+09
0.065677,0.905734,1890.6830,1.5212e+09
0.065677,0.907948,1893.3372,1.4956e+09
0.065677,0.910172,1895.9963,1.4689e+09
0.065677,0.912407,1898.6607,1.4411e+09
0.065677,0.914344,1900.9639,1.4162e+09
0.065677,0.915199,1901.9791,1.4049e+09
0.065677,0.917226,1904.3805,1.3777e+09
0.065677,0.919495,1907.0622,1.3463e+09
0.065677,0.921775,1909.7477,1.3137e+09
0.065677,0.924064,1912.4348,1.2798e+09
0.065677,0.926162,1914.8916,1.2477e+09
0.065677,0.927219,1916.1255,1.2313e+09
0.065677,0.928986,1918.1857,1.2033e+09
0.065677,0.931297,1920.8710,1.1656e+09
0.065677,0.933615,1923.5548,1.1267e+09
0.065677,0.935939,1926.2352,1.0865e+09
0.065677,0.938133,1928.7572,1.0477e+09
0.065677,0.939318,1930.1154,1.0263e+09
0.065677,0.940932,1931.9601,9.9667e+08
0.065677,0.943274,1934.6293,9.5276e+08
0.065677,0.945623,1937.2941,9.0768e+08
0.065677,0.947977,1939.9542,8.6147e+08
0.065677,0.950234,1942.4930,8.1627e+08
0.065677,0.951473,1943.8827,7.9109e+08
0.065677,0.953033,1945.6284,7.5904e+08
0.065677,0.955406,1948.2729,7.0960e+08
0.065677,0.957784,1950.9122,6.5934e+08
0.065677,0.960167,1953.5464,6.0834e+08
0.065677,0.962471,1956.0837,5.5859e+08
0.065677,0.963669,1957.3992,5.3262e+08
0.065677,0.965290,1959.1774,4.9739e+08
0.065677,0.967693,1961.8091,4.4517e+08
0.065677,0.970104,1964.4469,3.9307e+08
0.065677,0.972521,1967.0963,3.4146e+08
0.065677,0.974871,1969.6848,2.9229e+08
0.065677,0.975895,1970.8196,2.7128e+08
0.065677,0.977715,1972.8534,2.3478e+08
0.065677,0.980153,1975.6304,1.8799e+08
0.065677,0.982596,1978.5144,1.4428e+08
0.065677,0.985043,1981.5883,1.0467e+08
0.065677,0.987443,1984.9515,7.1030e+07
0.065677,0.988135,1986.0341,6.2502e+07
0.065677,0.990285,1989.9539,3.9687e+07
0.065677,0.992732,1996.8300,2.1332e+07
0.065677,0.995169,2011.6570,9.9841e+06
0.065677,0.997594,2033.7664,3.0668e+06
0.065677,1.000000,2054.6839,6.7369e+03
0.066900,0.000000,300.0000,9.7705e+02
0.066900,0.002877,305.8057,1.5368e+02
0.066900,0.005624,313.0453,8.5553e+02
0.066900,0.008325,320.2157,2.1713e+03
0.066900,0.010993,327.2685,4.0766e+03
0.066900,0.012120,330.2283,5.1221e+03
0.066900,0.014014,335.1910,7.0956e+03
0.066900,0.016618,341.9749,1.0369e+04
0.066900,0.019213,348.6952,1.4314e+04
0.066900,0.021792,355.3385,1.8824e+04
0.066900,0.023858,360.6302,2.3076e+04
0.066900,0.025017,363.5866,2.5659e+04
0.066900,0.027259,369.2860,3.1198e+04
0.066900,0.029793,375.6935,3.8268e+04
0.066900,0.032315,382.0380,4.6201e+04
0.066900,0.034826,388.3246,5.5054e+04
0.066900,0.036369,392.1756,6.0919e+04
0.066900,0.037805,395.7452,6.6926e+04
0.066900,0.040164,401.5956,7.7353e+04
0.066900,0.042644,407.7201,8.9439e+04
0.066900,0.045115,413.7911,1.0303e+05
0.066900,0.047553,419.7632,1.1738e+05
0.066900,0.048816,422.8459,1.2552e+05
0.066900,0.050376,426.6445,1.3608e+05
0.066900,0.052824,432.5848,1.5399e+05
0.066900,0.055264,438.4856,1.7347e+05
0.066900,0.057697,444.3475,1.9465e+05
0.066900,0.059955,449.7642,2.1612e+05
0.066900,0.061219,452.7895,2.2910e+05
0.066900,0.062883,456.7631,2.4684e+05
0.066900,0.065298,462.5130,2.7452e+05
0.066900,0.067708,468.2299,3.0452e+05
0.066900,0.070112,473.9138,3.3701e+05
0.066900,0.072273,479.0065,3.6847e+05
0.066900,0.073521,481.9411,3.8768e+05
0.066900,0.075239,485.9718,4.1568e+05
0.066900,0.077629,491.5625,4.5709e+05
0.066900,0.080014,497.1255,5.0167e+05
0.066900,0.082395,502.6607,5.4954e+05
0.066900,0.084517,507.5797,5.9571e+05
0.066900,0.085749,510.4283,6.2407e+05
0.066900,0.087475,514.4122,6.6507e+05
0.066900,0.089844,519.8643,7.2573e+05
0.066900,0.092210,525.2963,7.8973e+05
0.066900,0.094572,530.7007,8.5922e+05
0.066900,0.096696,535.5470,9.2565e+05
0.066900,0.097927,538.3497,9.6620e+05
0.066900,0.099615,542.1863,1.0240e+06
0.066900,0.101968,547.5206,1.1090e+06
0.066900,0.104318,552.8320,1.2000e+06
0.066900,0.106666,558.1233,1.2962e+06
0.066900,0.108816,562.9563,1.3900e+06
0.066900,0.110071,565.7716,1.4471e+06
0.066900,0.111679,569.3731,1.5231e+06
0.066900,0.114019,574.6009,1.6389e+06
0.066900,0.116357,579.8088,1.7618e+06
0.066900,0.118692,584.9986,1.8911e+06
0.066900,0.120883,589.8531,2.0187e+06
0.066900,0.122194,592.7519,2.0987e+06
0.066900,0.123682,596.0397,2.1919e+06
0.066900,0.126012,601.1731,2.3440e+06
0.066900,0.128340,606.2899,2.5034e+06
0.066900,0.130667,611.3900,2.6704e+06
0.066900,0.132902,616.2781,2.8388e+06
0.066900,0.134306,619.3408,2.9483e+06
0.066900,0.135638,622.2452,3.0550e+06
0.066900,0.137960,627.2942,3.2477e+06
0.066900,0.140281,632.3281,3.4485e+06
0.066900,0.142600,637.3471,3.6576e+06
0.066900,0.144880,642.2679,3.8714e+06
0.066900,0.146415,645.5742,4.0204e+06
0.066900,0.147559,648.0339,4.1342e+06
0.066900,0.149875,653.0071,4.3702e+06
0.066900,0.152191,657.9666,4.6148e+06
0.066900,0.154505,662.9127,4.8681e+06
0.066900,0.156819,667.8455,5.1301e+06
0.066900,0.158519,671.4629,5.3282e+06
0.066900,0.159468,673.4790,5.4409e+06
0.066900,0.161767,678.3563,5.7203e+06
0.066900,0.164079,683.2496,6.0102e+06
0.066900,0.166391,688.1309,6.3091e+06
0.066900,0.168703,693.0003,6.6169e+06
0.066900,0.170529,696.8404,6.8668e+06
0.066900,0.171493,698.8641,6.9999e+06
0.066900,0.173647,703.3799,7.3055e+06
0.066900,0.175958,708.2138,7.6418e+06
0.066900,0.178268,713.0370,7.9872e+06
0.066900,0.180579,717.8496,8.3417e+06
0.066900,0.182521,721.8849,8.6467e+06
0.066900,0.183530,723.9807,8.8069e+06
0.066900,0.185524,728.1121,9.1308e+06
0.066900,0.187835,732.8933,9.5143e+06
0.066900,0.190147,737.6650,9.9070e+06
0.066900,0.192459,742.4276,1.0309e+07
0.066900,0.194501,746.6259,1.0672e+07
0.066900,0.195585,748.8495,1.0868e+07
0.066900,0.197408,752.5867,1.1201e+07
0.066900,0.199722,757.3219,1.1633e+07
0.066900,0.202037,762.0488,1.2075e+07
0.066900,0.204352,766.7678,1.2526e+07
0.066900,0.206479,771.0927,1.2951e+07
0.066900,0.207660,773.4896,1.3190e+07
0.066900,0.209310,776.8357,1.3528e+07
0.066900,0.211628,781.5294,1.4013e+07
0.066900,0.213948,786.2161,1.4508e+07
0.066900,0.216269,790.8960,1.5014e+07
0.066900,0.218465,795.3159,1.5502e+07
0.066900,0.219757,797.9132,1.5795e+07
0.066900,0.221239,800.8865,1.6134e+07
0.066900,0.223564,805.5466,1.6675e+07
0.066900,0.225890,810.1989,1.7229e+07
0.066900,0.228219,814.8451,1.7796e+07
0.066900,0.230468,819.3261,1.8355e+07
0.066900,0.231878,822.1325,1.8709e+07
0.066900,0.233205,824.7675,1.9051e+07
0.066900,0.235539,829.3972,1.9658e+07
0.066900,0.237874,834.0221,2.0277e+07
0.066900,0.240211,838.6399,2.0914e+07
0.066900,0.242501,843.1552,2.1551e+07
0.066900,0.244022,846.1516,2.1980e+07
0.066900,0.245218,848.5047,2.2325e+07
0.066900,0.247562,853.1089,2.3008e+07
0.066900,0.249908,857.7093,2.3706e+07
0.066900,0.252256,862.3037,2.4423e+07
0.066900,0.254575,866.8331,2.5149e+07
0.066900,0.256186,869.9766,2.5660e+07
0.066900,0.257287,872.1204,2.6017e+07
0.066900,0.259643,876.7035,2.6789e+07
0.066900,0.262001,881.2837,2.7579e+07
0.066900,0.264361,885.8577,2.8394e+07
0.066900,0.266703,890.3891,2.9221e+07
0.066900,0.268369,893.6090,2.9816e+07
0.066900,0.269420,895.6348,3.0203e+07
0.066900,0.271788,900.2008,3.1080e+07
0.066900,0.274160,904.7626,3.1982e+07
0.066900,0.276534,909.3205,3.2911e+07
0.066900,0.278898,913.8518,3.3855e+07
0.066900,0.280566,917.0458,3.4534e+07
0.066900,0.281623,919.0656,3.4972e+07
0.066900,0.284006,923.6164,3.5975e+07
0.066900,0.286392,928.1631,3.7010e+07
0.066900,0.288781,932.7097,3.8065e+07
0.066900,0.291171,937.2486,3.9152e+07
0.066900,0.292773,940.2862,3.9896e+07
0.066900,0.293903,942.4267,4.0429e+07
0.066900,0.296302,946.9650,4.1582e+07
0.066900,0.298704,951.5009,4.2766e+07
0.066900,0.301109,956.0350,4.3982e+07
0.066900,0.303517,960.5663,4.5234e+07
0.066900,0.304983,963.3218,4.6011e+07
0.066900,0.306265,965.7285,4.6699e+07
0.066900,0.308681,970.2561,4.8026e+07
0.066900,0.311099,974.7824,4.9387e+07
0.066900,0.313521,979.3063,5.0788e+07
0.066900,0.315946,983.8285,5.2227e+07
0.066900,0.317191,986.1466,5.2981e+07
0.066900,0.318714,988.9799,5.3915e+07
0.066900,0.321146,993.4989,5.5442e+07
0.066900,0.323582,998.0167,5.7008e+07
0.066900,0.326022,1002.5320,5.8623e+07
0.066900,0.328464,1007.0462,6.0279e+07
0.066900,0.329389,1008.7524,6.0917e+07
0.066900,0.331252,1012.1882,6.2223e+07
0.066900,0.333703,1016.6995,6.3980e+07
0.066900,0.336156,1021.2097,6.5784e+07
0.066900,0.338614,1025.7175,6.7642e+07
0.066900,0.341074,1030.2243,6.9548e+07
0.066900,0.341569,1031.1303,6.9935e+07
0.066900,0.343883,1035.3581,7.1785e+07
0.066900,0.346351,1039.8621,7.3806e+07
0.066900,0.348823,1044.3652,7.5879e+07
0.066900,0.351299,1048.8661,7.8014e+07
0.066900,0.353424,1052.7234,7.9889e+07
0.066900,0.354124,1053.9930,8.0514e+07
0.066900,0.356608,1058.4919,8.2772e+07
0.066900,0.359095,1062.9889,8.5094e+07
0.066900,0.361585,1067.4849,8.7475e+07
0.066900,0.364080,1071.9796,8.9918e+07
0.066900,0.365678,1074.8545,9.1517e+07
0.066900,0.366928,1077.1020,9.2789e+07
0.066900,0.369428,1081.5904,9.5372e+07
0.066900,0.371934,1086.0808,9.8027e+07
0.066900,0.374444,1090.5696,1.0075e+08
0.066900,0.376957,1095.0574,1.0355e+08
0.066900,0.377986,1096.8931,1.0471e+08
0.066900,0.379834,1100.1859,1.0683e+08
0.066900,0.382346,1104.6532,1.0978e+08
0.066900,0.384871,1109.1370,1.1280e+08
0.066900,0.387399,1113.6191,1.1591e+08
0.066900,0.389610,1117.5311,1.1869e+08
0.066900,0.390650,1119.3692,1.2001e+08
0.066900,0.392820,1123.2024,1.2282e+08
0.066900,0.395360,1127.6799,1.2618e+08
0.066900,0.397904,1132.1557,1.2962e+08
0.066900,0.400452,1136.6302,1.3315e+08
0.066900,0.402139,1139.5891,1.3553e+08
0.066900,0.403540,1142.0445,1.3753e+08
0.066900,0.405914,1146.1970,1.4098e+08
0.066900,0.408473,1150.6665,1.4479e+08
0.066900,0.411035,1155.1349,1.4868e+08
0.066900,0.413484,1159.3969,1.5248e+08
0.066900,0.414799,1161.6824,1.5455e+08
0.066900,0.416530,1164.6875,1.5732e+08
0.066900,0.419104,1169.1501,1.6150e+08
0.066900,0.421682,1173.6109,1.6579e+08
0.066900,0.424263,1178.0698,1.7017e+08
0.066900,0.426321,1181.6185,1.7374e+08
0.066900,0.427586,1183.7980,1.7595e+08
0.066900,0.429799,1187.6040,1.7988e+08
0.066900,0.432391,1192.0566,1.8459e+08
0.066900,0.434988,1196.5075,1.8939e+08
0.066900,0.437516,1200.8339,1.9416e+08
0.066900,0.439161,1203.6437,1.9732e+08
0.066900,0.440556,1206.0248,2.0002e+08
0.066900,0.443164,1210.4694,2.0517e+08
0.066900,0.445775,1214.9121,2.1041e+08
0.066900,0.448390,1219.3528,2.1577e+08
0.066900,0.450747,1223.3490,2.2069e+08
0.066900,0.451756,1225.0562,2.2283e+08
0.066900,0.453997,1228.8462,2.2762e+08
0.066900,0.456623,1233.2796,2.3333e+08
0.066900,0.459252,1237.7087,2.3915e+08
0.066900,0.461880,1242.1294,2.4509e+08
0.066900,0.463516,1244.8766,2.4884e+08
0.066900,0.464873,1247.1511,2.5198e+08
0.066900,0.467495,1251.5437,2.5813e+08
0.066900,0.470113,1255.9211,2.6438e+08
0.066900,0.472726,1260.2819,2.7073e+08
0.066900,0.475334,1264.6253,2.7718e+08
0.066900,0.475816,1265.4273,2.7839e+08
0.066900,0.478297,1269.5508,2.8464e+08
0.066900,0.480891,1273.8532,2.9129e+08
0.066900,0.483477,1278.1357,2.9802e+08
0.066900,0.486056,1282.3978,3.0485e+08
0.066900,0.487696,1285.1044,3.0924e+08
0.066900,0.488986,1287.2303,3.1274e+08
0.066900,0.491549,1291.4498,3.1975e+08
0.066900,0.494105,1295.6504,3.2685e+08
0.066900,0.496655,1299.8320,3.3404e+08
0.066900,0.499198,1303.9944,3.4132e+08
0.066900,0.499978,1305.2693,3.4358e+08
0.066900,0.502087,1308.7141,3.4973e+08
0.066900,0.504615,1312.8356,3.5719e+08
0.066900,0.507136,1316.9390,3.6473e+08
0.066900,0.509651,1321.0242,3.7236e+08
0.066900,0.511723,1324.3844,3.7873e+08
0.066900,0.512734,1326.0230,3.8185e+08
0.066900,0.515009,1329.7045,3.8896e+08
0.066900,0.517503,1333.7325,3.9685e+08
0.066900,0.519991,1337.7430,4.0482e+08
0.066900,0.522473,1341.7363,4.1287e+08
0.066900,0.524103,1344.3557,4.1821e+08
0.066900,0.525443,1346.5062,4.2263e+08
0.066900,0.527761,1350.2229,4.3035e+08
0.066900,0.530223,1354.1621,4.3864e+08
0.066900,0.532679,1358.0846,4.4701e+08
0.066900,0.535129,1361.9905,4.5545e+08
0.066900,0.536459,1364.1073,4.6008e+08
0.066900,0.537984,1366.5325,4.6541e+08
0.066900,0.540352,1370.2919,4.7376e+08
0.066900,0.542783,1374.1459,4.8243e+08
0.066900,0.545209,1377.9838,4.9117e+08
0.066900,0.547627,1381.8026,4.9997e+08
0.066900,0.548783,1383.6274,5.0420e+08
0.066900,0.550379,1386.1419,5.1009e+08
0.066900,0.552788,1389.9309,5.1904e+08
0.066900,0.555190,1393.7039,5.2806e+08
0.066900,0.557587,1397.4613,5.3713e+08
0.066900,0.559894,1401.0714,5.4595e+08
0.066900,0.561093,1402.9458,5.5056e+08
0.066900,0.562697,1405.4497,5.5676e+08
0.066900,0.565077,1409.1602,5.6603e+08
0.066900,0.567452,1412.8557,5.7535e+08
0.066900,0.569821,1416.5361,5.8473e+08
0.066900,0.572085,1420.0466,5.9377e+08
0.066900,0.573313,1421.9473,5.9870e+08
0.066900,0.574873,1424.3617,6.0499e+08
0.066900,0.577227,1427.9972,6.1454e+08
0.066900,0.579575,1431.6186,6.2414e+08
0.066900,0.581918,1435.2253,6.3379e+08
0.066900,0.584193,1438.7204,6.4322e+08
0.066900,0.585458,1440.6615,6.4851e+08
0.066900,0.586915,1442.8951,6.5460e+08
0.066900,0.589243,1446.4591,6.6439e+08
0.066900,0.591567,1450.0096,6.7423e+08
0.066900,0.593885,1453.5460,6.8411e+08
0.066900,0.596199,1457.0692,6.9403e+08
0.066900,0.597544,1459.1143,6.9982e+08
0.066900,0.598841,1461.0851,7.0542e+08
0.066900,0.601134,1464.5631,7.1537e+08
0.066900,0.603434,1468.0458,7.2540e+08
0.066900,0.605728,1471.5151,7.3546e+08
0.066900,0.608019,1474.9717,7.4556e+08
0.066900,0.609560,1477.2946,7.5238e+08
0.066900,0.610760,1479.1005,7.5770e+08
0.066900,0.612904,1482.3250,7.6725e+08
0.066900,0.615181,1485.7430,7.7743e+08
0.066900,0.617454,1489.1482,7.8764e+08
0.066900,0.619722,1492.5412,7.9786e+08
0.066900,0.621491,1495.1849,8.0587e+08
0.066900,0.622628,1496.8805,8.1103e+08
0.066900,0.624560,1499.7602,8.1981e+08
0.066900,0.626816,1503.1162,8.3010e+08
0.066900,0.629067,1506.4603,8.4040e+08
0.066900,0.631314,1509.7925,8.5071e+08
0.066900,0.633332,1512.7807,8.5999e+08
0.066900,0.634460,1514.4481,8.6520e+08
0.066900,0.636108,1516.8832,8.7281e+08
0.066900,0.638343,1520.1801,8.8315e+08
0.066900,0.640574,1523.4657,8.9349e+08
0.066900,0.642801,1526.7398,9.0384e+08
0.066900,0.645024,1530.0028,9.1420e+08
0.066900,0.646280,1531.8421,9.2005e+08
0.066900,0.647593,1533.7664,9.2618e+08
0.066900,0.649769,1536.9482,9.3634e+08
0.066900,0.651981,1540.1776,9.4668e+08
0.066900,0.654189,1543.3961,9.5702e+08
0.066900,0.656393,1546.6042,9.6735e+08
0.066900,0.658092,1549.0724,9.7531e+08
0.066900,0.659197,1550.6772,9.8049e+08
0.066900,0.661098,1553.4336,9.8941e+08
0.066900,0.663292,1556.6098,9.9970e+08
0.066900,0.665482,1559.7754,1.0100e+09
0.066900,0.667668,1562.9311,1.0202e+09
0.066900,0.669812,1566.0198,1.0303e+09
0.066900,0.670785,1567.4202,1.0348e+09
0.066900,0.672336,1569.6499,1.0421e+09
0.066900,0.674512,1572.7753,1.0523e+09
0.066900,0.676686,1575.8906,1.0624e+09
0.066900,0.678856,1578.9965,1.0725e+09
0.066900,0.681023,1582.0930,1.0826e+09
0.066900,0.682587,1584.3265,1.0899e+09
0.066900,0.683682,1585.8865,1.0950e+09
0.066900,0.685648,1588.6869,1.1041e+09
0.066900,0.687806,1591.7544,1.1141e+09
0.066900,0.689960,1594.8128,1.1240e+09
0.066900,0.692111,1597.8623,1.1339e+09
0.066900,0.694260,1600.9031,1.1437e+09
0.066900,0.695095,1602.0830,1.1476e+09
0.066900,0.696714,1604.3701,1.1549e+09
0.066900,0.698847,1607.3792,1.1646e+09
0.066900,0.700987,1610.3925,1.1743e+09
0.066900,0.703124,1613.3974,1.1840e+09
0.066900,0.705258,1616.3940,1.1935e+09
0.066900,0.706974,1618.7995,1.2012e+09
0.066900,0.707825,1619.9926,1.2050e+09
0.066900,0.709815,1622.7771,1.2138e+09
0.066900,0.711941,1625.7478,1.2232e+09
0.066900,0.714065,1628.7104,1.2325e+09
0.066900,0.716186,1631.6650,1.2417e+09
0.066900,0.718304,1634.6118,1.2509e+09
0.066900,0.719421,1636.1629,1.2557e+09
0.066900,0.720715,1637.9605,1.2613e+09
0.066900,0.722829,1640.8906,1.2703e+09
0.066900,0.724940,1643.8132,1.2792e+09
0.066900,0.727049,1646.7264,1.2880e+09
0.066900,0.729156,1649.6359,1.2967e+09
0.066900,0.731261,1652.5353,1.3054e+09
0.066900,0.731707,1653.1496,1.3072e+09
0.066900,0.733656,1655.8333,1.3152e+09
0.066900,0.735756,1658.7170,1.3236e+09
0.066900,0.737854,1661.5969,1.3320e+09
0.066900,0.739950,1664.4671,1.3402e+09
0.066900,0.742045,1667.3333,1.3484e+09
0.066900,0.743854,1669.8042,1.3553e+09
0.066900,0.744429,1670.5883,1.3575e+09
0.066900,0.746519,1673.4405,1.3654e+09
0.066900,0.748608,1676.2833,1.3732e+09
0.066900,0.750695,1679.1227,1.3809e+09
0.066900,0.752780,1681.9532,1.3884e+09
0.066900,0.754864,1684.7802,1.3959e+09
0.066900,0.756166,1686.5418,1.4005e+09
0.066900,0.757237,1687.9911,1.4042e+09
0.066900,0.759318,1690.8059,1.4114e+09
0.066900,0.761397,1693.6114,1.4184e+09
0.066900,0.763476,1696.4148,1.4253e+09
0.066900,0.765553,1699.2093,1.4320e+09
0.066900,0.767556,1701.9033,1.4384e+09
0.066900,0.768526,1703.2059,1.4414e+09
0.066900,0.769993,1705.1735,1.4459e+09
0.066900,0.772067,1707.9544,1.4522e+09
0.066900,0.774140,1710.7280,1.4583e+09
0.066900,0.776213,1713.4991,1.4643e+09
0.066900,0.778284,1716.2633,1.4700e+09
0.066900,0.780089,1718.6704,1.4749e+09
0.066900,0.780961,1719.8302,1.4772e+09
0.066900,0.782713,1722.1618,1.4818e+09
0.066900,0.784780,1724.9098,1.4870e+09
0.066900,0.786846,1727.6520,1.4920e+09
0.066900,0.788910,1730.3876,1.4969e+09
0.066900,0.790973,1733.1178,1.5015e+09
0.066900,0.792514,1735.1558,1.5048e+09
0.066900,0.793447,1736.3873,1.5068e+09
0.066900,0.795378,1738.9376,1.5108e+09
0.066900,0.797435,1741.6467,1.5147e+09
0.066900,0.799489,1744.3522,1.5185e+09
0.066900,0.801542,1747.0497,1.5220e+09
0.066900,0.803593,1749.7427,1.5254e+09
0.066900,0.804839,1751.3761,1.5272e+09
0.066900,0.805955,1752.8394,1.5289e+09
0.066900,0.807975,1755.4838,1.5316e+09
0.066900,0.810021,1758.1598,1.5343e+09
0.066900,0.812066,1760.8282,1.5365e+09
0.066900,0.814109,1763.4933,1.5387e+09
0.066900,0.816130,1766.1239,1.5404e+09
0.066900,0.817102,1767.3898,1.5412e+09
0.066900,0.818476,1769.1751,1.5421e+09
0.066900,0.820515,1771.8239,1.5434e+09
0.066900,0.822553,1774.4667,1.5443e+09
0.066900,0.824590,1777.1066,1.5451e+09
0.066900,0.826627,1779.7401,1.5454e+09
0.066900,0.828589,1782.2753,1.5455e+09
0.066900,0.829363,1783.2736,1.5454e+09
0.066900,0.830982,1785.3630,1.5452e+09
0.066900,0.833017,1787.9839,1.5446e+09
0.066900,0.835052,1790.6024,1.5438e+09
0.066900,0.837086,1793.2166,1.5425e+09
0.066900,0.839121,1795.8277,1.5410e+09
0.066900,0.841020,1798.2625,1.5393e+09
0.066900,0.841630,1799.0439,1.5386e+09
0.066900,0.843476,1801.4049,1.5365e+09
0.066900,0.845512,1804.0077,1.5339e+09
0.066900,0.847550,1806.6093,1.5310e+09
0.066900,0.849588,1809.2074,1.5275e+09
0.066900,0.851629,1811.8050,1.5238e+09
0.066900,0.853436,1814.1041,1.5202e+09
0.066900,0.853955,1814.7637,1.5191e+09
0.066900,0.856000,1817.3591,1.5144e+09
0.066900,0.858047,1819.9543,1.5094e+09
0.066900,0.860097,1822.5502,1.5040e+09
0.066900,0.862150,1825.1462,1.4982e+09
0.066900,0.864206,1827.7427,1.4918e+09
0.066900,0.865832,1829.7943,1.4865e+09
0.066900,0.866554,1830.7038,1.4840e+09
0.066900,0.868620,1833.3053,1.4768e+09
0.066900,0.870690,1835.9089,1.4690e+09
0.066900,0.872766,1838.5149,1.4606e+09
0.066900,0.874847,1841.1247,1.4518e+09
0.066900,0.876934,1843.7388,1.4425e+09
0.066900,0.878139,1845.2461,1.4369e+09
0.066900,0.879321,1846.7238,1.4312e+09
0.066900,0.881424,1849.3488,1.4207e+09
0.066900,0.883533,1851.9788,1.4095e+09
0.066900,0.885651,1854.6148,1.3978e+09
0.066900,0.887776,1857.2571,1.3855e+09
0.066900,0.889790,1859.7569,1.3732e+09
0.066900,0.890583,1860.7400,1.3683e+09
0.066900,0.892355,1862.9356,1.3569e+09
0.066900,0.894509,1865.6010,1.3425e+09
0.066900,0.896673,1868.2737,1.3274e+09
0.066900,0.898846,1870.9539,1.3115e+09
0.066900,0.901006,1873.6148,1.2951e+09
0.066900,0.902519,1875.4757,1.2833e+09
0.066900,0.903529,1876.7156,1.2751e+09
0.066900,0.905734,1879.4209,1.2569e+09
0.066900,0.907948,1882.1338,1.2378e+09
0.066900,0.910172,1884.8543,1.2179e+09
0.066900,0.912407,1887.5828,1.1972e+09
0.066900,0.914344,1889.9433,1.1786e+09
0.066900,0.915199,1890.9846,1.1702e+09
0.066900,0.917226,1893.4490,1.1498e+09
0.066900,0.919495,1896.2036,1.1263e+09
0.066900,0.921775,1898.9657,1.1018e+09
0.066900,0.924064,1901.7329,1.0763e+09
0.066900,0.926162,1904.2656,1.0522e+09
0.066900,0.927219,1905.5386,1.0398e+09
0.066900,0.928986,1907.6662,1.0187e+09
0.066900,0.931297,1910.4428,9.9019e+08
0.066900,0.933615,1913.2213,9.6076e+08
0.066900,0.935939,1916.0014,9.3036e+08
0.066900,0.938133,1918.6202,9.0079e+08
0.066900,0.939318,1920.0325,8.8450e+08
0.066900,0.940932,1921.9526,8.6194e+08
0.066900,0.943274,1924.7350,8.2842e+08
0.066900,0.945623,1927.5179,7.9391e+08
0.066900,0.947977,1930.3009,7.5843e+08
0.066900,0.950234,1932.9620,7.2359e+08
0.066900,0.951473,1934.4206,7.0413e+08
0.066900,0.953033,1936.2552,6.7931e+08
0.066900,0.955406,1939.0388,6.4085e+08
0.066900,0.957784,1941.8222,6.0155e+08
0.066900,0.960167,1944.6056,5.6141e+08
0.066900,0.962471,1947.2910,5.2196e+08
0.066900,0.963669,1948.6849,5.0126e+08
0.066900,0.965290,1950.5705,4.7300e+08
0.066900,0.967693,1953.3631,4.3075e+08
0.066900,0.970104,1956.1625,3.8804e+08
0.066900,0.972521,1958.9712,3.4506e+08
0.066900,0.974871,1961.7077,3.0333e+08
0.066900,0.975895,1962.9034,2.8523e+08
0.066900,0.977715,1965.0364,2.5327e+08
0.066900,0.980153,1967.9189,2.1115e+08
0.066900,0.982596,1970.8532,1.7016e+08
0.066900,0.985043,1973.8743,1.3093e+08
0.066900,0.987443,1976.9832,9.5021e+07
0.066900,0.988135,1977.9221,8.5275e+07
0.066900,0.990285,1981.0501,5.7264e+07
0.066900,0.992732,1985.3830,3.0818e+07
0.066900,0.995169,1992.4658,1.2701e+07
0.066900,0.997594,2011.7812,3.5684e+06
0.066900,1.000000,2035.6909,5.4556e+03
0.068119,0.000000,300.0000,4.8714e+02
0.068119,0.002877,305.6853,8.6681e+01
0.068119,0.005624,312.8784,4.9591e+02
0.068119,0.008325,320.0167,1.2411e+03
0.068119,0.010993,327.0376,2.3661e+03
0.068119,0.012120,329.9862,2.9609e+03
0.068119,0.014014,334.9259,4.1129e+03
0.068119,0.016618,341.6772,6.0183e+03
0.068119,0.019213,348.3604,8.3381e+03
0.068119,0.021792,354.9589,1.1056e+04
0.068119,0.023858,360.2124,1.3630e+04
0.068119,0.025017,363.1555,1.5092e+04
0.068119,0.027259,368.8223,1.8333e+04
0.068119,0.029793,375.1881,2.2521e+04
0.068119,0.032315,381.4904,2.7210e+04
0.068119,0.034826,387.7335,3.2447e+04
0.068119,0.036369,391.5553,3.5960e+04
0.068119,0.037805,395.1024,3.9435e+04
0.068119,0.040164,400.9062,4.5681e+04
0.068119,0.042644,406.9809,5.2932e+04
0.068119,0.045115,413.0072,6.0901e+04
0.068119,0.047553,418.9277,6.9508e+04
0.068119,0.048816,421.9846,7.4337e+04
0.068119,0.050376,425.7538,8.0508e+04
0.068119,0.052824,431.6446,9.1086e+04
0.068119,0.055264,437.4922,1.0276e+05
0.068119,0.057697,443.3081,1.1512e+05
0.068119,0.059955,448.6790,1.2781e+05
0.068119,0.061219,451.6801,1.3538e+05
0.068119,0.062883,455.6196,1.4583e+05
0.068119,0.065298,461.3183,1.6221e+05
0.068119,0.067708,466.9839,1.7993e+05
0.068119,0.070112,472.6163,1.9909e+05
0.068119,0.072273,477.6617,2.1769e+05
0.068119,0.073521,480.5693,2.2900e+05
0.068119,0.075239,484.5640,2.4533e+05
0.068119,0.077629,490.1018,2.6973e+05
0.068119,0.080014,495.6110,2.9605e+05
0.068119,0.082395,501.0913,3.2442e+05
0.068119,0.084517,505.9617,3.5169e+05
0.068119,0.085749,508.7822,3.6840e+05
0.068119,0.087475,512.7276,3.9245e+05
0.068119,0.089844,518.1257,4.2813e+05
0.068119,0.092210,523.4992,4.6642e+05
0.068119,0.094572,528.8483,5.0744e+05
0.068119,0.096696,533.6442,5.4679e+05
0.068119,0.097927,536.4198,5.7037e+05
0.068119,0.099615,540.2151,6.0490e+05
0.068119,0.101968,545.4957,6.5492e+05
0.068119,0.104318,550.7527,7.0878e+05
0.068119,0.106666,555.9880,7.6619e+05
0.068119,0.108816,560.7701,8.2213e+05
0.068119,0.110071,563.5557,8.5616e+05
0.068119,0.111679,567.1190,9.0163e+05
0.068119,0.114019,572.2903,9.7131e+05
0.068119,0.116357,577.4431,1.0449e+06
0.068119,0.118692,582.5760,1.1232e+06
0.068119,0.120883,587.3778,1.2004e+06
0.068119,0.122194,590.2450,1.2488e+06
0.068119,0.123682,593.4966,1.3055e+06
0.068119,0.126012,598.5742,1.3980e+06
0.068119,0.128340,603.6331,1.4959e+06
0.068119,0.130667,608.6760,1.5986e+06
0.068119,0.132902,613.5102,1.7020e+06
0.068119,0.134306,616.5381,1.7698e+06
0.068119,0.135638,619.4091,1.8360e+06
0.068119,0.137960,624.4018,1.9552e+06
0.068119,0.140281,629.3788,2.0802e+06
0.068119,0.142600,634.3408,2.2109e+06
0.068119,0.144880,639.2053,2.3451e+06
0.068119,0.146415,642.4744,2.4386e+06
0.068119,0.147559,644.9064,2.5101e+06
0.068119,0.149875,649.8227,2.6593e+06
0.068119,0.152191,654.7253,2.8144e+06
0.068119,0.154505,659.6135,2.9760e+06
0.068119,0.156819,664.4895,3.1431e+06
0.068119,0.158519,668.0640,3.2703e+06
0.068119,0.159468,670.0563,3.3427e+06
0.068119,0.161767,674.8763,3.5226e+06
0.068119,0.164079,679.7121,3.7096e+06
0.068119,0.166391,684.5361,3.9029e+06
0.068119,0.168703,689.3483,4.1026e+06
0.068119,0.170529,693.1429,4.2653e+06
0.068119,0.171493,695.1418,4.3525e+06
0.068119,0.173647,699.6042,4.5519e+06
0.068119,0.175958,704.3804,4.7722e+06
0.068119,0.178268,709.1460,4.9990e+06
0.068119,0.180579,713.9012,5.2323e+06
0.068119,0.182521,717.8883,5.4334e+06
0.068119,0.183530,719.9584,5.5395e+06
0.068119,0.185524,724.0405,5.7535e+06
0.068119,0.187835,728.7644,6.0076e+06
0.068119,0.190147,733.4787,6.2685e+06
0.068119,0.192459,738.1836,6.5361e+06
0.068119,0.194501,742.3303,6.7784e+06
0.068119,0.195585,744.5271,6.9090e+06
0.068119,0.197408,748.2196,7.1317e+06
0.068119,0.199722,752.8968,7.4211e+06
0.068119,0.202037,757.5656,7.7175e+06
0.068119,0.204352,762.2263,8.0210e+06
0.068119,0.206479,766.4991,8.3061e+06
0.068119,0.207660,768.8658,8.4677e+06
0.068119,0.209310,772.1710,8.6951e+06
0.068119,0.211628,776.8077,9.0215e+06
0.068119,0.213948,781.4371,9.3555e+06
0.068119,0.216269,786.0595,9.6972e+06
0.068119,0.218465,790.4243,1.0028e+07
0.068119,0.219757,792.9888,1.0226e+07
0.068119,0.221239,795.9260,1.0455e+07
0.068119,0.223564,800.5278,1.0822e+07
0.068119,0.225890,805.1228,1.1197e+07
0.068119,0.228219,809.7117,1.1582e+07
0.068119,0.230468,814.1368,1.1961e+07
0.068119,0.231878,816.9067,1.2203e+07
0.068119,0.233205,819.5108,1.2433e+07
0.068119,0.235539,824.0821,1.2846e+07
0.068119,0.237874,828.6481,1.3268e+07
0.068119,0.240211,833.2090,1.3700e+07
0.068119,0.242501,837.6685,1.4132e+07
0.068119,0.244022,840.6277,1.4423e+07
0.068119,0.245218,842.9512,1.4658e+07
0.068119,0.247562,847.4976,1.5123e+07
0.068119,0.249908,852.0396,1.5598e+07
0.068119,0.252256,856.5774,1.6085e+07
0.068119,0.254575,861.0512,1.6577e+07
0.068119,0.256186,864.1531,1.6927e+07
0.068119,0.257287,866.2723,1.7167e+07
0.068119,0.259643,870.7968,1.7694e+07
0.068119,0.262001,875.3177,1.8234e+07
0.068119,0.264361,879.8352,1.8787e+07
0.068119,0.266703,884.3102,1.9348e+07
0.068119,0.268369,887.4894,1.9754e+07
0.068119,0.269420,889.4898,2.0017e+07
0.068119,0.271788,893.9978,2.0615e+07
0.068119,0.274160,898.5029,2.1227e+07
0.068119,0.276534,903.0041,2.1858e+07
0.068119,0.278898,907.4784,2.2501e+07
0.068119,0.280566,910.6316,2.2964e+07
0.068119,0.281623,912.6261,2.3262e+07
0.068119,0.284006,917.1196,2.3946e+07
0.068119,0.286392,921.6097,2.4649e+07
0.068119,0.288781,926.0977,2.5371e+07
0.068119,0.291171,930.5793,2.6112e+07
0.068119,0.292773,933.5786,2.6619e+07
0.068119,0.293903,935.6920,2.6983e+07
0.068119,0.296302,940.1729,2.7769e+07
0.068119,0.298704,944.6520,2.8576e+07
0.068119,0.301109,949.1284,2.9408e+07
0.068119,0.303517,953.6030,3.0261e+07
0.068119,0.304983,956.3238,3.0792e+07
0.068119,0.306265,958.7000,3.1263e+07
0.068119,0.308681,963.1707,3.2170e+07
0.068119,0.311099,967.6398,3.3101e+07
0.068119,0.313521,972.1071,3.4059e+07
0.068119,0.315946,976.5724,3.5045e+07
0.068119,0.317191,978.8616,3.5560e+07
0.068119,0.318714,981.6592,3.6201e+07
0.068119,0.321146,986.1215,3.7248e+07
0.068119,0.323582,990.5823,3.8324e+07
0.068119,0.326022,995.0416,3.9430e+07
0.068119,0.328464,999.4990,4.0570e+07
0.068119,0.329389,1001.1844,4.1007e+07
0.068119,0.331252,1004.5772,4.1906e+07
0.068119,0.333703,1009.0321,4.3116e+07
0.068119,0.336156,1013.4857,4.4360e+07
0.068119,0.338614,1017.9379,4.5639e+07
0.068119,0.341074,1022.3886,4.6956e+07
0.068119,0.341569,1023.2828,4.7225e+07
0.068119,0.343883,1027.4590,4.8500e+07
0.068119,0.346351,1031.9070,4.9899e+07
0.068119,0.348823,1036.3544,5.1335e+07
0.068119,0.351299,1040.7997,5.2815e+07
0.068119,0.353424,1044.6098,5.4114e+07
0.068119,0.354124,1045.8635,5.4549e+07
0.068119,0.356608,1050.3070,5.6118e+07
0.068119,0.359095,1054.7492,5.7731e+07
0.068119,0.361585,1059.1900,5.9389e+07
0.068119,0.364080,1063.6296,6.1094e+07
0.068119,0.365678,1066.4695,6.2209e+07
0.068119,0.366928,1068.6901,6.3094e+07
0.068119,0.369428,1073.1234,6.4902e+07
0.068119,0.371934,1077.5597,6.6758e+07
0.068119,0.374444,1081.9942,6.8668e+07
0.068119,0.376957,1086.4277,7.0628e+07
0.068119,0.377986,1088.2413,7.1446e+07
0.068119,0.379834,1091.4944,7.2936e+07
0.068119,0.382346,1095.9086,7.5002e+07
0.068119,0.384871,1100.3381,7.7137e+07
0.068119,0.387399,1104.7668,7.9325e+07
0.068119,0.389610,1108.6325,8.1284e+07
0.068119,0.390650,1110.4485,8.2222e+07
0.068119,0.392820,1114.2364,8.4206e+07
0.068119,0.395360,1118.6605,8.6586e+07
0.068119,0.397904,1123.0840,8.9024e+07
0.068119,0.400452,1127.5058,9.1527e+07
0.068119,0.402139,1130.4301,9.3218e+07
0.068119,0.403540,1132.8570,9.4641e+07
0.068119,0.405914,1136.9608,9.7101e+07
0.068119,0.408473,1141.3783,9.9810e+07
0.068119,0.411035,1145.7946,1.0259e+08
0.068119,0.413484,1150.0072,1.0531e+08
0.068119,0.414799,1152.2667,1.0679e+08
0.068119,0.416530,1155.2375,1.0877e+08
0.068119,0.419104,1159.6485,1.1177e+08
0.068119,0.421682,1164.0586,1.1485e+08
0.068119,0.424263,1168.4668,1.1800e+08
0.068119,0.426321,1171.9752,1.2056e+08
0.068119,0.427586,1174.1298,1.2216e+08
0.068119,0.429799,1177.8927,1.2500e+08
0.068119,0.432391,1182.2959,1.2839e+08
0.068119,0.434988,1186.6971,1.3187e+08
0.068119,0.437516,1190.9751,1.3532e+08
0.068119,0.439161,1193.7538,1.3761e+08
0.068119,0.440556,1196.1084,1.3957e+08
0.068119,0.443164,1200.5042,1.4331e+08
0.068119,0.445775,1204.8985,1.4712e+08
0.068119,0.448390,1209.2900,1.5103e+08
0.068119,0.450747,1213.2425,1.5462e+08
0.068119,0.451756,1214.9319,1.5618e+08
0.068119,0.453997,1218.6808,1.5968e+08
0.068119,0.456623,1223.0664,1.6386e+08
0.068119,0.459252,1227.4478,1.6813e+08
0.068119,0.461880,1231.8213,1.7249e+08
0.068119,0.463516,1234.5393,1.7524e+08
0.068119,0.464873,1236.7905,1.7755e+08
0.068119,0.467495,1241.1363,1.8208e+08
0.068119,0.470113,1245.4676,1.8669e+08
0.068119,0.472726,1249.7832,1.9138e+08
0.068119,0.475334,1254.0815,1.9615e+08
0.068119,0.475816,1254.8755,1.9704e+08
0.068119,0.478297,1258.9568,2.0167e+08
0.068119,0.480891,1263.2143,2.0660e+08
0.068119,0.483477,1267.4529,2.1160e+08
0.068119,0.486056,1271.6725,2.1668e+08
0.068119,0.487696,1274.3514,2.1995e+08
0.068119,0.488986,1276.4562,2.2256e+08
0.068119,0.491549,1280.6336,2.2779e+08
0.068119,0.494105,1284.7924,2.3309e+08
0.068119,0.496655,1288.9319,2.3847e+08
0.068119,0.499198,1293.0534,2.4392e+08
0.068119,0.499978,1294.3168,2.4561e+08
0.068119,0.502087,1297.7279,2.5022e+08
0.068119,0.504615,1301.8091,2.5583e+08
0.068119,0.507136,1305.8727,2.6150e+08
0.068119,0.509651,1309.9190,2.6725e+08
0.068119,0.511723,1313.2472,2.7205e+08
0.068119,0.512734,1314.8695,2.7441e+08
0.068119,0.515009,1318.5162,2.7978e+08
0.068119,0.517503,1322.5066,2.8574e+08
0.068119,0.519991,1326.4802,2.9177e+08
0.068119,0.522473,1330.4361,2.9788e+08
0.068119,0.524103,1333.0311,3.0193e+08
0.068119,0.525443,1335.1618,3.0529e+08
0.068119,0.527761,1338.8446,3.1116e+08
0.068119,0.530223,1342.7480,3.1746e+08
0.068119,0.532679,1346.6345,3.2384e+08
0.068119,0.535129,1350.5051,3.3028e+08
0.068119,0.536459,1352.6038,3.3381e+08
0.068119,0.537984,1355.0070,3.3788e+08
0.068119,0.540352,1358.7334,3.4427e+08
0.068119,0.542783,1362.5533,3.5091e+08
0.068119,0.545209,1366.3575,3.5761e+08
0.068119,0.547627,1370.1431,3.6436e+08
0.068119,0.548783,1371.9522,3.6762e+08
0.068119,0.550379,1374.4456,3.7214e+08
0.068119,0.552788,1378.2021,3.7902e+08
0.068119,0.555190,1381.9428,3.8597e+08
0.068119,0.557587,1385.6682,3.9297e+08
0.068119,0.559894,1389.2481,3.9977e+08
0.068119,0.561093,1391.1069,4.0333e+08
0.068119,0.562697,1393.5900,4.0812e+08
0.068119,0.565077,1397.2700,4.1529e+08
0.068119,0.567452,1400.9349,4.2252e+08
0.068119,0.569821,1404.5850,4.2979e+08
0.068119,0.572085,1408.0672,4.3681e+08
0.068119,0.573313,1409.9536,4.4063e+08
0.068119,0.574873,1412.3476,4.4552e+08
0.068119,0.577227,1415.9545,4.5295e+08
0.068119,0.579575,1419.5474,4.6042e+08
0.068119,0.581918,1423.1255,4.6794e+08
0.068119,0.584193,1426.5932,4.7530e+08
0.068119,0.585458,1428.5200,4.7942e+08
0.068119,0.586915,1430.7359,4.8418e+08
0.068119,0.589243,1434.2726,4.9184e+08
0.068119,0.591567,1437.7961,4.9953e+08
0.068119,0.593885,1441.3060,5.0726e+08
0.068119,0.596199,1444.8030,5.1503e+08
0.068119,0.597544,1446.8325,5.1958e+08
0.068119,0.598841,1448.7887,5.2398e+08
0.068119,0.601134,1452.2410,5.3179e+08
0.068119,0.603434,1455.6981,5.3967e+08
0.068119,0.605728,1459.1422,5.4759e+08
0.068119,0.608019,1462.5739,5.5554e+08
0.068119,0.609560,1464.8801,5.6091e+08
0.068119,0.610760,1466.6737,5.6510e+08
0.068119,0.612904,1469.8754,5.7263e+08
0.068119,0.615181,1473.2692,5.8067e+08
0.068119,0.617454,1476.6505,5.8873e+08
0.068119,0.619722,1480.0198,5.9682e+08
0.068119,0.621491,1482.6454,6.0315e+08
0.068119,0.622628,1484.3294,6.0723e+08
0.068119,0.624560,1487.1893,6.1419e+08
0.068119,0.626816,1490.5226,6.2234e+08
0.068119,0.629067,1493.8442,6.3051e+08
0.068119,0.631314,1497.1543,6.3869e+08
0.068119,0.633332,1500.1227,6.4607e+08
0.068119,0.634460,1501.7798,6.5020e+08
0.068119,0.636108,1504.1990,6.5625e+08
0.068119,0.638343,1507.4744,6.6447e+08
0.068119,0.640574,1510.7386,6.7271e+08
0.068119,0.642801,1513.9918,6.8095e+08
0.068119,0.645024,1517.2343,6.8921e+08
0.068119,0.646280,1519.0630,6.9387e+08
0.068119,0.647593,1520.9743,6.9876e+08
0.068119,0.649769,1524.1364,7.0687e+08
0.068119,0.651981,1527.3463,7.1514e+08
0.068119,0.654189,1530.5454,7.2340e+08
0.068119,0.656393,1533.7344,7.3166e+08
0.068119,0.658092,1536.1867,7.3803e+08
0.068119,0.659197,1537.7808,7.4218e+08
0.068119,0.661098,1540.5235,7.4931e+08
0.068119,0.663292,1543.6791,7.5756e+08
0.068119,0.665482,1546.8281,7.6579e+08
0.068119,0.667668,1549.9643,7.7402e+08
0.068119,0.669812,1553.0368,7.8208e+08
0.068119,0.670785,1554.4275,7.8574e+08
0.068119,0.672336,1556.6457,7.9157e+08
0.068119,0.674512,1559.7539,7.9975e+08
0.068119,0.676686,1562.8523,8.0791e+08
0.068119,0.678856,1565.9411,8.1605e+08
0.068119,0.681023,1569.0216,8.2418e+08
0.068119,0.682587,1571.2427,8.3003e+08
0.068119,0.683682,1572.7942,8.3412e+08
0.068119,0.685648,1575.5818,8.4147e+08
0.068119,0.687806,1578.6318,8.4951e+08
0.068119,0.689960,1581.6765,8.5753e+08
0.068119,0.692111,1584.7088,8.6551e+08
0.068119,0.694260,1587.7359,8.7347e+08
0.068119,0.695095,1588.9092,8.7654e+08
0.068119,0.696714,1591.1848,8.8251e+08
0.068119,0.698847,1594.1799,8.9035e+08
0.068119,0.700987,1597.1786,8.9819e+08
0.068119,0.703124,1600.1694,9.0598e+08
0.068119,0.705258,1603.1523,9.1374e+08
0.068119,0.706974,1605.5471,9.1994e+08
0.068119,0.707825,1606.7343,9.2301e+08
0.068119,0.709815,1609.5076,9.3018e+08
0.068119,0.711941,1612.4638,9.3777e+08
0.068119,0.714065,1615.4154,9.4534e+08
0.068119,0.716186,1618.3558,9.5283e+08
0.068119,0.718304,1621.2919,9.6029e+08
0.068119,0.719421,1622.8358,9.6418e+08
0.068119,0.720715,1624.6255,9.6869e+08
0.068119,0.722829,1627.5445,9.7602e+08
0.068119,0.724940,1630.4556,9.8328e+08
0.068119,0.727049,1633.3597,9.9047e+08
0.068119,0.729156,1636.2571,9.9760e+08
0.068119,0.731261,1639.1468,1.0047e+09
0.068119,0.731707,1639.7589,1.0061e+09
0.068119,0.733656,1642.4327,1.0126e+09
0.068119,0.735756,1645.3066,1.0195e+09
0.068119,0.737854,1648.1767,1.0264e+09
0.068119,0.739950,1651.0375,1.0331e+09
0.068119,0.742045,1653.8941,1.0398e+09
0.068119,0.743854,1656.3573,1.0455e+09
0.068119,0.744429,1657.1396,1.0473e+09
0.068119,0.746519,1659.9815,1.0538e+09
0.068119,0.748608,1662.8179,1.0602e+09
0.068119,0.750695,1665.6472,1.0665e+09
0.068119,0.752780,1668.4724,1.0727e+09
0.068119,0.754864,1671.2894,1.0788e+09
0.068119,0.756166,1673.0479,1.0826e+09
0.068119,0.757237,1674.4942,1.0857e+09
0.068119,0.759318,1677.2998,1.0916e+09
0.068119,0.761397,1680.1006,1.0974e+09
0.068119,0.763476,1682.8963,1.1031e+09
0.068119,0.765553,1685.6860,1.1086e+09
0.068119,0.767556,1688.3739,1.1139e+09
0.068119,0.768526,1689.6745,1.1164e+09
0.068119,0.769993,1691.6386,1.1202e+09
0.068119,0.772067,1694.4139,1.1254e+09
0.068119,0.774140,1697.1839,1.1305e+09
0.068119,0.776213,1699.9495,1.1355e+09
0.068119,0.778284,1702.7115,1.1403e+09
0.068119,0.780089,1705.1137,1.1444e+09
0.068119,0.780961,1706.2731,1.1463e+09
0.068119,0.782713,1708.6025,1.1502e+09
0.068119,0.784780,1711.3474,1.1546e+09
0.068119,0.786846,1714.0870,1.1588e+09
0.068119,0.788910,1716.8216,1.1630e+09
0.068119,0.790973,1719.5489,1.1669e+09
0.068119,0.792514,1721.5873,1.1698e+09
0.068119,0.793447,1722.8183,1.1714e+09
0.068119,0.795378,1725.3664,1.1748e+09
0.068119,0.797435,1728.0764,1.1782e+09
0.068119,0.799489,1730.7821,1.1816e+09
0.068119,0.801542,1733.4801,1.1846e+09
0.068119,0.803593,1736.1740,1.1875e+09
0.068119,0.804839,1737.8086,1.1892e+09
0.068119,0.805955,1739.2729,1.1907e+09
0.068119,0.807975,1741.9191,1.1932e+09
0.068119,0.810021,1744.5971,1.1955e+09
0.068119,0.812066,1747.2694,1.1977e+09
0.068119,0.814109,1749.9367,1.1996e+09
0.068119,0.816130,1752.5730,1.2014e+09
0.068119,0.817102,1753.8395,1.2021e+09
0.068119,0.818476,1755.6288,1.2031e+09
0.068119,0.820515,1758.2820,1.2044e+09
0.068119,0.822553,1760.9318,1.2055e+09
0.068119,0.824590,1763.5765,1.2064e+09
0.068119,0.826627,1766.2177,1.2070e+09
0.068119,0.828589,1768.7603,1.2075e+09
0.068119,0.829363,1769.7614,1.2075e+09
0.068119,0.830982,1771.8568,1.2076e+09
0.068119,0.833017,1774.4868,1.2075e+09
0.068119,0.835052,1777.1144,1.2072e+09
0.068119,0.837086,1779.7390,1.2066e+09
0.068119,0.839121,1782.3607,1.2057e+09
0.068119,0.841020,1784.8055,1.2047e+09
0.068119,0.841630,1785.5906,1.2043e+09
0.068119,0.843476,1787.9635,1.2031e+09
0.068119,0.845512,1790.5790,1.2013e+09
0.068119,0.847550,1793.1933,1.1994e+09
0.068119,0.849588,1795.8069,1.1971e+09
0.068119,0.851629,1798.4200,1.1946e+09
0.068119,0.853436,1800.7323,1.1920e+09
0.068119,0.853955,1801.3964,1.1913e+09
0.068119,0.856000,1804.0091,1.1880e+09
0.068119,0.858047,1806.6225,1.1845e+09
0.068119,0.860097,1809.2372,1.1807e+09
0.068119,0.862150,1811.8530,1.1765e+09
0.068119,0.864206,1814.4706,1.1719e+09
0.068119,0.865832,1816.5389,1.1681e+09
0.068119,0.866554,1817.4566,1.1663e+09
0.068119,0.868620,1820.0808,1.1610e+09
0.068119,0.870690,1822.7087,1.1554e+09
0.068119,0.872766,1825.3406,1.1493e+09
0.068119,0.874847,1827.9772,1.1429e+09
0.068119,0.876934,1830.6187,1.1360e+09
0.068119,0.878139,1832.1427,1.1318e+09
0.068119,0.879321,1833.6370,1.1277e+09
0.068119,0.881424,1836.2926,1.1199e+09
0.068119,0.883533,1838.9550,1.1116e+09
0.068119,0.885651,1841.6248,1.1029e+09
0.068119,0.887776,1844.3025,1.0938e+09
0.068119,0.889790,1846.8370,1.0847e+09
0.068119,0.890583,1847.8344,1.0810e+09
0.068119,0.892355,1850.0622,1.0725e+09
0.068119,0.894509,1852.7684,1.0617e+09
0.068119,0.896673,1855.4837,1.0505e+09
0.068119,0.898846,1858.2086,1.0386e+09
0.068119,0.901006,1860.9158,1.0264e+09
0.068119,0.902519,1862.8099,1.0174e+09
0.068119,0.903529,1864.0732,1.0113e+09
0.068119,0.905734,1866.8301,9.9766e+08
0.068119,0.907948,1869.5970,9.8336e+08
0.068119,0.910172,1872.3741,9.6845e+08
0.068119,0.912407,1875.1619,9.5288e+08
0.068119,0.914344,1877.5757,9.3889e+08
0.068119,0.915199,1878.6411,9.3257e+08
0.068119,0.917226,1881.1646,9.1727e+08
0.068119,0.919495,1883.9879,8.9952e+08
0.068119,0.921775,1886.8218,8.8107e+08
0.068119,0.924064,1889.6645,8.6191e+08
0.068119,0.926162,1892.2694,8.4374e+08
0.068119,0.927219,1893.5797,8.3440e+08
0.068119,0.928986,1895.7716,8.1844e+08
0.068119,0.931297,1898.6356,7.9700e+08
0.068119,0.933615,1901.5055,7.7481e+08
0.068119,0.935939,1904.3814,7.5185e+08
0.068119,0.938133,1907.0948,7.2955e+08
0.068119,0.939318,1908.5598,7.1725e+08
0.068119,0.940932,1910.5535,7.0015e+08
0.068119,0.943274,1913.4472,6.7483e+08
0.068119,0.945623,1916.3467,6.4874e+08
0.068119,0.947977,1919.2519,6.2189e+08
0.068119,0.950234,1922.0356,5.9553e+08
0.068119,0.951473,1923.5639,5.8079e+08
0.068119,0.953033,1925.4885,5.6198e+08
0.068119,0.955406,1928.4145,5.3278e+08
0.068119,0.957784,1931.3472,5.0291e+08
0.068119,0.960167,1934.2873,4.7234e+08
0.068119,0.962471,1937.1312,4.4225e+08
0.068119,0.963669,1938.6102,4.2640e+08
0.068119,0.965290,1940.6140,4.0476e+08
0.068119,0.967693,1943.5885,3.7225e+08
0.068119,0.970104,1946.5781,3.3926e+08
0.068119,0.972521,1949.5851,3.0584e+08
0.068119,0.974871,1952.5206,2.7316e+08
0.068119,0.975895,1953.8045,2.5890e+08
0.068119,0.977715,1956.0960,2.3354e+08
0.068119,0.980153,1959.1907,1.9972e+08
0.068119,0.982596,1962.3306,1.6623e+08
0.068119,0.985043,1965.5355,1.3340e+08
0.068119,0.987443,1968.7723,1.0230e+08
0.068119,0.988135,1969.7303,9.3607e+07
0.068119,0.990285,1972.8153,6.7685e+07
0.068119,0.992732,1976.6688,4.0868e+07
0.068119,0.995169,1981.4220,1.8621e+07
0.068119,0.997594,1990.9638,4.3726e+06
0.068119,1.000000,2016.8246,4.2672e+03
0.069335,0.000000,300.0000,4.6368e+03
0.069335,0.002877,305.6147,4.8650e+01
0.069335,0.005624,312.7484,2.8122e+02
0.069335,0.008325,319.8354,7.1563e+02
0.069335,0.010993,326.8148,1.3518e+03
0.069335,0.012120,329.7462,1.6924e+03
0.069335,0.014014,334.6563,2.3544e+03
0.069335,0.016618,341.3649,3.4539e+03
0.069335,0.019213,348.0019,4.8042e+03
0.069335,0.021792,354.5533,6.3853e+03
0.069335,0.023858,359.7788,7.8065e+03
0.069335,0.025017,362.6885,8.7371e+03
0.069335,0.027259,368.3145,1.0594e+04
0.069335,0.029793,374.6334,1.2997e+04
0.069335,0.032315,380.8929,1.5663e+04
0.069335,0.034826,387.0863,1.8706e+04
0.069335,0.036369,390.8799,2.0715e+04
0.069335,0.037805,394.3955,2.2764e+04
0.069335,0.040164,400.1531,2.6365e+04
0.069335,0.042644,406.1780,3.0550e+04
0.069335,0.045115,412.1531,3.5164e+04
0.069335,0.047553,418.0206,4.0182e+04
0.069335,0.048816,421.0546,4.2904e+04
0.069335,0.050376,424.7845,4.6604e+04
0.069335,0.052824,430.6220,5.2757e+04
0.069335,0.055264,436.4201,5.9435e+04
0.069335,0.057697,442.1802,6.6646e+04
0.069335,0.059955,447.4957,7.4139e+04
0.069335,0.061219,450.4718,7.8418e+04
0.069335,0.062883,454.3688,8.4648e+04
0.069335,0.065298,460.0152,9.4072e+04
0.069335,0.067708,465.6283,1.0426e+05
0.069335,0.070112,471.2086,1.1530e+05
0.069335,0.072273,476.2045,1.2613e+05
0.069335,0.073521,479.0833,1.3273e+05
0.069335,0.075239,483.0374,1.4230e+05
0.069335,0.077629,488.5207,1.5646e+05
0.069335,0.080014,493.9753,1.7174e+05
0.069335,0.082395,499.3997,1.8828e+05
0.069335,0.084517,504.2216,2.0407e+05
0.069335,0.085749,507.0131,2.1380e+05
0.069335,0.087475,510.9155,2.2800e+05
0.069335,0.089844,516.2583,2.4874e+05
0.069335,0.092210,521.5763,2.7101e+05
0.069335,0.094572,526.8695,2.9489e+05
0.069335,0.096696,531.6150,3.1784e+05
0.069335,0.097927,534.3607,3.3167e+05
0.069335,0.099615,538.1155,3.5184e+05
0.069335,0.101968,543.3368,3.8142e+05
0.069335,0.104318,548.5365,4.1302e+05
0.069335,0.106666,553.7147,4.4673e+05
0.069335,0.108816,558.4454,4.7949e+05
0.069335,0.110071,561.1992,4.9974e+05
0.069335,0.111679,564.7251,5.2628e+05
0.069335,0.114019,569.8402,5.6741e+05
0.069335,0.116357,574.9357,6.1115e+05
0.069335,0.118692,580.0117,6.5768e+05
0.069335,0.120883,584.7597,7.0377e+05
0.069335,0.122194,587.5955,7.3260e+05
0.069335,0.123682,590.8106,7.6658e+05
0.069335,0.126012,595.8296,8.2240e+05
0.069335,0.128340,600.8322,8.8122e+05
0.069335,0.130667,605.8174,9.4340e+05
0.069335,0.132902,610.5959,1.0063e+06
0.069335,0.134306,613.5896,1.0475e+06
0.069335,0.135638,616.4283,1.0877e+06
0.069335,0.137960,621.3623,1.1610e+06
0.069335,0.140281,626.2821,1.2377e+06
0.069335,0.142600,631.1858,1.3184e+06
0.069335,0.144880,635.9939,1.4014e+06
0.069335,0.146415,639.2245,1.4595e+06
0.069335,0.147559,641.6288,1.5038e+06
0.069335,0.149875,646.4876,1.5970e+06
0.069335,0.152191,651.3325,1.6942e+06
0.069335,0.154505,656.1640,1.7956e+06
0.069335,0.156819,660.9820,1.9014e+06
0.069335,0.158519,664.5147,1.9819e+06
0.069335,0.159468,666.4829,2.0281e+06
0.069335,0.161767,671.2459,2.1425e+06
0.069335,0.164079,676.0245,2.2618e+06
0.069335,0.166391,680.7900,2.3862e+06
0.069335,0.168703,685.5442,2.5148e+06
0.069335,0.170529,689.2936,2.6197e+06
0.069335,0.171493,691.2686,2.6761e+06
0.069335,0.173647,695.6770,2.8056e+06
0.069335,0.175958,700.3957,2.9489e+06
0.069335,0.178268,705.1041,3.0967e+06
0.069335,0.180579,709.8019,3.2493e+06
0.069335,0.182521,713.7405,3.3814e+06
0.069335,0.183530,715.7844,3.4517e+06
0.069335,0.185524,719.8170,3.5927e+06
0.069335,0.187835,724.4834,3.7605e+06
0.069335,0.190147,729.1404,3.9332e+06
0.069335,0.192459,733.7871,4.1114e+06
0.069335,0.194501,737.8832,4.2727e+06
0.069335,0.195585,740.0530,4.3598e+06
0.069335,0.197408,743.6993,4.5089e+06
0.069335,0.199722,748.3191,4.7025e+06
0.069335,0.202037,752.9307,4.9012e+06
0.069335,0.204352,757.5337,5.1053e+06
0.069335,0.206479,761.7535,5.2974e+06
0.069335,0.207660,764.0915,5.4061e+06
0.069335,0.209310,767.3550,5.5600e+06
0.069335,0.211628,771.9340,5.7808e+06
0.069335,0.213948,776.5058,6.0069e+06
0.069335,0.216269,781.0706,6.2386e+06
0.069335,0.218465,785.3811,6.4630e+06
0.069335,0.219757,787.9144,6.5976e+06
0.069335,0.221239,790.8146,6.7533e+06
0.069335,0.223564,795.3584,7.0033e+06
0.069335,0.225890,799.8960,7.2592e+06
0.069335,0.228219,804.4275,7.5211e+06
0.069335,0.230468,808.7975,7.7799e+06
0.069335,0.231878,811.5332,7.9448e+06
0.069335,0.233205,814.1035,8.1027e+06
0.069335,0.235539,818.6176,8.3847e+06
0.069335,0.237874,823.1264,8.6733e+06
0.069335,0.240211,827.6300,8.9688e+06
0.069335,0.242501,832.0333,9.2649e+06
0.069335,0.244022,834.9542,9.4651e+06
0.069335,0.245218,837.2496,9.6249e+06
0.069335,0.247562,841.7384,9.9433e+06
0.069335,0.249908,846.2227,1.0269e+07
0.069335,0.252256,850.7027,1.0603e+07
0.069335,0.254575,855.1193,1.0941e+07
0.069335,0.256186,858.1829,1.1181e+07
0.069335,0.257287,860.2746,1.1346e+07
0.069335,0.259643,864.7423,1.1706e+07
0.069335,0.262001,869.2062,1.2076e+07
0.069335,0.264361,873.6665,1.2455e+07
0.069335,0.266703,878.0845,1.2841e+07
0.069335,0.268369,881.2227,1.3120e+07
0.069335,0.269420,883.1989,1.3299e+07
0.069335,0.271788,887.6492,1.3709e+07
0.069335,0.274160,892.0963,1.4131e+07
0.069335,0.276534,896.5404,1.4563e+07
0.069335,0.278898,900.9575,1.5004e+07
0.069335,0.280566,904.0705,1.5322e+07
0.069335,0.281623,906.0395,1.5527e+07
0.069335,0.284006,910.4753,1.5996e+07
0.069335,0.286392,914.9085,1.6479e+07
0.069335,0.288781,919.3392,1.6974e+07
0.069335,0.291171,923.7635,1.7482e+07
0.069335,0.292773,926.7243,1.7831e+07
0.069335,0.293903,928.8110,1.8080e+07
0.069335,0.296302,933.2349,1.8619e+07
0.069335,0.298704,937.6564,1.9174e+07
0.069335,0.301109,942.0758,1.9745e+07
0.069335,0.303517,946.4933,2.0331e+07
0.069335,0.304983,949.1793,2.0696e+07
0.069335,0.306265,951.5250,2.1020e+07
0.069335,0.308681,955.9390,2.1643e+07
0.069335,0.311099,960.3512,2.2283e+07
0.069335,0.313521,964.7614,2.2942e+07
0.069335,0.315946,969.1698,2.3620e+07
0.069335,0.317191,971.4297,2.3975e+07
0.069335,0.318714,974.1917,2.4417e+07
0.069335,0.321146,978.5973,2.5137e+07
0.069335,0.323582,983.0014,2.5879e+07
0.069335,0.326022,987.4041,2.6642e+07
0.069335,0.328464,991.8049,2.7428e+07
0.069335,0.329389,993.4683,2.7731e+07
0.069335,0.331252,996.8183,2.8351e+07
0.069335,0.333703,1001.2167,2.9187e+07
0.069335,0.336156,1005.6140,3.0047e+07
0.069335,0.338614,1010.0100,3.0931e+07
0.069335,0.341074,1014.4041,3.1843e+07
0.069335,0.341569,1015.2873,3.2029e+07
0.069335,0.343883,1019.4102,3.2914e+07
0.069335,0.346351,1023.8024,3.3884e+07
0.069335,0.348823,1028.1936,3.4881e+07
0.069335,0.351299,1032.5833,3.5908e+07
0.069335,0.353424,1036.3452,3.6813e+07
0.069335,0.354124,1037.5832,3.7115e+07
0.069335,0.356608,1041.9709,3.8208e+07
0.069335,0.359095,1046.3575,3.9331e+07
0.069335,0.361585,1050.7428,4.0488e+07
0.069335,0.364080,1055.1267,4.1679e+07
0.069335,0.365678,1057.9311,4.2458e+07
0.069335,0.366928,1060.1239,4.3078e+07
0.069335,0.369428,1064.5024,4.4341e+07
0.069335,0.371934,1068.8833,4.5642e+07
0.069335,0.374444,1073.2629,4.6982e+07
0.069335,0.376957,1077.6415,4.8357e+07
0.069335,0.377986,1079.4328,4.8932e+07
0.069335,0.379834,1082.6458,4.9979e+07
0.069335,0.382346,1087.0050,5.1435e+07
0.069335,0.384871,1091.3804,5.2938e+07
0.069335,0.387399,1095.7548,5.4481e+07
0.069335,0.389610,1099.5727,5.5867e+07
0.069335,0.390650,1101.3669,5.6528e+07
0.069335,0.392820,1105.1080,5.7933e+07
0.069335,0.395360,1109.4787,5.9616e+07
0.069335,0.397904,1113.8482,6.1345e+07
0.069335,0.400452,1118.2163,6.3123e+07
0.069335,0.402139,1121.1051,6.4324e+07
0.069335,0.403540,1123.5023,6.5338e+07
0.069335,0.405914,1127.5572,6.7085e+07
0.069335,0.408473,1131.9212,6.9018e+07
0.069335,0.411035,1136.2847,7.1000e+07
0.069335,0.413484,1140.4469,7.2942e+07
0.069335,0.414799,1142.6793,7.4003e+07
0.069335,0.416530,1145.6145,7.5421e+07
0.069335,0.419104,1149.9734,7.7571e+07
0.069335,0.421682,1154.3308,7.9778e+07
0.069335,0.424263,1158.6872,8.2042e+07
0.069335,0.426321,1162.1543,8.3885e+07
0.069335,0.427586,1164.2833,8.5036e+07
0.069335,0.429799,1168.0023,8.7080e+07
0.069335,0.432391,1172.3536,8.9529e+07
0.069335,0.434988,1176.7039,9.2036e+07
0.069335,0.437516,1180.9319,9.4539e+07
0.069335,0.439161,1183.6785,9.6195e+07
0.069335,0.440556,1186.0057,9.7618e+07
0.069335,0.443164,1190.3511,1.0032e+08
0.069335,0.445775,1194.6943,1.0310e+08
0.069335,0.448390,1199.0362,1.0594e+08
0.069335,0.450747,1202.9433,1.0855e+08
0.069335,0.451756,1204.6136,1.0969e+08
0.069335,0.453997,1208.3198,1.1224e+08
0.069335,0.456623,1212.6561,1.1530e+08
0.069335,0.459252,1216.9876,1.1842e+08
0.069335,0.461880,1221.3125,1.2161e+08
0.069335,0.463516,1224.0001,1.2363e+08
0.069335,0.464873,1226.2258,1.2533e+08
0.069335,0.467495,1230.5234,1.2866e+08
0.069335,0.470113,1234.8070,1.3205e+08
0.069335,0.472726,1239.0745,1.3550e+08
0.069335,0.475334,1243.3263,1.3902e+08
0.069335,0.475816,1244.1112,1.3968e+08
0.069335,0.478297,1248.1475,1.4310e+08
0.069335,0.480891,1252.3593,1.4675e+08
0.069335,0.483477,1256.5520,1.5045e+08
0.069335,0.486056,1260.7258,1.5422e+08
0.069335,0.487696,1263.3762,1.5665e+08
0.069335,0.488986,1265.4588,1.5858e+08
0.069335,0.491549,1269.5912,1.6247e+08
0.069335,0.494105,1273.7058,1.6642e+08
0.069335,0.496655,1277.8018,1.7043e+08
0.069335,0.499198,1281.8801,1.7450e+08
0.069335,0.499978,1283.1297,1.7577e+08
0.069335,0.502087,1286.5052,1.7922e+08
0.069335,0.504615,1290.5444,1.8341e+08
0.069335,0.507136,1294.5659,1.8766e+08
0.069335,0.509651,1298.5702,1.9198e+08
0.069335,0.511723,1301.8644,1.9558e+08
0.069335,0.512734,1303.4702,1.9736e+08
0.069335,0.515009,1307.0798,2.0140e+08
0.069335,0.517503,1311.0298,2.0589e+08
0.069335,0.519991,1314.9627,2.1044e+08
0.069335,0.522473,1318.8796,2.1505e+08
0.069335,0.524103,1321.4482,2.1811e+08
0.069335,0.525443,1323.5579,2.2066e+08
0.069335,0.527761,1327.2042,2.2510e+08
0.069335,0.530223,1331.0688,2.2988e+08
0.069335,0.532679,1334.9174,2.3472e+08
0.069335,0.535129,1338.7507,2.3961e+08
0.069335,0.536459,1340.8284,2.4229e+08
0.069335,0.537984,1343.2082,2.4540e+08
0.069335,0.540352,1346.8986,2.5026e+08
0.069335,0.542783,1350.6821,2.5532e+08
0.069335,0.545209,1354.4500,2.6043e+08
0.069335,0.547627,1358.2000,2.6559e+08
0.069335,0.548783,1359.9914,2.6808e+08
0.069335,0.550379,1362.4612,2.7154e+08
0.069335,0.552788,1366.1825,2.7682e+08
0.069335,0.555190,1369.8889,2.8213e+08
0.069335,0.557587,1373.5796,2.8751e+08
0.069335,0.559894,1377.1263,2.9273e+08
0.069335,0.561093,1378.9678,2.9547e+08
0.069335,0.562697,1381.4283,2.9916e+08
0.069335,0.565077,1385.0744,3.0468e+08
0.069335,0.567452,1388.7064,3.1025e+08
0.069335,0.569821,1392.3242,3.1585e+08
0.069335,0.572085,1395.7750,3.2127e+08
0.069335,0.573313,1397.6441,3.2422e+08
0.069335,0.574873,1400.0171,3.2801e+08
0.069335,0.577227,1403.5921,3.3375e+08
0.069335,0.579575,1407.1529,3.3954e+08
0.069335,0.581918,1410.6999,3.4537e+08
0.069335,0.584193,1414.1378,3.5108e+08
0.069335,0.585458,1416.0476,3.5428e+08
0.069335,0.586915,1418.2448,3.5797e+08
0.069335,0.589243,1421.7509,3.6393e+08
0.069335,0.591567,1425.2445,3.6991e+08
0.069335,0.593885,1428.7228,3.7595e+08
0.069335,0.596199,1432.1910,3.8200e+08
0.069335,0.597544,1434.2031,3.8554e+08
0.069335,0.598841,1436.1438,3.8897e+08
0.069335,0.601134,1439.5665,3.9507e+08
0.069335,0.603434,1442.9961,4.0122e+08
0.069335,0.605728,1446.4112,4.0742e+08
0.069335,0.608019,1449.8146,4.1364e+08
0.069335,0.609560,1452.1024,4.1784e+08
0.069335,0.610760,1453.8819,4.2112e+08
0.069335,0.612904,1457.0567,4.2703e+08
0.069335,0.615181,1460.4235,4.3333e+08
0.069335,0.617454,1463.7788,4.3965e+08
0.069335,0.619722,1467.1205,4.4601e+08
0.069335,0.621491,1469.7269,4.5098e+08
0.069335,0.622628,1471.3969,4.5419e+08
0.069335,0.624560,1474.2349,4.5966e+08
0.069335,0.626816,1477.5418,4.6608e+08
0.069335,0.629067,1480.8395,4.7251e+08
0.069335,0.631314,1484.1227,4.7896e+08
0.069335,0.633332,1487.0693,4.8478e+08
0.069335,0.634460,1488.7131,4.8804e+08
0.069335,0.636108,1491.1150,4.9281e+08
0.069335,0.638343,1494.3649,4.9931e+08
0.069335,0.640574,1497.6061,5.0581e+08
0.069335,0.642801,1500.8347,5.1233e+08
0.069335,0.645024,1504.0535,5.1886e+08
0.069335,0.646280,1505.8686,5.2255e+08
0.069335,0.647593,1507.7678,5.2641e+08
0.069335,0.649769,1510.9057,5.3284e+08
0.069335,0.651981,1514.0931,5.3939e+08
0.069335,0.654189,1517.2695,5.4593e+08
0.069335,0.656393,1520.4355,5.5249e+08
0.069335,0.658092,1522.8729,5.5754e+08
0.069335,0.659197,1524.4562,5.6083e+08
0.069335,0.661098,1527.1773,5.6650e+08
0.069335,0.663292,1530.3135,5.7305e+08
0.069335,0.665482,1533.4400,5.7959e+08
0.069335,0.667668,1536.5556,5.8613e+08
0.069335,0.669812,1539.6076,5.9254e+08
0.069335,0.670785,1540.9891,5.9545e+08
0.069335,0.672336,1543.1924,6.0009e+08
0.069335,0.674512,1546.2798,6.0660e+08
0.069335,0.676686,1549.3588,6.1310e+08
0.069335,0.678856,1552.4266,6.1959e+08
0.069335,0.681023,1555.4876,6.2606e+08
0.069335,0.682587,1557.6938,6.3073e+08
0.069335,0.683682,1559.2368,6.3399e+08
0.069335,0.685648,1562.0043,6.3985e+08
0.069335,0.687806,1565.0383,6.4627e+08
0.069335,0.689960,1568.0607,6.5266e+08
0.069335,0.692111,1571.0767,6.5904e+08
0.069335,0.694260,1574.0836,6.6538e+08
0.069335,0.695095,1575.2519,6.6785e+08
0.069335,0.696714,1577.5124,6.7261e+08
0.069335,0.698847,1580.4903,6.7888e+08
0.069335,0.700987,1583.4703,6.8514e+08
0.069335,0.703124,1586.4437,6.9137e+08
0.069335,0.705258,1589.4092,6.9757e+08
0.069335,0.706974,1591.7897,7.0253e+08
0.069335,0.707825,1592.9705,7.0499e+08
0.069335,0.709815,1595.7275,7.1072e+08
0.069335,0.711941,1598.6677,7.1680e+08
0.069335,0.714065,1601.6009,7.2284e+08
0.069335,0.716186,1604.5276,7.2885e+08
0.069335,0.718304,1607.4453,7.3481e+08
0.069335,0.719421,1608.9826,7.3794e+08
0.069335,0.720715,1610.7626,7.4155e+08
0.069335,0.722829,1613.6655,7.4741e+08
0.069335,0.724940,1616.5610,7.5322e+08
0.069335,0.727049,1619.4513,7.5900e+08
0.069335,0.729156,1622.3323,7.6470e+08
0.069335,0.731261,1625.2081,7.7036e+08
0.069335,0.731707,1625.8170,7.7155e+08
0.069335,0.733656,1628.4768,7.7674e+08
0.069335,0.735756,1631.3370,7.8226e+08
0.069335,0.737854,1634.1924,7.8775e+08
0.069335,0.739950,1637.0406,7.9315e+08
0.069335,0.742045,1639.8826,7.9850e+08
0.069335,0.743854,1642.3359,8.0308e+08
0.069335,0.744429,1643.1144,8.0452e+08
0.069335,0.746519,1645.9428,8.0971e+08
0.069335,0.748608,1648.7661,8.1484e+08
0.069335,0.750695,1651.5842,8.1992e+08
0.069335,0.752780,1654.3953,8.2489e+08
0.069335,0.754864,1657.2021,8.2980e+08
0.069335,0.756166,1658.9520,8.3282e+08
0.069335,0.757237,1660.3930,8.3530e+08
0.069335,0.759318,1663.1872,8.4003e+08
0.069335,0.761397,1665.9773,8.4469e+08
0.069335,0.763476,1668.7618,8.4925e+08
0.069335,0.765553,1671.5412,8.5372e+08
0.069335,0.767556,1674.2192,8.5798e+08
0.069335,0.768526,1675.5148,8.5998e+08
0.069335,0.769993,1677.4725,8.6300e+08
0.069335,0.772067,1680.2375,8.6718e+08
0.069335,0.774140,1682.9991,8.7128e+08
0.069335,0.776213,1685.7554,8.7525e+08
0.069335,0.778284,1688.5079,8.7913e+08
0.069335,0.780089,1690.9042,8.8244e+08
0.069335,0.780961,1692.0596,8.8399e+08
0.069335,0.782713,1694.3818,8.8707e+08
0.069335,0.784780,1697.1192,8.9060e+08
0.069335,0.786846,1699.8521,8.9403e+08
0.069335,0.788910,1702.5788,8.9732e+08
0.069335,0.790973,1705.3000,9.0048e+08
0.069335,0.792514,1707.3334,9.0280e+08
0.069335,0.793447,1708.5618,9.0413e+08
0.069335,0.795378,1711.1047,9.0686e+08
0.069335,0.797435,1713.8091,9.0961e+08
0.069335,0.799489,1716.5090,9.1225e+08
0.069335,0.801542,1719.2036,9.1476e+08
0.069335,0.803593,1721.8925,9.1709e+08
0.069335,0.804839,1723.5255,9.1848e+08
0.069335,0.805955,1724.9866,9.1963e+08
0.069335,0.807975,1727.6306,9.2166e+08
0.069335,0.810021,1730.3051,9.2355e+08
0.069335,0.812066,1732.9748,9.2527e+08
0.069335,0.814109,1735.6405,9.2687e+08
0.069335,0.816130,1738.2748,9.2829e+08
0.069335,0.817102,1739.5410,9.2889e+08
0.069335,0.818476,1741.3296,9.2971e+08
0.069335,0.820515,1743.9823,9.3077e+08
0.069335,0.822553,1746.6316,9.3167e+08
0.069335,0.824590,1749.2775,9.3242e+08
0.069335,0.826627,1751.9194,9.3294e+08
0.069335,0.828589,1754.4628,9.3328e+08
0.069335,0.829363,1755.4652,9.3338e+08
0.069335,0.830982,1757.5621,9.3348e+08
0.069335,0.833017,1760.1954,9.3347e+08
0.069335,0.835052,1762.8259,9.3323e+08
0.069335,0.837086,1765.4541,9.3278e+08
0.069335,0.839121,1768.0807,9.3214e+08
0.069335,0.841020,1770.5302,9.3139e+08
0.069335,0.841630,1771.3170,9.3108e+08
0.069335,0.843476,1773.6950,9.3011e+08
0.069335,0.845512,1776.3174,9.2882e+08
0.069335,0.847550,1778.9389,9.2728e+08
0.069335,0.849588,1781.5602,9.2552e+08
0.069335,0.851629,1784.1817,9.2355e+08
0.069335,0.853436,1786.5030,9.2162e+08
0.069335,0.853955,1787.1692,9.2100e+08
0.069335,0.856000,1789.7926,9.1852e+08
0.069335,0.858047,1792.4173,9.1580e+08
0.069335,0.860097,1795.0437,9.1280e+08
0.069335,0.862150,1797.6724,9.0953e+08
0.069335,0.864206,1800.3040,9.0599e+08
0.069335,0.865832,1802.3839,9.0300e+08
0.069335,0.866554,1803.3070,9.0163e+08
0.069335,0.868620,1805.9471,8.9750e+08
0.069335,0.870690,1808.5918,8.9307e+08
0.069335,0.872766,1811.2416,8.8835e+08
0.069335,0.874847,1813.8973,8.8332e+08
0.069335,0.876934,1816.5593,8.7797e+08
0.069335,0.878139,1818.0958,8.7476e+08
0.069335,0.879321,1819.6023,8.7148e+08
0.069335,0.881424,1822.2810,8.6542e+08
0.069335,0.883533,1824.9679,8.5902e+08
0.069335,0.885651,1827.6635,8.5225e+08
0.069335,0.887776,1830.3685,8.4513e+08
0.069335,0.889790,1832.9302,8.3806e+08
0.069335,0.890583,1833.9384,8.3515e+08
0.069335,0.892355,1836.1918,8.2855e+08
0.069335,0.894509,1838.9304,8.2018e+08
0.069335,0.896673,1841.6800,8.1140e+08
0.069335,0.898846,1844.4407,8.0210e+08
0.069335,0.901006,1847.1857,7.9264e+08
0.069335,0.902519,1849.1074,7.8564e+08
0.069335,0.903529,1850.3895,7.8097e+08
0.069335,0.905734,1853.1892,7.7030e+08
0.069335,0.907948,1856.0011,7.5930e+08
0.069335,0.910172,1858.8257,7.4773e+08
0.069335,0.912407,1861.6635,7.3567e+08
0.069335,0.914344,1864.1228,7.2484e+08
0.069335,0.915199,1865.2089,7.1997e+08
0.069335,0.917226,1867.7828,7.0811e+08
0.069335,0.919495,1870.6654,6.9441e+08
0.069335,0.921775,1873.5620,6.8014e+08
0.069335,0.924064,1876.4706,6.6535e+08
0.069335,0.926162,1879.1390,6.5134e+08
0.069335,0.927219,1880.4823,6.4414e+08
0.069335,0.928986,1882.7314,6.3178e+08
0.069335,0.931297,1885.6732,6.1527e+08
0.069335,0.933615,1888.6253,5.9820e+08
0.069335,0.935939,1891.5878,5.8057e+08
0.069335,0.938133,1894.3871,5.6346e+08
0.069335,0.939318,1895.8999,5.5407e+08
0.069335,0.940932,1897.9616,5.4098e+08
0.069335,0.943274,1900.9577,5.2161e+08
0.069335,0.945623,1903.9655,5.0166e+08
0.069335,0.947977,1906.9857,4.8114e+08
0.069335,0.950234,1909.8853,4.6103e+08
0.069335,0.951473,1911.4798,4.4979e+08
0.069335,0.953033,1913.4907,4.3546e+08
0.069335,0.955406,1916.5541,4.1328e+08
0.069335,0.957784,1919.6329,3.9057e+08
0.069335,0.960167,1922.7278,3.6740e+08
0.069335,0.962471,1925.7306,3.4460e+08
0.069335,0.963669,1927.2958,3.3261e+08
0.069335,0.965290,1929.4210,3.1623e+08
0.069335,0.967693,1932.5848,2.9169e+08
0.069335,0.970104,1935.7766,2.6679e+08
0.069335,0.972521,1939.0000,2.4160e+08
0.069335,0.974871,1942.1598,2.1698e+08
0.069335,0.975895,1943.5462,2.0623e+08
0.069335,0.977715,1946.0269,1.8713e+08
0.069335,0.980153,1949.3900,1.6163e+08
0.069335,0.982596,1952.8169,1.3633e+08
0.069335,0.985043,1956.3271,1.1145e+08
0.069335,0.987443,1959.8716,8.7709e+07
0.069335,0.988135,1960.9188,8.1040e+07
0.069335,0.990285,1964.2687,6.0969e+07
0.069335,0.992732,1968.3409,3.9691e+07
0.069335,0.995169,1972.9281,2.0956e+07
0.069335,0.997594,1979.0014,6.2843e+06
0.069335,1.000000,1998.4015,3.0151e+03
0.070548,0.000000,300.0000,-1.2784e+03
0.070548,0.002877,305.4870,2.7537e+01
0.070548,0.005624,312.5715,1.6346e+02
0.070548,0.008325,319.6081,4.2181e+02
0.070548,0.010993,326.5310,8.0876e+02
0.070548,0.012120,329.4452,9.9616e+02
0.070548,0.014014,334.3148,1.4009e+03
0.070548,0.016618,340.9828,2.0327e+03
0.070548,0.019213,347.5740,2.8260e+03
0.070548,0.021792,354.0770,3.7593e+03
0.070548,0.023858,359.2594,4.6125e+03
0.070548,0.025017,362.1519,5.1382e+03
0.070548,0.027259,367.7283,6.2567e+03
0.070548,0.029793,373.9966,7.6743e+03
0.070548,0.032315,380.2035,9.2455e+03
0.070548,0.034826,386.3447,1.1035e+04
0.070548,0.036369,390.1040,1.2237e+04
0.070548,0.037805,393.5903,1.3441e+04
0.070548,0.040164,399.3076,1.5499e+04
0.070548,0.042644,405.2827,1.7961e+04
0.070548,0.045115,411.2080,2.0670e+04
0.070548,0.047553,417.0260,2.3616e+04
0.070548,0.048816,420.0319,2.5242e+04
0.070548,0.050376,423.7320,2.7387e+04
0.070548,0.052824,429.5176,3.1015e+04
0.070548,0.055264,435.2619,3.4981e+04
0.070548,0.057697,440.9661,3.9304e+04
0.070548,0.059955,446.2376,4.3651e+04
0.070548,0.061219,449.1822,4.6253e+04
0.070548,0.062883,453.0473,4.9853e+04
0.070548,0.065298,458.6416,5.5404e+04
0.070548,0.067708,464.1967,6.1555e+04
0.070548,0.070112,469.7191,6.8201e+04
0.070548,0.072273,474.6692,7.4544e+04
0.070548,0.073521,477.5173,7.8535e+04
0.070548,0.075239,481.4382,8.4037e+04
0.070548,0.077629,486.8626,9.2615e+04
0.070548,0.080014,492.2667,1.0159e+05
0.070548,0.082395,497.6395,1.1138e+05
0.070548,0.084517,502.4138,1.2078e+05
0.070548,0.085749,505.1773,1.2660e+05
0.070548,0.087475,509.0408,1.3507e+05
0.070548,0.089844,514.3303,1.4744e+05
0.070548,0.092210,519.5951,1.6071e+05
0.070548,0.094572,524.8351,1.7496e+05
0.070548,0.096696,529.5319,1.8871e+05
0.070548,0.097927,532.2464,1.9720e+05
0.070548,0.099615,535.9640,2.0921e+05
0.070548,0.101968,541.1310,2.2700e+05
0.070548,0.104318,546.2764,2.4604e+05
0.070548,0.106666,551.4001,2.6639e+05
0.070548,0.108816,556.0801,2.8626e+05
0.070548,0.110071,558.8071,2.9828e+05
0.070548,0.111679,562.2925,3.1467e+05
0.070548,0.114019,567.3525,3.3965e+05
0.070548,0.116357,572.3933,3.6626e+05
0.070548,0.118692,577.4151,3.9458e+05
0.070548,0.120883,582.1132,4.2258e+05
0.070548,0.122194,584.9184,4.4027e+05
0.070548,0.123682,588.0992,4.6107e+05
0.070548,0.126012,593.0642,4.9538e+05
0.070548,0.128340,598.0121,5.3172e+05
0.070548,0.130667,602.9433,5.7018e+05
0.070548,0.132902,607.6697,6.0922e+05
0.070548,0.134306,610.6305,6.3485e+05
0.070548,0.135638,613.4378,6.6002e+05
0.070548,0.137960,618.3177,7.0586e+05
0.070548,0.140281,623.1827,7.5409e+05
0.070548,0.142600,628.0328,8.0485e+05
0.070548,0.144880,632.7869,8.5749e+05
0.070548,0.146415,635.9816,8.9437e+05
0.070548,0.147559,638.3586,9.2265e+05
0.070548,0.149875,643.1635,9.8194e+05
0.070548,0.152191,647.9536,1.0443e+06
0.070548,0.154505,652.7313,1.1094e+06
0.070548,0.156819,657.4951,1.1777e+06
0.070548,0.158519,660.9879,1.2299e+06
0.070548,0.159468,662.9347,1.2597e+06
0.070548,0.161767,667.6437,1.3342e+06
0.070548,0.164079,672.3674,1.4125e+06
0.070548,0.166391,677.0794,1.4939e+06
0.070548,0.168703,681.7795,1.5786e+06
0.070548,0.170529,685.4859,1.6480e+06
0.070548,0.171493,687.4384,1.6853e+06
0.070548,0.173647,691.7963,1.7713e+06
0.070548,0.175958,696.4609,1.8668e+06
0.070548,0.178268,701.1153,1.9656e+06
0.070548,0.180579,705.7582,2.0683e+06
0.070548,0.182521,709.6515,2.1572e+06
0.070548,0.183530,711.6726,2.2044e+06
0.070548,0.185524,715.6584,2.2998e+06
0.070548,0.187835,720.2706,2.4137e+06
0.070548,0.190147,724.8735,2.5311e+06
0.070548,0.192459,729.4663,2.6527e+06
0.070548,0.194501,733.5147,2.7631e+06
0.070548,0.195585,735.6597,2.8227e+06
0.070548,0.197408,739.2636,2.9251e+06
0.070548,0.199722,743.8290,3.0585e+06
0.070548,0.202037,748.3865,3.1957e+06
0.070548,0.204352,752.9362,3.3368e+06
0.070548,0.206479,757.1063,3.4701e+06
0.070548,0.207660,759.4174,3.5454e+06
0.070548,0.209310,762.6425,3.6525e+06
0.070548,0.211628,767.1683,3.8061e+06
0.070548,0.213948,771.6857,3.9643e+06
0.070548,0.216269,776.1964,4.1265e+06
0.070548,0.218465,780.4561,4.2838e+06
0.070548,0.219757,782.9598,4.3781e+06
0.070548,0.221239,785.8256,4.4875e+06
0.070548,0.223564,790.3154,4.6634e+06
0.070548,0.225890,794.7993,4.8437e+06
0.070548,0.228219,799.2774,5.0283e+06
0.070548,0.230468,803.5958,5.2109e+06
0.070548,0.231878,806.2984,5.3278e+06
0.070548,0.233205,808.8391,5.4390e+06
0.070548,0.235539,813.2993,5.6387e+06
0.070548,0.237874,817.7544,5.8431e+06
0.070548,0.240211,822.2045,6.0526e+06
0.070548,0.242501,826.5556,6.2625e+06
0.070548,0.244022,829.4411,6.4049e+06
0.070548,0.245218,831.7095,6.5181e+06
0.070548,0.247562,836.1445,6.7445e+06
0.070548,0.249908,840.5751,6.9763e+06
0.070548,0.252256,845.0015,7.2138e+06
0.070548,0.254575,849.3654,7.4539e+06
0.070548,0.256186,852.3926,7.6242e+06
0.070548,0.257287,854.4592,7.7416e+06
0.070548,0.259643,858.8736,7.9982e+06
0.070548,0.262001,863.2840,8.2614e+06
0.070548,0.264361,867.6909,8.5313e+06
0.070548,0.266703,872.0560,8.8056e+06
0.070548,0.268369,875.1559,9.0047e+06
0.070548,0.269420,877.1085,9.1321e+06
0.070548,0.271788,881.5052,9.4245e+06
0.070548,0.274160,885.8988,9.7244e+06
0.070548,0.276534,890.2894,1.0032e+07
0.070548,0.278898,894.6534,1.0346e+07
0.070548,0.280566,897.7288,1.0573e+07
0.070548,0.281623,899.6741,1.0718e+07
0.070548,0.284006,904.0564,1.1053e+07
0.070548,0.286392,908.4361,1.1396e+07
0.070548,0.288781,912.8132,1.1749e+07
0.070548,0.291171,917.1841,1.2111e+07
0.070548,0.292773,920.1095,1.2359e+07
0.070548,0.293903,922.1710,1.2536e+07
0.070548,0.296302,926.5413,1.2920e+07
0.070548,0.298704,930.9095,1.3315e+07
0.070548,0.301109,935.2756,1.3722e+07
0.070548,0.303517,939.6397,1.4139e+07
0.070548,0.304983,942.2933,1.4399e+07
0.070548,0.306265,944.6107,1.4630e+07
0.070548,0.308681,948.9714,1.5073e+07
0.070548,0.311099,953.3302,1.5529e+07
0.070548,0.313521,957.6872,1.5999e+07
0.070548,0.315946,962.0426,1.6482e+07
0.070548,0.317191,964.2752,1.6735e+07
0.070548,0.318714,967.0040,1.7049e+07
0.070548,0.321146,971.3565,1.7563e+07
0.070548,0.323582,975.7074,1.8092e+07
0.070548,0.326022,980.0568,1.8637e+07
0.070548,0.328464,984.4047,1.9197e+07
0.070548,0.329389,986.0481,1.9414e+07
0.070548,0.331252,989.3577,1.9857e+07
0.070548,0.333703,993.7033,2.0454e+07
0.070548,0.336156,998.0475,2.1068e+07
0.070548,0.338614,1002.3904,2.1701e+07
0.070548,0.341074,1006.7321,2.2353e+07
0.070548,0.341569,1007.6043,2.2487e+07
0.070548,0.343883,1011.6779,2.3120e+07
0.070548,0.346351,1016.0175,2.3815e+07
0.070548,0.348823,1020.3559,2.4530e+07
0.070548,0.351299,1024.6931,2.5267e+07
0.070548,0.353424,1028.4099,2.5916e+07
0.070548,0.354124,1029.6331,2.6133e+07
0.070548,0.356608,1033.9684,2.6918e+07
0.070548,0.359095,1038.3026,2.7726e+07
0.070548,0.361585,1042.6356,2.8558e+07
0.070548,0.364080,1046.9673,2.9415e+07
0.070548,0.365678,1049.7384,2.9977e+07
0.070548,0.366928,1051.9051,3.0423e+07
0.070548,0.369428,1056.2315,3.1335e+07
0.070548,0.371934,1060.5603,3.2274e+07
0.070548,0.374444,1064.8880,3.3242e+07
0.070548,0.376957,1069.2146,3.4238e+07
0.070548,0.377986,1070.9847,3.4653e+07
0.070548,0.379834,1074.1597,3.5411e+07
0.070548,0.382346,1078.4676,3.6467e+07
0.070548,0.384871,1082.7914,3.7557e+07
0.070548,0.387399,1087.1140,3.8678e+07
0.070548,0.389610,1090.8876,3.9683e+07
0.070548,0.390650,1092.6605,4.0165e+07
0.070548,0.392820,1096.3579,4.1187e+07
0.070548,0.395360,1100.6773,4.2413e+07
0.070548,0.397904,1104.9959,4.3674e+07
0.070548,0.400452,1109.3131,4.4971e+07
0.070548,0.402139,1112.1684,4.5848e+07
0.070548,0.403540,1114.5377,4.6589e+07
0.070548,0.405914,1118.5452,4.7869e+07
0.070548,0.408473,1122.8588,4.9284e+07
0.070548,0.411035,1127.1716,5.0738e+07
0.070548,0.413484,1131.2861,5.2162e+07
0.070548,0.414799,1133.4928,5.2941e+07
0.070548,0.416530,1136.3942,5.3984e+07
0.070548,0.419104,1140.7029,5.5566e+07
0.070548,0.421682,1145.0104,5.7191e+07
0.070548,0.424263,1149.3169,5.8861e+07
0.070548,0.426321,1152.7446,6.0221e+07
0.070548,0.427586,1154.8495,6.1071e+07
0.070548,0.429799,1158.5259,6.2584e+07
0.070548,0.432391,1162.8280,6.4395e+07
0.070548,0.434988,1167.1289,6.6254e+07
0.070548,0.437516,1171.3095,6.8109e+07
0.070548,0.439161,1174.0253,6.9338e+07
0.070548,0.440556,1176.3263,7.0396e+07
0.070548,0.443164,1180.6226,7.2411e+07
0.070548,0.445775,1184.9174,7.4476e+07
0.070548,0.448390,1189.2107,7.6592e+07
0.070548,0.450747,1193.0747,7.8543e+07
0.070548,0.451756,1194.7260,7.9391e+07
0.070548,0.453997,1198.3918,8.1299e+07
0.070548,0.456623,1202.6796,8.3585e+07
0.070548,0.459252,1206.9638,8.5926e+07
0.070548,0.461880,1211.2410,8.8318e+07
0.070548,0.463516,1213.8992,8.9835e+07
0.070548,0.464873,1216.1006,9.1108e+07
0.070548,0.467495,1220.3519,9.3608e+07
0.070548,0.470113,1224.5884,9.6163e+07
0.070548,0.472726,1228.8100,9.8767e+07
0.070548,0.475334,1233.0157,1.0142e+08
0.070548,0.475816,1233.7923,1.0192e+08
0.070548,0.478297,1237.7854,1.0450e+08
0.070548,0.480891,1241.9521,1.0726e+08
0.070548,0.483477,1246.0999,1.1007e+08
0.070548,0.486056,1250.2295,1.1292e+08
0.070548,0.487696,1252.8517,1.1477e+08
0.070548,0.488986,1254.9123,1.1623e+08
0.070548,0.491549,1259.0013,1.1919e+08
0.070548,0.494105,1263.0724,1.2220e+08
0.070548,0.496655,1267.1260,1.2525e+08
0.070548,0.499198,1271.1615,1.2835e+08
0.070548,0.499978,1272.3982,1.2932e+08
0.070548,0.502087,1275.7386,1.3195e+08
0.070548,0.504615,1279.7361,1.3516e+08
0.070548,0.507136,1283.7162,1.3841e+08
0.070548,0.509651,1287.6794,1.4172e+08
0.070548,0.511723,1290.9398,1.4448e+08
0.070548,0.512734,1292.5295,1.4584e+08
0.070548,0.515009,1296.1024,1.4894e+08
0.070548,0.517503,1300.0121,1.5240e+08
0.070548,0.519991,1303.9058,1.5590e+08
0.070548,0.522473,1307.7828,1.5945e+08
0.070548,0.524103,1310.3259,1.6181e+08
0.070548,0.525443,1312.4147,1.6377e+08
0.070548,0.527761,1316.0246,1.6720e+08
0.070548,0.530223,1319.8509,1.7089e+08
0.070548,0.532679,1323.6617,1.7463e+08
0.070548,0.535129,1327.4568,1.7842e+08
0.070548,0.536459,1329.5145,1.8050e+08
0.070548,0.537984,1331.8710,1.8291e+08
0.070548,0.540352,1335.5248,1.8668e+08
0.070548,0.542783,1339.2711,1.9062e+08
0.070548,0.545209,1343.0029,1.9459e+08
0.070548,0.547627,1346.7173,1.9860e+08
0.070548,0.548783,1348.4908,2.0054e+08
0.070548,0.550379,1350.9380,2.0323e+08
0.070548,0.552788,1354.6230,2.0735e+08
0.070548,0.555190,1358.2938,2.1150e+08
0.070548,0.557587,1361.9506,2.1569e+08
0.070548,0.559894,1365.4642,2.1977e+08
0.070548,0.561093,1367.2880,2.2192e+08
0.070548,0.562697,1369.7253,2.2480e+08
0.070548,0.565077,1373.3375,2.2913e+08
0.070548,0.567452,1376.9364,2.3349e+08
0.070548,0.569821,1380.5209,2.3788e+08
0.070548,0.572085,1383.9395,2.4214e+08
0.070548,0.573313,1385.7926,2.4445e+08
0.070548,0.574873,1388.1429,2.4744e+08
0.070548,0.577227,1391.6858,2.5195e+08
0.070548,0.579575,1395.2150,2.5650e+08
0.070548,0.581918,1398.7295,2.6110e+08
0.070548,0.584193,1402.1366,2.6560e+08
0.070548,0.585458,1404.0296,2.6812e+08
0.070548,0.586915,1406.2077,2.7103e+08
0.070548,0.589243,1409.6829,2.7573e+08
0.070548,0.591567,1413.1449,2.8047e+08
0.070548,0.593885,1416.5946,2.8523e+08
0.070548,0.596199,1420.0325,2.9002e+08
0.070548,0.597544,1422.0270,2.9283e+08
0.070548,0.598841,1423.9503,2.9555e+08
0.070548,0.601134,1427.3440,3.0038e+08
0.070548,0.603434,1430.7439,3.0526e+08
0.070548,0.605728,1434.1305,3.1018e+08
0.070548,0.608019,1437.5045,3.1512e+08
0.070548,0.609560,1439.7740,3.1845e+08
0.070548,0.610760,1441.5364,3.2107e+08
0.070548,0.612904,1444.6867,3.2576e+08
0.070548,0.615181,1448.0242,3.3079e+08
0.070548,0.617454,1451.3506,3.3583e+08
0.070548,0.619722,1454.6666,3.4088e+08
0.070548,0.621491,1457.2489,3.4485e+08
0.070548,0.622628,1458.9076,3.4741e+08
0.070548,0.624560,1461.7208,3.5178e+08
0.070548,0.626816,1465.0016,3.5690e+08
0.070548,0.629067,1468.2714,3.6204e+08
0.070548,0.631314,1471.5287,3.6720e+08
0.070548,0.633332,1474.4513,3.7185e+08
0.070548,0.634460,1476.0822,3.7446e+08
0.070548,0.636108,1478.4647,3.7827e+08
0.070548,0.638343,1481.6890,3.8348e+08
0.070548,0.640574,1484.9032,3.8869e+08
0.070548,0.642801,1488.1079,3.9391e+08
0.070548,0.645024,1491.3009,3.9915e+08
0.070548,0.646280,1493.1021,4.0211e+08
0.070548,0.647593,1494.9844,4.0521e+08
0.070548,0.649769,1498.0999,4.1037e+08
0.070548,0.651981,1501.2623,4.1562e+08
0.070548,0.654189,1504.4135,4.2088e+08
0.070548,0.656393,1507.5560,4.2615e+08
0.070548,0.658092,1509.9739,4.3021e+08
0.070548,0.659197,1511.5459,4.3286e+08
0.070548,0.661098,1514.2461,4.3742e+08
0.070548,0.663292,1517.3585,4.4268e+08
0.070548,0.665482,1520.4619,4.4795e+08
0.070548,0.667668,1523.5540,4.5321e+08
0.070548,0.669812,1526.5820,4.5838e+08
0.070548,0.670785,1527.9542,4.6072e+08
0.070548,0.672336,1530.1418,4.6446e+08
0.070548,0.674512,1533.2061,4.6971e+08
0.070548,0.676686,1536.2613,4.7495e+08
0.070548,0.678856,1539.3086,4.8018e+08
0.070548,0.681023,1542.3461,4.8539e+08
0.070548,0.682587,1544.5371,4.8916e+08
0.070548,0.683682,1546.0681,4.9179e+08
0.070548,0.685648,1548.8168,4.9652e+08
0.070548,0.687806,1551.8279,5.0170e+08
0.070548,0.689960,1554.8296,5.0686e+08
0.070548,0.692111,1557.8242,5.1200e+08
0.070548,0.694260,1560.8104,5.1713e+08
0.070548,0.695095,1561.9694,5.1911e+08
0.070548,0.696714,1564.2151,5.2296e+08
0.070548,0.698847,1567.1712,5.2802e+08
0.070548,0.700987,1570.1325,5.3308e+08
0.070548,0.703124,1573.0844,5.3811e+08
0.070548,0.705258,1576.0295,5.4311e+08
0.070548,0.706974,1578.3947,5.4712e+08
0.070548,0.707825,1579.5677,5.4911e+08
0.070548,0.709815,1582.3050,5.5373e+08
0.070548,0.711941,1585.2258,5.5864e+08
0.070548,0.714065,1588.1403,5.6352e+08
0.070548,0.716186,1591.0465,5.6837e+08
0.070548,0.718304,1593.9456,5.7318e+08
0.070548,0.719421,1595.4727,5.7570e+08
0.070548,0.720715,1597.2411,5.7862e+08
0.070548,0.722829,1600.1257,5.8335e+08
0.070548,0.724940,1603.0024,5.8804e+08
0.070548,0.727049,1605.8732,5.9269e+08
0.070548,0.729156,1608.7377,5.9730e+08
0.070548,0.731261,1611.5944,6.0186e+08
0.070548,0.731707,1612.1999,6.0282e+08
0.070548,0.733656,1614.8421,6.0700e+08
0.070548,0.735756,1617.6862,6.1146e+08
0.070548,0.737854,1620.5231,6.1587e+08
0.070548,0.739950,1623.3539,6.2023e+08
0.070548,0.742045,1626.1795,6.2454e+08
0.070548,0.743854,1628.6172,6.2821e+08
0.070548,0.744429,1629.3914,6.2938e+08
0.070548,0.746519,1632.2031,6.3355e+08
0.070548,0.748608,1635.0099,6.3768e+08
0.070548,0.750695,1637.8116,6.4176e+08
0.070548,0.752780,1640.6068,6.4575e+08
0.070548,0.754864,1643.3970,6.4969e+08
0.070548,0.756166,1645.1380,6.5213e+08
0.070548,0.757237,1646.5700,6.5410e+08
0.070548,0.759318,1649.3497,6.5791e+08
0.070548,0.761397,1652.1234,6.6162e+08
0.070548,0.763476,1654.8929,6.6527e+08
0.070548,0.765553,1657.6581,6.6887e+08
0.070548,0.767556,1660.3207,6.7224e+08
0.070548,0.768526,1661.6105,6.7386e+08
0.070548,0.769993,1663.5575,6.7626e+08
0.070548,0.772067,1666.3084,6.7959e+08
0.070548,0.774140,1669.0558,6.8286e+08
0.070548,0.776213,1671.7985,6.8602e+08
0.070548,0.778284,1674.5374,6.8910e+08
0.070548,0.780089,1676.9216,6.9172e+08
0.070548,0.780961,1678.0716,6.9295e+08
0.070548,0.782713,1680.3831,6.9540e+08
0.070548,0.784780,1683.1079,6.9820e+08
0.070548,0.786846,1685.8275,7.0088e+08
0.070548,0.788910,1688.5422,7.0348e+08
0.070548,0.790973,1691.2519,7.0598e+08
0.070548,0.792514,1693.2757,7.0777e+08
0.070548,0.793447,1694.4995,7.0885e+08
0.070548,0.795378,1697.0312,7.1096e+08
0.070548,0.797435,1699.7248,7.1311e+08
0.070548,0.799489,1702.4137,7.1517e+08
0.070548,0.801542,1705.0977,7.1711e+08
0.070548,0.803593,1707.7768,7.1892e+08
0.070548,0.804839,1709.4030,7.1996e+08
0.070548,0.805955,1710.8593,7.2086e+08
0.070548,0.807975,1713.4934,7.2239e+08
0.070548,0.810021,1716.1588,7.2383e+08
0.070548,0.812066,1718.8200,7.2515e+08
0.070548,0.814109,1721.4771,7.2633e+08
0.070548,0.816130,1724.1028,7.2735e+08
0.070548,0.817102,1725.3657,7.2781e+08
0.070548,0.818476,1727.1488,7.2839e+08
0.070548,0.820515,1729.7943,7.2914e+08
0.070548,0.822553,1732.4364,7.2976e+08
0.070548,0.824590,1735.0755,7.3024e+08
0.070548,0.826627,1737.7117,7.3057e+08
0.070548,0.828589,1740.2493,7.3073e+08
0.070548,0.829363,1741.2496,7.3076e+08
0.070548,0.830982,1743.3423,7.3075e+08
0.070548,0.833017,1745.9703,7.3058e+08
0.070548,0.835052,1748.5964,7.3026e+08
0.070548,0.837086,1751.2208,7.2979e+08
0.070548,0.839121,1753.8439,7.2915e+08
0.070548,0.841020,1756.2903,7.2839e+08
0.070548,0.841630,1757.0760,7.2807e+08
0.070548,0.843476,1759.4513,7.2713e+08
0.070548,0.845512,1762.0723,7.2601e+08
0.070548,0.847550,1764.6919,7.2457e+08
0.070548,0.849588,1767.3131,7.2312e+08
0.070548,0.851629,1769.9337,7.2128e+08
0.070548,0.853436,1772.2554,7.1965e+08
0.070548,0.853955,1772.9221,7.1916e+08
0.070548,0.856000,1775.5464,7.1701e+08
0.070548,0.858047,1778.1726,7.1465e+08
0.070548,0.860097,1780.8014,7.1208e+08
0.070548,0.862150,1783.4331,7.0930e+08
0.070548,0.864206,1786.0685,7.0630e+08
0.070548,0.865832,1788.1519,7.0376e+08
0.070548,0.866554,1789.0766,7.0259e+08
0.070548,0.868620,1791.7221,6.9910e+08
0.070548,0.870690,1794.3730,6.9538e+08
0.070548,0.872766,1797.0299,6.9141e+08
0.070548,0.874847,1799.6934,6.8720e+08
0.070548,0.876934,1802.3643,6.8274e+08
0.070548,0.878139,1803.9063,6.8004e+08
0.070548,0.879321,1805.4186,6.7734e+08
0.070548,0.881424,1808.1083,6.7227e+08
0.070548,0.883533,1810.8072,6.6689e+08
0.070548,0.885651,1813.5160,6.6129e+08
0.070548,0.887776,1816.2353,6.5543e+08
0.070548,0.889790,1818.8117,6.4952e+08
0.070548,0.890583,1819.8260,6.4717e+08
0.070548,0.892355,1822.0936,6.4172e+08
0.070548,0.894509,1824.8506,6.3489e+08
0.070548,0.896673,1827.6202,6.2761e+08
0.070548,0.898846,1830.4026,6.2006e+08
0.070548,0.901006,1833.1702,6.1229e+08
0.070548,0.902519,1835.1091,6.0657e+08
0.070548,0.903529,1836.4027,6.0275e+08
0.070548,0.905734,1839.2295,5.9404e+08
0.070548,0.907948,1842.0703,5.8498e+08
0.070548,0.910172,1844.9256,5.7557e+08
0.070548,0.912407,1847.7962,5.6578e+08
0.070548,0.914344,1850.2861,5.5696e+08
0.070548,0.915199,1851.3860,5.5301e+08
0.070548,0.917226,1853.9942,5.4340e+08
0.070548,0.919495,1856.9177,5.3228e+08
0.070548,0.921775,1859.8577,5.2074e+08
0.070548,0.924064,1862.8128,5.0879e+08
0.070548,0.926162,1865.5263,4.9750e+08
0.070548,0.927219,1866.8930,4.9172e+08
0.070548,0.928986,1869.1828,4.8184e+08
0.070548,0.931297,1872.1813,4.6857e+08
0.070548,0.933615,1875.1941,4.5486e+08
0.070548,0.935939,1878.2213,4.4074e+08
0.070548,0.938133,1881.0853,4.2706e+08
0.070548,0.939318,1882.6347,4.1955e+08
0.070548,0.940932,1884.7475,4.0915e+08
0.070548,0.943274,1887.8234,3.9370e+08
0.070548,0.945623,1890.9156,3.7788e+08
0.070548,0.947977,1894.0262,3.6163e+08
0.070548,0.950234,1897.0181,3.4574e+08
0.070548,0.951473,1898.6661,3.3687e+08
0.070548,0.953033,1900.7467,3.2558e+08
0.070548,0.955406,1903.9229,3.0814e+08
0.070548,0.957784,1907.1225,2.9036e+08
0.070548,0.960167,1910.3478,2.7225e+08
0.070548,0.962471,1913.4859,2.5450e+08
0.070548,0.963669,1915.1253,2.4519e+08
0.070548,0.965290,1917.3561,2.3250e+08
0.070548,0.967693,1920.6866,2.1355e+08
0.070548,0.970104,1924.0605,1.9441e+08
0.070548,0.972521,1927.4841,1.7513e+08
0.070548,0.974871,1930.8551,1.5639e+08
0.070548,0.975895,1932.3408,1.4824e+08
0.070548,0.977715,1935.0070,1.3382e+08
0.070548,0.980153,1938.6407,1.1469e+08
0.070548,0.982596,1942.3702,9.5883e+07
0.070548,0.985043,1946.2193,7.7562e+07
0.070548,0.987443,1950.1439,6.0309e+07
0.070548,0.988135,1951.3097,5.5500e+07
0.070548,0.990285,1955.0652,4.1178e+07
0.070548,0.992732,1959.6641,2.6313e+07
0.070548,0.995169,1964.8185,1.3637e+07
0.070548,0.997594,1971.0212,4.2194e+06
0.070548,1.000000,1980.0643,3.5403e+02
